id_producto,sku,category,size,color,stock
1,AN201-RED-L,AN : LEGGINGS,L,Red,5.0
2,AN201-RED-M,AN : LEGGINGS,M,Red,5.0
3,AN201-RED-S,AN : LEGGINGS,S,Red,3.0
4,AN201-RED-XL,AN : LEGGINGS,XL,Red,6.0
5,AN201-RED-XXL,AN : LEGGINGS,XXL,Red,3.0
6,AN202-ORANGE-L,AN : LEGGINGS,L,Orange,11.0
7,AN202-ORANGE-M,AN : LEGGINGS,M,Orange,3.0
8,AN202-ORANGE-S,AN : LEGGINGS,S,Orange,16.0
9,AN202-ORANGE-XL,AN : LEGGINGS,XL,Orange,8.0
10,AN202-ORANGE-XXL,AN : LEGGINGS,XXL,Orange,14.0
11,AN203-MAROON-L,AN : LEGGINGS,L,Maroon,1.0
12,AN203-MAROON-M,AN : LEGGINGS,M,Maroon,2.0
13,AN203-MAROON-S,AN : LEGGINGS,S,Maroon,2.0
14,AN203-MAROON-XL,AN : LEGGINGS,XL,Maroon,2.0
15,AN203-MAROON-XXL,AN : LEGGINGS,XXL,Maroon,3.0
16,AN204-PURPLE-L,AN : LEGGINGS,L,Purple,10.0
17,AN204-PURPLE-M,AN : LEGGINGS,M,Purple,4.0
18,AN204-PURPLE-S,AN : LEGGINGS,S,Purple,6.0
19,AN204-PURPLE-XL,AN : LEGGINGS,XL,Purple,3.0
20,AN204-PURPLE-XXL,AN : LEGGINGS,XXL,Purple,5.0
21,AN205-YELLOW-L,AN : LEGGINGS,L,Yellow,9.0
22,AN205-YELLOW-M,AN : LEGGINGS,M,Yellow,7.0
23,AN205-YELLOW-S,AN : LEGGINGS,S,Yellow,6.0
24,AN205-YELLOW-XL,AN : LEGGINGS,XL,Yellow,7.0
25,AN205-YELLOW-XXL,AN : LEGGINGS,XXL,Yellow,13.0
26,AN206-GREEN-L,AN : LEGGINGS,L,Green,10.0
27,AN206-GREEN-M,AN : LEGGINGS,M,Green,13.0
28,AN206-GREEN-S,AN : LEGGINGS,S,Green,13.0
29,AN206-GREEN-XL,AN : LEGGINGS,XL,Green,15.0
30,AN206-GREEN-XXL,AN : LEGGINGS,XXL,Green,13.0
31,AN207-PINK-L,AN : LEGGINGS,L,Pink,4.0
32,AN207-PINK-M,AN : LEGGINGS,M,Pink,2.0
33,AN207-PINK-S,AN : LEGGINGS,S,Pink,4.0
34,AN207-PINK-XL,AN : LEGGINGS,XL,Pink,1.0
35,AN207-PINK-XXL,AN : LEGGINGS,XXL,Pink,2.0
36,AN209-BIEGE-L,AN : LEGGINGS,L,Beige,4.0
37,AN209-BIEGE-M,AN : LEGGINGS,M,Beige,7.0
38,AN209-BIEGE-S,AN : LEGGINGS,S,Beige,4.0
39,AN209-BIEGE-XL,AN : LEGGINGS,XL,Beige,3.0
40,AN209-BIEGE-XXL,AN : LEGGINGS,XXL,Beige,3.0
41,AN210-NAVY-L,AN : LEGGINGS,L,Navy Blue,5.0
42,AN210-NAVY-M,AN : LEGGINGS,M,Navy Blue,3.0
43,AN210-NAVY-S,AN : LEGGINGS,S,Navy Blue,4.0
44,AN210-NAVY-XL,AN : LEGGINGS,XL,Navy Blue,2.0
45,AN210-NAVY-XXL,AN : LEGGINGS,XXL,Navy Blue,2.0
46,AN211-BLACK-L,AN : LEGGINGS,L,Black,2.0
47,AN211-BLACK-M,AN : LEGGINGS,M,Black,1.0
48,AN211-BLACK-S,AN : LEGGINGS,S,Black,7.0
49,AN211-BLACK-XL,AN : LEGGINGS,XL,Black,3.0
50,AN211-BLACK-XXL,AN : LEGGINGS,XXL,Black,3.0
51,AN212-WHITE-L,AN : LEGGINGS,L,White,11.0
52,AN212-WHITE-M,AN : LEGGINGS,M,White,8.0
53,AN212-WHITE-S,AN : LEGGINGS,S,White,13.0
54,AN212-WHITE-XL,AN : LEGGINGS,XL,White,21.0
55,AN212-WHITE-XXL,AN : LEGGINGS,XXL,White,12.0
56,AN213-BROWN-L,AN : LEGGINGS,L,Brown,2.0
57,AN213-BROWN-M,AN : LEGGINGS,M,Brown,7.0
58,AN213-BROWN-S,AN : LEGGINGS,S,Brown,8.0
59,AN213-BROWN-XL,AN : LEGGINGS,XL,Brown,6.0
60,AN213-BROWN-XXL,AN : LEGGINGS,XXL,Brown,8.0
61,BL001-50PINK,BLOUSE,FREE,Pink,33.0
62,BL003-50BLACK,BLOUSE,FREE,Black,117.0
63,BL004-50CHIKU,BLOUSE,FREE,Beige,38.0
64,BL005-54RED,BLOUSE,FREE,Red,16.0
65,BL006-54BLACK,BLOUSE,FREE,Black,112.0
66,#REF!,BLOUSE,FREE,Black,0.0
67,BL007-61PINK,BLOUSE,FREE,Pink,56.0
68,BL008-61RED,BLOUSE,FREE,Red,35.0
69,#REF!,BLOUSE,FREE,Red,0.0
70,BL009-61BLACK,BLOUSE,FREE,Black,575.0
71,BL010-61CHIKU,BLOUSE,FREE,Beige,75.0
72,BL011-62PINK,BLOUSE,FREE,Pink,22.0
73,BL013-62BLACK,BLOUSE,FREE,Black,399.0
74,BL014-62CHIKU,BLOUSE,FREE,Beige,73.0
75,BL015-63PINK,BLOUSE,FREE,Pink,14.0
76,BL016-63RED,BLOUSE,FREE,Red,24.0
77,BL017-63BLACK,BLOUSE,FREE,Black,208.0
78,BL018-63BEIGE,BLOUSE,FREE,Beige,39.0
79,BL019-71PINK,BLOUSE,FREE,Pink,76.0
80,#REF!,BLOUSE,FREE,Pink,0.0
81,BL020-71RED,BLOUSE,FREE,Red,38.0
82,BL021-71BLACK,BLOUSE,FREE,Black,628.0
83,#REF!,BLOUSE,FREE,Black,1.0
84,BL022-71BEIGE,BLOUSE,FREE,Beige,106.0
85,#REF!,BLOUSE,FREE,Beige,0.0
86,BL023-74PINK,BLOUSE,FREE,Pink,50.0
87,BL024-74RED,BLOUSE,FREE,Red,103.0
88,BL025-74BLACK,BLOUSE,FREE,Black,199.0
89,BL026-74BEIGE,BLOUSE,FREE,Beige,98.0
90,BL029-78BLACK,BLOUSE,FREE,Black,201.0
91,BL030-78BEIGE,BLOUSE,FREE,Beige,10.0
92,BL031-79PINK,BLOUSE,FREE,Pink,8.0
93,BL034-150GOLD,BLOUSE,FREE,Gold,31.0
94,BL035-161GOLD,BLOUSE,FREE,Gold,448.0
95,#REF!,BLOUSE,FREE,Gold,0.0
96,BL036-176GOLD,BLOUSE,FREE,Gold,45.0
97,BL040-65PINK,BLOUSE,FREE,Pink,31.0
98,BL041-65RED,BLOUSE,FREE,Red,30.0
99,BL046-82RED,BLOUSE,FREE,Red,23.0
100,BL050-83RED,BLOUSE,FREE,Red,63.0
101,BL051-83BLACK,BLOUSE,FREE,Black,42.0
102,BL053-153GOLD,BLOUSE,FREE,Gold,20.0
103,BL055-164GOLD,BLOUSE,FREE,Gold,68.0
104,BL056-185GOLD,BLOUSE,FREE,Gold,23.0
105,BL057-65BLACK,BLOUSE,FREE,Black,114.0
106,BL058-65BEIGE,BLOUSE,FREE,Beige,20.0
107,BL060-75RED,BLOUSE,FREE,Red,49.0
108,BL061-75BLACK,BLOUSE,FREE,Black,488.0
109,BL073-85BLACK,BLOUSE,FREE,Black,48.0
110,BL074-85RED,BLOUSE,FREE,Red,17.0
111,BL075-85CHIKU,BLOUSE,FREE,Chiku,7.0
112,BL076-86BLACK,BLOUSE,FREE,Black,21.0
113,BL077-86RED,BLOUSE,FREE,Red,8.0
114,BL078-87BLACK,BLOUSE,FREE,Black,18.0
115,BL079-87RED,BLOUSE,FREE,Red,12.0
116,BL080-88BLACK,BLOUSE,FREE,Black,12.0
117,BL081-88PINK,BLOUSE,FREE,Pink,30.0
118,BL082-88CHIKU,BLOUSE,FREE,Beige,9.0
119,BL083-186GOLD,BLOUSE,FREE,Gold,16.0
120,BL084-187GOLD,BLOUSE,FREE,Gold,11.0
121,BL085-L,BLOUSE,L,Orange,24.0
122,BL085-M,BLOUSE,M,Orange,15.0
123,BL085-S,BLOUSE,S,Orange,12.0
124,BL085-XL,BLOUSE,XL,Orange,13.0
125,BL085-XS,BLOUSE,XS,Orange,6.0
126,BL085-XXL,BLOUSE,XXL,Orange,11.0
127,,BLOUSE,FREE,Blue,1.0
128,BL086-L,BLOUSE,L,Blue,4.0
129,BL086-M,BLOUSE,M,Blue,5.0
130,BL086-S,BLOUSE,S,Blue,2.0
131,BL086-XL,BLOUSE,XL,Blue,5.0
132,BL086-XS,BLOUSE,XS,Blue,8.0
133,BL086-XXL,BLOUSE,XXL,Blue,3.0
134,,BLOUSE,FREE,Multicolor,0.0
135,BL087-L,BLOUSE,L,Multicolor,48.0
136,BL087-M,BLOUSE,M,Multicolor,89.0
137,BL087-S,BLOUSE,S,Multicolor,11.0
138,BL087-XL,BLOUSE,XL,Multicolor,5.0
139,BL087-XS,BLOUSE,XS,Multicolor,18.0
140,BL087-XXL,BLOUSE,XXL,Multicolor,86.0
141,BL089-L,BLOUSE,L,Multicolor,4.0
142,BL089-M,BLOUSE,M,Multicolor,4.0
143,BL089-S,BLOUSE,S,Multicolor,3.0
144,BL089-XL,BLOUSE,XL,Multicolor,8.0
145,BL089-XS,BLOUSE,XS,Multicolor,4.0
146,BL089-XXL,BLOUSE,XXL,Multicolor,7.0
147,BL090-L,BLOUSE,L,Peach,30.0
148,BL090-M,BLOUSE,M,Peach,44.0
149,BL090-S,BLOUSE,S,Peach,11.0
150,BL090-XL,BLOUSE,XL,Peach,16.0
151,BL090-XS,BLOUSE,XS,Peach,29.0
152,BL090-XXL,BLOUSE,XXL,Peach,19.0
153,BL091-L,BLOUSE,L,Multicolor,4.0
154,BL091-M,BLOUSE,M,Multicolor,4.0
155,BL091-S,BLOUSE,S,Multicolor,7.0
156,BL091-XL,BLOUSE,XL,Multicolor,3.0
157,BL091-XS,BLOUSE,XS,Multicolor,7.0
158,BL091-XXL,BLOUSE,XXL,Multicolor,3.0
159,BL092-L,BLOUSE,L,Blue,20.0
160,BL092-M,BLOUSE,M,Blue,22.0
161,BL092-S,BLOUSE,S,Blue,13.0
162,BL092-XL,BLOUSE,XL,Blue,27.0
163,BL092-XS,BLOUSE,XS,Blue,17.0
164,BL092-XXL,BLOUSE,XXL,Blue,25.0
165,BL093-L,BLOUSE,L,Grey,2.0
166,BL093-M,BLOUSE,M,Grey,2.0
167,BL093-S,BLOUSE,S,Grey,11.0
168,BL093-XL,BLOUSE,XL,Grey,4.0
169,BL093-XS,BLOUSE,XS,Grey,4.0
170,BL093-XXL,BLOUSE,XXL,Grey,3.0
171,BL095-L,BLOUSE,L,Multicolor,51.0
172,BL095-M,BLOUSE,M,Multicolor,34.0
173,BL095-S,BLOUSE,S,Multicolor,51.0
174,BL095-XL,BLOUSE,XL,Multicolor,26.0
175,BL095-XS,BLOUSE,XS,Multicolor,59.0
176,BL095-XXL,BLOUSE,XXL,Multicolor,32.0
177,BL096-L,BLOUSE,L,Beige,2.0
178,BL096-M,BLOUSE,M,Beige,2.0
179,BL096-S,BLOUSE,S,Beige,8.0
180,BL096-XL,BLOUSE,XL,Beige,2.0
181,BL096-XS,BLOUSE,XS,Beige,8.0
182,BL096-XXL,BLOUSE,XXL,Beige,2.0
183,BL097-L,BLOUSE,L,Maroon,42.0
184,BL097-M,BLOUSE,M,Maroon,25.0
185,BL097-S,BLOUSE,S,Maroon,39.0
186,BL097-XL,BLOUSE,XL,Maroon,11.0
187,BL097-XS,BLOUSE,XS,Maroon,9.0
188,BL097-XXL,BLOUSE,XXL,Maroon,35.0
189,,BLOUSE,XXXL,Maroon,1.0
190,,BLOUSE,FREE,Brown,2.0
191,BL098-L,BLOUSE,L,Brown,25.0
192,BL098-M,BLOUSE,M,Brown,31.0
193,BL098-S,BLOUSE,S,Brown,39.0
194,BL098-XL,BLOUSE,XL,Brown,34.0
195,BL098-XS,BLOUSE,XS,Brown,31.0
196,BL098-XXL,BLOUSE,XXL,Brown,27.0
197,BL099-L,BLOUSE,L,Black,5.0
198,BL099-M,BLOUSE,M,Black,6.0
199,BL099-S,BLOUSE,S,Black,9.0
200,BL099-XL,BLOUSE,XL,Black,6.0
201,BL099-XS,BLOUSE,XS,Black,12.0
202,BL099-XXL,BLOUSE,XXL,Black,4.0
203,BL100-L,BLOUSE,L,Green,4.0
204,BL100-M,BLOUSE,M,Green,5.0
205,BL100-S,BLOUSE,S,Green,6.0
206,BL100-XL,BLOUSE,XL,Green,8.0
207,BL100-XS,BLOUSE,XS,Green,9.0
208,BL100-XXL,BLOUSE,XXL,Green,5.0
209,BL101-L,BLOUSE,L,Grey,2.0
210,BL101-M,BLOUSE,M,Grey,3.0
211,BL101-S,BLOUSE,S,Grey,8.0
212,BL101-XL,BLOUSE,XL,Grey,4.0
213,BL101-XS,BLOUSE,XS,Grey,6.0
214,BL101-XXL,BLOUSE,XXL,Grey,2.0
215,,BLOUSE,FREE,Navy Blue,1.0
216,BL102-L,BLOUSE,L,Navy Blue,7.0
217,BL102-M,BLOUSE,M,Navy Blue,5.0
218,BL102-S,BLOUSE,S,Navy Blue,16.0
219,BL102-XL,BLOUSE,XL,Navy Blue,19.0
220,BL102-XS,BLOUSE,XS,Navy Blue,16.0
221,BL102-XXL,BLOUSE,XXL,Navy Blue,6.0
222,BL103-L,BLOUSE,L,Maroon,7.0
223,BL103-M,BLOUSE,M,Maroon,3.0
224,BL103-S,BLOUSE,S,Maroon,29.0
225,BL103-XL,BLOUSE,XL,Maroon,8.0
226,BL103-XS,BLOUSE,XS,Maroon,27.0
227,BL103-XXL,BLOUSE,XXL,Maroon,4.0
228,BL104-L,BLOUSE,L,Black,32.0
229,BL104-M,BLOUSE,M,Black,49.0
230,BL104-S,BLOUSE,S,Black,14.0
231,BL104-XL,BLOUSE,XL,Black,20.0
232,BL104-XS,BLOUSE,XS,Black,29.0
233,BL104-XXL,BLOUSE,XXL,Black,26.0
234,BL107-L,BLOUSE,L,White,2.0
235,BL107-M,BLOUSE,M,White,2.0
236,BL107-S,BLOUSE,S,White,15.0
237,BL107-XL,BLOUSE,XL,White,3.0
238,BL107-XS,BLOUSE,XS,White,6.0
239,BL107-XXL,BLOUSE,XXL,White,4.0
240,,BLOUSE,FREE,Gold,2.0
241,BL109-L,BLOUSE,L,Gold,23.0
242,BL109-M,BLOUSE,M,Gold,37.0
243,BL109-S,BLOUSE,S,Gold,34.0
244,BL109-XL,BLOUSE,XL,Gold,17.0
245,BL109-XS,BLOUSE,XS,Gold,15.0
246,BL109-XXL,BLOUSE,XXL,Gold,9.0
247,BL110-L,BLOUSE,L,Red,8.0
248,BL110-M,BLOUSE,M,Red,7.0
249,BL110-S,BLOUSE,S,Red,18.0
250,BL110-XL,BLOUSE,XL,Red,8.0
251,BL110-XS,BLOUSE,XS,Red,16.0
252,BL110-XXL,BLOUSE,XXL,Red,5.0
253,BL111-L,BLOUSE,L,Black,9.0
254,BL111-M,BLOUSE,M,Black,6.0
255,BL111-S,BLOUSE,S,Black,11.0
256,BL111-XL,BLOUSE,XL,Black,4.0
257,BL111-XS,BLOUSE,XS,Black,13.0
258,BL111-XXL,BLOUSE,XXL,Black,2.0
259,BL113-L,BLOUSE,L,Maroon,4.0
260,BL113-M,BLOUSE,M,Maroon,3.0
261,BL113-S,BLOUSE,S,Maroon,11.0
262,BL113-XL,BLOUSE,XL,Maroon,8.0
263,BL113-XS,BLOUSE,XS,Maroon,27.0
264,BL113-XXL,BLOUSE,XXL,Maroon,7.0
265,,BLOUSE,XXXL,Maroon,0.0
266,BL0115-S,BLOUSE,S,Olive,2.0
267,BTM002-L,PANT,L,White,61.0
268,BTM002-M,PANT,M,White,40.0
269,BTM002-S,PANT,S,White,85.0
270,BTM002-XL,PANT,XL,White,22.0
271,BTM002-XS,PANT,XS,White,158.0
272,BTM002-XXL,PANT,XXL,White,158.0
273,BTM002-XXXL,PANT,XXXL,White,194.0
274,BTM003-L,PANT,L,Maroon,32.0
275,BTM003-M,PANT,M,Maroon,25.0
276,BTM003-S,PANT,S,Maroon,35.0
277,BTM003-XL,PANT,XL,Maroon,24.0
278,BTM003-XS,PANT,XS,Maroon,40.0
279,BTM003-XXL,PANT,XXL,Maroon,4.0
280,BTM003-XXXL,PANT,XXXL,Maroon,4.0
281,BTM004-L,BOTTOM,L,White,1.0
282,BTM004-S,BOTTOM,S,White,2.0
283,BTM004-XL,BOTTOM,XL,White,3.0
284,BTM004-XS,BOTTOM,XS,White,0.0
285,BTM004-XXL,BOTTOM,XXL,White,2.0
286,BTM004-XXXL,BOTTOM,XXXL,White,3.0
287,BTM005-L,PANT,L,Black,398.0
288,BTM005-M,PANT,M,Black,250.0
289,BTM005-S,PANT,S,Black,347.0
290,BTM005-XL,PANT,XL,Black,75.0
291,BTM005-XS,PANT,XS,Black,88.0
292,BTM005-XXL,PANT,XXL,Black,21.0
293,BTM005-XXXL,PANT,XXXL,Black,59.0
294,BTM006-L,BOTTOM,L,Green,2.0
295,BTM006-M,BOTTOM,M,Green,2.0
296,BTM006-S,BOTTOM,S,Green,1.0
297,BTM006-XL,BOTTOM,XL,Green,3.0
298,BTM006-XS,BOTTOM,XS,Green,3.0
299,BTM006-XXL,BOTTOM,XXL,Green,3.0
300,BTM006-XXXL,BOTTOM,XXXL,Green,4.0
301,BTM007-L,BOTTOM,L,Beige,2.0
302,BTM007-M,BOTTOM,M,Beige,1.0
303,BTM007-S,BOTTOM,S,Beige,2.0
304,BTM007-XL,BOTTOM,XL,Beige,3.0
305,BTM007-XS,BOTTOM,XS,Beige,2.0
306,BTM007-XXL,BOTTOM,XXL,Beige,2.0
307,BTM008-L,PANT,L,Grey,6.0
308,BTM008-M,PANT,M,Grey,1.0
309,BTM008-S,PANT,S,Grey,5.0
310,BTM008-XL,PANT,XL,Grey,10.0
311,BTM008-XS,PANT,XS,Grey,21.0
312,BTM008-XXL,PANT,XXL,Grey,6.0
313,BTM008-XXXL,PANT,XXXL,Grey,15.0
314,BTM021-L,PANT,L,Navy Blue,136.0
315,BTM021-M,PANT,M,Navy Blue,63.0
316,BTM021-S,PANT,S,Navy Blue,134.0
317,BTM021-XL,PANT,XL,Navy Blue,176.0
318,BTM021-XS,PANT,XS,Navy Blue,41.0
319,BTM021-XXL,PANT,XXL,Navy Blue,92.0
320,BTM021-XXXL,PANT,XXXL,Navy Blue,102.0
321,BTM026-NP-L,PANT,L,Red,1.0
322,BTM026-NP-M,PANT,M,Red,6.0
323,BTM026-NP-S,PANT,S,Red,6.0
324,BTM026-NP-XL,PANT,XL,Red,0.0
325,BTM026-NP-XS,PANT,XS,Red,23.0
326,BTM026-NP-XXL,PANT,XXL,Red,0.0
327,BTM026-NP-XXXL,PANT,XXXL,Red,3.0
328,BTM027-NP-L,PANT,L,Green,14.0
329,BTM027-NP-M,PANT,M,Green,14.0
330,BTM027-NP-S,PANT,S,Green,37.0
331,BTM027-NP-XL,PANT,XL,Green,8.0
332,BTM027-NP-XS,PANT,XS,Green,25.0
333,BTM027-NP-XXL,PANT,XXL,Green,25.0
334,BTM027-NP-XXXL,PANT,XXXL,Green,16.0
335,BTM029-NP-L,PANT,L,Beige,2.0
336,BTM029-NP-M,PANT,M,Beige,4.0
337,BTM029-NP-S,PANT,S,Beige,1.0
338,BTM029-NP-XL,PANT,XL,Beige,2.0
339,BTM029-NP-XS,PANT,XS,Beige,2.0
340,BTM029-NP-XXL,PANT,XXL,Beige,0.0
341,BTM029-NP-XXXL,PANT,XXXL,Beige,1.0
342,BTM030-NP-L,PANT,L,Dark Green,0.0
343,BTM030-NP-M,PANT,M,Dark Green,1.0
344,BTM030-NP-S,PANT,S,Dark Green,8.0
345,BTM030-NP-XL,PANT,XL,Dark Green,1.0
346,BTM030-NP-XS,PANT,XS,Dark Green,7.0
347,BTM030-NP-XXL,PANT,XXL,Dark Green,1.0
348,BTM030-NP-XXXL,PANT,XXXL,Dark Green,5.0
349,BTM031-NP-L,PANT,L,Brown,43.0
350,BTM031-NP-M,PANT,M,Brown,6.0
351,BTM031-NP-S,PANT,S,Brown,56.0
352,BTM031-NP-XL,PANT,XL,Brown,13.0
353,BTM031-NP-XS,PANT,XS,Brown,20.0
354,BTM031-NP-XXL,PANT,XXL,Brown,56.0
355,BTM031-NP-XXXL,PANT,XXXL,Brown,50.0
356,BTM032-NP-L,PANT,L,Pink,1.0
357,BTM032-NP-M,PANT,M,Pink,1.0
358,BTM032-NP-S,PANT,S,Pink,2.0
359,BTM032-NP-XL,PANT,XL,Pink,1.0
360,BTM032-NP-XS,PANT,XS,Pink,5.0
361,BTM032-NP-XXL,PANT,XXL,Pink,3.0
362,BTM032-NP-XXXL,PANT,XXXL,Pink,1.0
363,BTM033-NP-L,PANT,L,Turquoise Blue,0.0
364,BTM033-NP-M,PANT,M,Turquoise Blue,1.0
365,BTM033-NP-S,PANT,S,Turquoise Blue,1.0
366,BTM033-NP-XL,PANT,XL,Turquoise Blue,1.0
367,BTM033-NP-XS,PANT,XS,Turquoise Blue,5.0
368,BTM033-NP-XXL,PANT,XXL,Turquoise Blue,3.0
369,BTM033-NP-XXXL,PANT,XXXL,Turquoise Blue,2.0
370,BTM035-NP-L,PANT,L,Mustard,0.0
371,BTM035-NP-M,PANT,M,Mustard,0.0
372,BTM035-NP-S,PANT,S,Mustard,4.0
373,BTM035-NP-XL,PANT,XL,Mustard,1.0
374,BTM035-NP-XS,PANT,XS,Mustard,12.0
375,BTM035-NP-XXL,PANT,XXL,Mustard,3.0
376,BTM035-NP-XXXL,PANT,XXXL,Mustard,4.0
377,BTM036-PP-L,PALAZZO,L,Red,3.0
378,BTM036-PP-M,PALAZZO,M,Red,10.0
379,BTM036-PP-S,PALAZZO,S,Red,8.0
380,BTM036-PP-XL,PALAZZO,XL,Red,6.0
381,BTM036-PP-XS,PALAZZO,XS,Red,33.0
382,BTM036-PP-XXL,PALAZZO,XXL,Red,3.0
383,BTM036-PP-XXXL,PALAZZO,XXXL,Red,6.0
384,BTM037-PP-L,PALAZZO,L,Teal,2.0
385,BTM037-PP-M,PALAZZO,M,Teal,4.0
386,BTM037-PP-S,PALAZZO,S,Teal,7.0
387,BTM037-PP-XL,PALAZZO,XL,Teal,3.0
388,BTM037-PP-XS,PALAZZO,XS,Teal,21.0
389,BTM037-PP-XXL,PALAZZO,XXL,Teal,3.0
390,BTM037-PP-XXXL,PALAZZO,XXXL,Teal,3.0
391,BTM038-PP-L,PALAZZO,L,Black,3.0
392,BTM038-PP-M,PALAZZO,M,Black,2.0
393,BTM038-PP-S,PALAZZO,S,Black,6.0
394,BTM038-PP-XL,PALAZZO,XL,Black,2.0
395,BTM038-PP-XS,PALAZZO,XS,Black,30.0
396,BTM038-PP-XXL,PALAZZO,XXL,Black,3.0
397,BTM038-PP-XXXL,PALAZZO,XXXL,Black,1.0
398,BTM039-PP-L,PALAZZO,L,White,2.0
399,BTM039-PP-M,PALAZZO,M,White,2.0
400,BTM039-PP-S,PALAZZO,S,White,4.0
401,BTM039-PP-XL,PALAZZO,XL,White,2.0
402,BTM039-PP-XS,PALAZZO,XS,White,11.0
403,BTM039-PP-XXL,PALAZZO,XXL,White,2.0
404,BTM039-PP-XXXL,PALAZZO,XXXL,White,4.0
405,BTM040-PP-L,PALAZZO,L,Brown,2.0
406,BTM040-PP-M,PALAZZO,M,Brown,4.0
407,BTM040-PP-S,PALAZZO,S,Brown,36.0
408,BTM040-PP-XL,PALAZZO,XL,Brown,3.0
409,BTM040-PP-XS,PALAZZO,XS,Brown,35.0
410,BTM040-PP-XXL,PALAZZO,XXL,Brown,4.0
411,BTM040-PP-XXXL,PALAZZO,XXXL,Brown,2.0
412,BTM041-PP-L,PALAZZO,L,Grey,6.0
413,BTM041-PP-M,PALAZZO,M,Grey,5.0
414,BTM041-PP-S,PALAZZO,S,Grey,51.0
415,BTM041-PP-XL,PALAZZO,XL,Grey,7.0
416,BTM041-PP-XS,PALAZZO,XS,Grey,50.0
417,BTM041-PP-XXL,PALAZZO,XXL,Grey,7.0
418,BTM041-PP-XXXL,PALAZZO,XXXL,Grey,7.0
419,BTM042-PP-L,PALAZZO,L,Mustard,3.0
420,BTM042-PP-M,PALAZZO,M,Mustard,3.0
421,BTM042-PP-S,PALAZZO,S,Mustard,29.0
422,BTM042-PP-XL,PALAZZO,XL,Mustard,3.0
423,BTM042-PP-XS,PALAZZO,XS,Mustard,55.0
424,BTM042-PP-XXL,PALAZZO,XXL,Mustard,6.0
425,BTM042-PP-XXXL,PALAZZO,XXXL,Mustard,3.0
426,BTM043-PP-L,PALAZZO,L,Khaki,2.0
427,BTM043-PP-M,PALAZZO,M,Khaki,2.0
428,BTM043-PP-S,PALAZZO,S,Khaki,4.0
429,BTM043-PP-XL,PALAZZO,XL,Khaki,3.0
430,BTM043-PP-XS,PALAZZO,XS,Khaki,8.0
431,BTM043-PP-XXL,PALAZZO,XXL,Khaki,3.0
432,BTM043-PP-XXXL,PALAZZO,XXXL,Khaki,3.0
433,BTM044-PP-L,PALAZZO,L,Maroon,2.0
434,BTM044-PP-M,PALAZZO,M,Maroon,3.0
435,BTM044-PP-S,PALAZZO,S,Maroon,5.0
436,BTM044-PP-XL,PALAZZO,XL,Maroon,2.0
437,BTM044-PP-XS,PALAZZO,XS,Maroon,55.0
438,BTM044-PP-XXL,PALAZZO,XXL,Maroon,3.0
439,BTM044-PP-XXXL,PALAZZO,XXXL,Maroon,5.0
440,BTM045-PP-L,PALAZZO,L,Olive Green,4.0
441,BTM045-PP-M,PALAZZO,M,Olive Green,3.0
442,BTM045-PP-S,PALAZZO,S,Olive Green,34.0
443,BTM045-PP-XL,PALAZZO,XL,Olive Green,4.0
444,BTM045-PP-XS,PALAZZO,XS,Olive Green,26.0
445,BTM045-PP-XXL,PALAZZO,XXL,Olive Green,24.0
446,BTM045-PP-XXXL,PALAZZO,XXXL,Olive Green,6.0
447,BTM046-PP-L,PALAZZO,L,Navy Blue,3.0
448,BTM046-PP-M,PALAZZO,M,Navy Blue,10.0
449,BTM046-PP-S,PALAZZO,S,Navy Blue,29.0
450,BTM046-PP-XL,PALAZZO,XL,Navy Blue,3.0
451,BTM046-PP-XS,PALAZZO,XS,Navy Blue,27.0
452,BTM046-PP-XXL,PALAZZO,XXL,Navy Blue,2.0
453,BTM046-PP-XXXL,PALAZZO,XXXL,Navy Blue,3.0
454,BTM047-PP-L,PALAZZO,L,Pink,3.0
455,BTM047-PP-M,PALAZZO,M,Pink,10.0
456,BTM047-PP-S,PALAZZO,S,Pink,15.0
457,BTM047-PP-XL,PALAZZO,XL,Pink,6.0
458,BTM047-PP-XS,PALAZZO,XS,Pink,32.0
459,BTM047-PP-XXL,PALAZZO,XXL,Pink,11.0
460,BTM047-PP-XXXL,PALAZZO,XXXL,Pink,4.0
461,BTM048-PP-L,PALAZZO,L,Green,3.0
462,BTM048-PP-M,PALAZZO,M,Green,3.0
463,BTM048-PP-S,PALAZZO,S,Green,6.0
464,BTM048-PP-XL,PALAZZO,XL,Green,2.0
465,BTM048-PP-XS,PALAZZO,XS,Green,51.0
466,BTM048-PP-XXL,PALAZZO,XXL,Green,16.0
467,BTM048-PP-XXXL,PALAZZO,XXXL,Green,16.0
468,BTM049-SHA-L,SHARARA,L,TEAL BLUE ,19.0
469,BTM049-SHA-M,SHARARA,M,TEAL BLUE ,22.0
470,BTM049-SHA-S,SHARARA,S,TEAL BLUE ,29.0
471,BTM049-SHA-XL,SHARARA,XL,TEAL BLUE ,25.0
472,BTM049-SHA-XXL,SHARARA,XXL,TEAL BLUE ,28.0
473,BTM050-SHA-L,SHARARA,L,Cream,20.0
474,BTM050-SHA-M,SHARARA,M,Cream,25.0
475,BTM050-SHA-S,SHARARA,S,Cream,26.0
476,BTM050-SHA-XL,SHARARA,XL,Cream,23.0
477,BTM050-SHA-XXL,SHARARA,XXL,Cream,25.0
478,BTM051-SHA-L,SHARARA,L,Black,28.0
479,BTM051-SHA-M,SHARARA,M,Black,30.0
480,BTM051-SHA-S,SHARARA,S,Black,34.0
481,BTM051-SHA-XL,SHARARA,XL,Black,32.0
482,BTM051-SHA-XXL,SHARARA,XXL,Black,35.0
483,BTM052-SHA-L,SHARARA,L,Pink,32.0
484,BTM052-SHA-M,SHARARA,M,Pink,27.0
485,BTM052-SHA-S,SHARARA,S,Pink,42.0
486,BTM052-SHA-XL,SHARARA,XL,Pink,37.0
487,BTM052-SHA-XXL,SHARARA,XXL,Pink,36.0
488,BTM053-SHA-L,SHARARA,L,Red,17.0
489,BTM053-SHA-M,SHARARA,M,Red,34.0
490,BTM053-SHA-S,SHARARA,S,Red,41.0
491,BTM053-SHA-XL,SHARARA,XL,Red,36.0
492,BTM053-SHA-XXL,SHARARA,XXL,Red,39.0
493,BTM054-SK-L,SKIRT,L,Black,31.0
494,BTM054-SK-M,SKIRT,M,Black,35.0
495,BTM054-SK-S,SKIRT,S,Black,37.0
496,BTM054-SK-XL,SKIRT,XL,Black,36.0
497,BTM054-SK-XXL,SKIRT,XXL,Black,38.0
498,BTM055-SK-L,SKIRT,L,OFF WHITE,31.0
499,BTM055-SK-M,SKIRT,M,OFF WHITE,33.0
500,BTM055-SK-S,SKIRT,S,OFF WHITE,36.0
501,BTM055-SK-XL,SKIRT,XL,OFF WHITE,36.0
502,BTM055-SK-XXL,SKIRT,XXL,OFF WHITE,36.0
503,BTM056-SHA-L,SHARARA,L,Black,21.0
504,BTM056-SHA-M,SHARARA,M,Black,31.0
505,BTM056-SHA-S,SHARARA,S,Black,32.0
506,BTM056-SHA-XL,SHARARA,XL,Black,31.0
507,BTM056-SHA-XXL,SHARARA,XXL,Black,31.0
508,BTM057-SHA-L,SHARARA,L,Navy Blue,30.0
509,BTM057-SHA-M,SHARARA,M,Navy Blue,30.0
510,BTM057-SHA-S,SHARARA,S,Navy Blue,31.0
511,BTM057-SHA-XL,SHARARA,XL,Navy Blue,33.0
512,BTM057-SHA-XXL,SHARARA,XXL,Navy Blue,31.0
513,BTM058-SHA-L,SHARARA,L,Cream,26.0
514,BTM058-SHA-M,SHARARA,M,Cream,28.0
515,BTM058-SHA-S,SHARARA,S,Cream,33.0
516,BTM058-SHA-XL,SHARARA,XL,Cream,30.0
517,BTM058-SHA-XXL,SHARARA,XXL,Cream,30.0
518,BTM059-SK-L,SKIRT,L,OFF WHITE,29.0
519,BTM059-SK-M,SKIRT,M,OFF WHITE,32.0
520,BTM059-SK-S,SKIRT,S,OFF WHITE,34.0
521,BTM059-SK-XL,SKIRT,XL,OFF WHITE,32.0
522,BTM059-SK-XXL,SKIRT,XXL,OFF WHITE,34.0
523,BTM060-SK-L,SKIRT,L,Black,33.0
524,BTM060-SK-M,SKIRT,M,Black,30.0
525,BTM060-SK-S,SKIRT,S,Black,34.0
526,BTM060-SK-XL,SKIRT,XL,Black,33.0
527,BTM060-SK-XXL,SKIRT,XXL,Black,33.0
528,CH201-RED-L,AN : LEGGINGS,L,Red,3.0
529,CH201-RED-M,AN : LEGGINGS,M,Red,3.0
530,CH201-RED-S,AN : LEGGINGS,S,Red,6.0
531,CH201-RED-XL,AN : LEGGINGS,XL,Red,4.0
532,CH201-RED-XXL,AN : LEGGINGS,XXL,Red,2.0
533,CH202-ORANGE-L,AN : LEGGINGS,L,Orange,3.0
534,CH202-ORANGE-M,AN : LEGGINGS,M,Orange,8.0
535,CH202-ORANGE-S,AN : LEGGINGS,S,Orange,7.0
536,CH202-ORANGE-XL,AN : LEGGINGS,XL,Orange,5.0
537,CH202-ORANGE-XXL,AN : LEGGINGS,XXL,Orange,3.0
538,,AN : LEGGINGS,FREE,Maroon,0.0
539,CH203-MAROON-L,AN : LEGGINGS,L,Maroon,6.0
540,CH203-MAROON-M,AN : LEGGINGS,M,Maroon,4.0
541,CH203-MAROON-S,AN : LEGGINGS,S,Maroon,2.0
542,CH203-MAROON-XL,AN : LEGGINGS,XL,Maroon,3.0
543,CH203-MAROON-XXL,AN : LEGGINGS,XXL,Maroon,2.0
544,CH204-PURPLE-L,AN : LEGGINGS,L,Purple,3.0
545,CH204-PURPLE-M,AN : LEGGINGS,M,Purple,3.0
546,CH204-PURPLE-S,AN : LEGGINGS,S,Purple,5.0
547,CH204-PURPLE-XL,AN : LEGGINGS,XL,Purple,2.0
548,CH204-PURPLE-XXL,AN : LEGGINGS,XXL,Purple,2.0
549,CH205-YELLOW-L,AN : LEGGINGS,L,Yellow,3.0
550,CH205-YELLOW-M,AN : LEGGINGS,M,Yellow,4.0
551,CH205-YELLOW-S,AN : LEGGINGS,S,Yellow,12.0
552,CH205-YELLOW-XL,AN : LEGGINGS,XL,Yellow,5.0
553,CH205-YELLOW-XXL,AN : LEGGINGS,XXL,Yellow,2.0
554,CH206-GREEN-L,AN : LEGGINGS,L,Green,5.0
555,CH206-GREEN-M,AN : LEGGINGS,M,Green,6.0
556,CH206-GREEN-S,AN : LEGGINGS,S,Green,10.0
557,CH206-GREEN-XL,AN : LEGGINGS,XL,Green,5.0
558,CH206-GREEN-XXL,AN : LEGGINGS,XXL,Green,2.0
559,CH207-PINK-L,AN : LEGGINGS,L,Pink,3.0
560,CH207-PINK-M,AN : LEGGINGS,M,Pink,3.0
561,CH207-PINK-S,AN : LEGGINGS,S,Pink,5.0
562,CH207-PINK-XL,AN : LEGGINGS,XL,Pink,2.0
563,CH207-PINK-XXL,AN : LEGGINGS,XXL,Pink,2.0
564,CH208-MUSTARD-L,AN : LEGGINGS,L,Mustard,7.0
565,CH208-MUSTARD-M,AN : LEGGINGS,M,Mustard,13.0
566,CH208-MUSTARD-S,AN : LEGGINGS,S,Mustard,7.0
567,CH208-MUSTARD-XL,AN : LEGGINGS,XL,Mustard,4.0
568,CH208-MUSTARD-XXL,AN : LEGGINGS,XXL,Mustard,4.0
569,CH209-BIEGE-L,AN : LEGGINGS,L,Beige,3.0
570,CH209-BIEGE-M,AN : LEGGINGS,M,Beige,3.0
571,CH209-BIEGE-S,AN : LEGGINGS,S,Beige,4.0
572,CH209-BIEGE-XL,AN : LEGGINGS,XL,Beige,4.0
573,CH209-BIEGE-XXL,AN : LEGGINGS,XXL,Beige,2.0
574,CH210-NAVY-L,AN : LEGGINGS,L,Navy Blue,2.0
575,CH210-NAVY-M,AN : LEGGINGS,M,Navy Blue,4.0
576,CH210-NAVY-S,AN : LEGGINGS,S,Navy Blue,3.0
577,CH210-NAVY-XL,AN : LEGGINGS,XL,Navy Blue,2.0
578,CH210-NAVY-XXL,AN : LEGGINGS,XXL,Navy Blue,3.0
579,CH211-BLACK-L,AN : LEGGINGS,L,Black,2.0
580,CH211-BLACK-M,AN : LEGGINGS,M,Black,5.0
581,CH211-BLACK-S,AN : LEGGINGS,S,Black,3.0
582,CH211-BLACK-XL,AN : LEGGINGS,XL,Black,3.0
583,CH211-BLACK-XXL,AN : LEGGINGS,XXL,Black,1.0
584,CH212-WHITE-L,AN : LEGGINGS,L,White,2.0
585,CH212-WHITE-M,AN : LEGGINGS,M,White,2.0
586,CH212-WHITE-S,AN : LEGGINGS,S,White,2.0
587,CH212-WHITE-XL,AN : LEGGINGS,XL,White,2.0
588,CH212-WHITE-XXL,AN : LEGGINGS,XXL,White,1.0
589,CH213-BROWN-L,AN : LEGGINGS,L,Brown,4.0
590,CH213-BROWN-M,AN : LEGGINGS,M,Brown,4.0
591,CH213-BROWN-S,AN : LEGGINGS,S,Brown,4.0
592,CH213-BROWN-XL,AN : LEGGINGS,XL,Brown,3.0
593,CH213-BROWN-XXL,AN : LEGGINGS,XXL,Brown,3.0
594,J0001-DR-L,DRESS,L,Pink,2.0
595,J0001-DR-M,DRESS,M,Pink,19.0
596,J0001-DR-S,DRESS,S,Pink,9.0
597,J0001-DR-XL,DRESS,XL,Pink,26.0
598,J0001-DR-XS,DRESS,XS,Pink,42.0
599,J0001-DR-XXL,DRESS,XXL,Pink,20.0
600,J0001-DR-XXXL,DRESS,XXXL,Pink,14.0
601,J0002-SKD-L,KURTA SET,L,Peach,93.0
602,J0002-SKD-M,KURTA SET,M,Peach,82.0
603,J0002-SKD-S,KURTA SET,S,Peach,165.0
604,J0002-SKD-XL,KURTA SET,XL,Peach,62.0
605,J0002-SKD-XS,KURTA SET,XS,Peach,97.0
606,J0002-SKD-XXL,KURTA SET,XXL,Peach,73.0
607,J0002-SKD-XXXL,KURTA SET,XXXL,Peach,7.0
608,J0003-SET-L,KURTA SET,L,Mustard,3.0
609,J0003-SET-M,KURTA SET,M,Mustard,7.0
610,J0003-SET-S,KURTA SET,S,Mustard,9.0
611,J0003-SET-XL,KURTA SET,XL,Mustard,5.0
612,J0003-SET-XS,KURTA SET,XS,Mustard,13.0
613,J0003-SET-XXL,KURTA SET,XXL,Mustard,3.0
614,J0003-SET-XXXL,KURTA SET,XXXL,Mustard,9.0
615,J0004-SKD-L,KURTA SET,L,Grey,57.0
616,J0004-SKD-M,KURTA SET,M,Grey,61.0
617,J0004-SKD-S,KURTA SET,S,Grey,58.0
618,J0004-SKD-XL,KURTA SET,XL,Grey,18.0
619,J0004-SKD-XS,KURTA SET,XS,Grey,53.0
620,J0004-SKD-XXL,KURTA SET,XXL,Grey,11.0
621,J0004-SKD-XXXL,KURTA SET,XXXL,Grey,33.0
622,J0005-DR-L,DRESS,L,Light Green,20.0
623,J0005-DR-M,DRESS,M,Light Green,49.0
624,J0005-DR-S,DRESS,S,Light Green,29.0
625,J0005-DR-XL,DRESS,XL,Light Green,31.0
626,J0005-DR-XS,DRESS,XS,Light Green,45.0
627,J0005-DR-XXL,DRESS,XXL,Light Green,30.0
628,J0005-DR-XXXL,DRESS,XXXL,Light Green,73.0
629,J0006-SET-L,DRESS,L,Mustard,132.0
630,J0006-SET-M,DRESS,M,Mustard,86.0
631,J0006-SET-S,DRESS,S,Mustard,51.0
632,J0006-SET-XL,DRESS,XL,Mustard,23.0
633,J0006-SET-XS,DRESS,XS,Mustard,149.0
634,J0006-SET-XXL,DRESS,XXL,Mustard,35.0
635,J0006-SET-XXXL,DRESS,XXXL,Mustard,33.0
636,J0007-SKD-L,KURTA SET,L,Red,11.0
637,J0007-SKD-M,KURTA SET,M,Red,6.0
638,J0007-SKD-S,KURTA SET,S,Red,31.0
639,J0007-SKD-XL,KURTA SET,XL,Red,13.0
640,J0007-SKD-XS,KURTA SET,XS,Red,89.0
641,J0007-SKD-XXL,KURTA SET,XXL,Red,19.0
642,J0007-SKD-XXXL,KURTA SET,XXXL,Red,45.0
643,J0008-SKD-L,KURTA SET,L,Mustard,89.0
644,J0008-SKD-M,KURTA SET,M,Mustard,29.0
645,J0008-SKD-S,KURTA SET,S,Mustard,171.0
646,J0008-SKD-XL,KURTA SET,XL,Mustard,318.0
647,J0008-SKD-XS,KURTA SET,XS,Mustard,161.0
648,J0008-SKD-XXL,KURTA SET,XXL,Mustard,28.0
649,J0008-SKD-XXXL,KURTA SET,XXXL,Mustard,51.0
650,J0009-SKD-L,KURTA SET,L,Pink,30.0
651,J0009-SKD-M,KURTA SET,M,Pink,88.0
652,J0009-SKD-S,KURTA SET,S,Pink,44.0
653,J0009-SKD-XL,KURTA SET,XL,Pink,34.0
654,J0009-SKD-XS,KURTA SET,XS,Pink,64.0
655,J0009-SKD-XXL,KURTA SET,XXL,Pink,13.0
656,J0009-SKD-XXXL,KURTA SET,XXXL,Pink,26.0
657,J0010-LCD-L,LEHENGA CHOLI,L,Peach,11.0
658,J0010-LCD-M,LEHENGA CHOLI,M,Peach,3.0
659,J0010-LCD-S,LEHENGA CHOLI,S,Peach,14.0
660,J0010-LCD-XL,LEHENGA CHOLI,XL,Peach,10.0
661,J0010-LCD-XS,LEHENGA CHOLI,XS,Peach,7.0
662,J0010-LCD-XXL,LEHENGA CHOLI,XXL,Peach,37.0
663,J0010-LCD-XXXL,LEHENGA CHOLI,XXXL,Peach,45.0
664,J0011-LCD-L,LEHENGA CHOLI,L,Pink,71.0
665,J0011-LCD-M,LEHENGA CHOLI,M,Pink,13.0
666,J0011-LCD-S,LEHENGA CHOLI,S,Pink,9.0
667,J0011-LCD-XL,LEHENGA CHOLI,XL,Pink,3.0
668,J0011-LCD-XS,LEHENGA CHOLI,XS,Pink,7.0
669,J0011-LCD-XXL,LEHENGA CHOLI,XXL,Pink,41.0
670,J0011-LCD-XXXL,LEHENGA CHOLI,XXXL,Pink,29.0
671,J0012-SKD-L,KURTA SET,L,Green,10.0
672,J0012-SKD-M,KURTA SET,M,Green,57.0
673,J0012-SKD-S,KURTA SET,S,Green,136.0
674,J0012-SKD-XL,KURTA SET,XL,Green,25.0
675,J0012-SKD-XS,KURTA SET,XS,Green,93.0
676,J0012-SKD-XXL,KURTA SET,XXL,Green,22.0
677,J0012-SKD-XXXL,KURTA SET,XXXL,Green,69.0
678,J0013-SKD-L,KURTA SET,L,Light Green,7.0
679,J0013-SKD-M,KURTA SET,M,Light Green,4.0
680,J0013-SKD-S,KURTA SET,S,Light Green,8.0
681,J0013-SKD-XL,KURTA SET,XL,Light Green,4.0
682,J0013-SKD-XS,KURTA SET,XS,Light Green,17.0
683,J0013-SKD-XXL,KURTA SET,XXL,Light Green,5.0
684,J0013-SKD-XXXL,KURTA SET,XXXL,Light Green,6.0
685,J0014-LCD-L,LEHENGA CHOLI,L,Mustard,28.0
686,J0014-LCD-M,LEHENGA CHOLI,M,Mustard,4.0
687,J0014-LCD-S,LEHENGA CHOLI,S,Mustard,70.0
688,J0014-LCD-XL,LEHENGA CHOLI,XL,Mustard,27.0
689,J0014-LCD-XS,LEHENGA CHOLI,XS,Mustard,17.0
690,J0014-LCD-XXL,LEHENGA CHOLI,XXL,Mustard,29.0
691,J0014-LCD-XXXL,LEHENGA CHOLI,XXXL,Mustard,72.0
692,J0015-DR-L,DRESS,L,Light Pink,0.0
693,J0015-DR-M,DRESS,M,Light Pink,1.0
694,J0015-DR-S,DRESS,S,Light Pink,3.0
695,J0015-DR-XL,DRESS,XL,Light Pink,2.0
696,J0015-DR-XS,DRESS,XS,Light Pink,4.0
697,J0015-DR-XXL,DRESS,XXL,Light Pink,0.0
698,J0015-DR-XXXL,DRESS,XXXL,Light Pink,0.0
699,J0016-DR-L,DRESS,L,Mustard,2.0
700,J0016-DR-M,DRESS,M,Mustard,2.0
701,J0016-DR-S,DRESS,S,Mustard,2.0
702,J0016-DR-XL,DRESS,XL,Mustard,1.0
703,J0016-DR-XS,DRESS,XS,Mustard,2.0
704,J0016-DR-XXL,DRESS,XXL,Mustard,2.0
705,J0016-DR-XXXL,DRESS,XXXL,Mustard,1.0
706,J0019-SET-L,SET,L,Red,0.0
707,J0019-SET-M,SET,M,Red,0.0
708,J0019-SET-S,SET,S,Red,4.0
709,J0019-SET-XS,SET,XS,Red,9.0
710,J0019-SET-XXL,SET,XXL,Red,1.0
711,J0019-SET-XXXL,SET,XXXL,Red,1.0
712,J0020-SET-L,SET,L,Yellow,2.0
713,J0020-SET-M,SET,M,Yellow,3.0
714,J0020-SET-S,SET,S,Yellow,4.0
715,J0020-SET-XL,SET,XL,Yellow,3.0
716,J0020-SET-XS,SET,XS,Yellow,11.0
717,J0020-SET-XXL,SET,XXL,Yellow,3.0
718,J0020-SET-XXXL,SET,XXXL,Yellow,3.0
719,J0021-TP-L,TOP,L,Red,0.0
720,J0021-TP-M,TOP,M,Red,1.0
721,J0021-TP-S,TOP,S,Red,1.0
722,J0021-TP-XL,TOP,XL,Red,0.0
723,J0021-TP-XS,TOP,XS,Red,3.0
724,J0021-TP-XXL,TOP,XXL,Red,1.0
725,J0021-TP-XXXL,TOP,XXXL,Red,1.0
726,J0022-KR-L,KURTA,L,Lemon Yellow,2.0
727,J0022-KR-S,KURTA,S,Lemon Yellow,1.0
728,J0022-KR-XS,KURTA,XS,Lemon Yellow,2.0
729,J0022-KR-XXXL,KURTA,XXXL,Lemon Yellow,2.0
730,J0023-TP-L,TOP,L,Turquoise Blue,4.0
731,J0023-TP-M,TOP,M,Turquoise Blue,2.0
732,J0023-TP-S,TOP,S,Turquoise Blue,6.0
733,J0023-TP-XL,TOP,XL,Turquoise Blue,3.0
734,J0023-TP-XS,TOP,XS,Turquoise Blue,4.0
735,J0023-TP-XXL,TOP,XXL,Turquoise Blue,6.0
736,J0023-TP-XXXL,TOP,XXXL,Turquoise Blue,1.0
737,J0024-KR-L,KURTA,L,Sea Green,135.0
738,J0024-KR-M,KURTA,M,Sea Green,94.0
739,J0024-KR-S,KURTA,S,Sea Green,176.0
740,J0024-KR-XL,KURTA,XL,Sea Green,83.0
741,J0024-KR-XS,KURTA,XS,Sea Green,151.0
742,J0024-KR-XXL,KURTA,XXL,Sea Green,92.0
743,J0024-KR-XXXL,KURTA,XXXL,Sea Green,63.0
744,J0025-DR-L,DRESS,L,Sea Green,1.0
745,J0025-DR-M,DRESS,M,Sea Green,0.0
746,J0025-DR-S,DRESS,S,Sea Green,4.0
747,J0025-DR-XL,DRESS,XL,Sea Green,0.0
748,J0025-DR-XS,DRESS,XS,Sea Green,7.0
749,J0025-DR-XXL,DRESS,XXL,Sea Green,3.0
750,J0025-DR-XXXL,DRESS,XXXL,Sea Green,4.0
751,J0026-KR-L,KURTA,L,Turquoise Green,1.0
752,J0026-KR-M,KURTA,M,Turquoise Green,1.0
753,J0026-KR-S,KURTA,S,Turquoise Green,0.0
754,J0026-KR-XL,KURTA,XL,Turquoise Green,0.0
755,J0026-KR-XS,KURTA,XS,Turquoise Green,3.0
756,J0026-KR-XXL,KURTA,XXL,Turquoise Green,1.0
757,J0026-KR-XXXL,KURTA,XXXL,Turquoise Green,0.0
758,J0027-SET-L,SET,L,Turquoise Green,0.0
759,J0027-SET-M,SET,M,Turquoise Green,0.0
760,J0027-SET-S,SET,S,Turquoise Green,0.0
761,J0027-SET-XL,SET,XL,Turquoise Green,1.0
762,J0027-SET-XS,SET,XS,Turquoise Green,0.0
763,J0027-SET-XXL,SET,XXL,Turquoise Green,0.0
764,J0027-SET-XXXL,SET,XXXL,Turquoise Green,0.0
765,J0028-KR-L,KURTA,L,Red,2.0
766,J0028-KR-M,KURTA,M,Red,0.0
767,J0028-KR-S,KURTA,S,Red,1.0
768,J0028-KR-XL,KURTA,XL,Red,1.0
769,J0028-KR-XS,KURTA,XS,Red,4.0
770,J0028-KR-XXL,KURTA,XXL,Red,1.0
771,J0028-KR-XXXL,KURTA,XXXL,Red,1.0
772,J0029-KR-S,KURTA,S,Pink,1.0
773,J0029-KR-XS,KURTA,XS,Pink,0.0
774,J0029-KR-XXL,KURTA,XXL,Pink,0.0
775,J0029-KR-XXXL,KURTA,XXXL,Pink,1.0
776,J0030-TP-L,TOP,L,Dark Green,1.0
777,J0030-TP-M,TOP,M,Dark Green,1.0
778,J0030-TP-S,TOP,S,Dark Green,0.0
779,J0030-TP-XS,TOP,XS,Dark Green,0.0
780,J0030-TP-XXL,TOP,XXL,Dark Green,0.0
781,J0030-TP-XXXL,TOP,XXXL,Dark Green,1.0
782,J0031-TP-XS,TOP,XS,Turquoise Green,0.0
783,J0033-KR-L,KURTA,L,LEMON ,0.0
784,J0033-KR-M,KURTA,M,LEMON ,4.0
785,J0033-KR-S,KURTA,S,LEMON ,9.0
786,J0033-KR-XL,KURTA,XL,LEMON ,3.0
787,J0033-KR-XS,KURTA,XS,LEMON ,9.0
788,J0033-KR-XXL,KURTA,XXL,LEMON ,3.0
789,J0033-KR-XXXL,KURTA,XXXL,LEMON ,4.0
790,J0034-SET-L,KURTA SET,L,LEMON,2.0
791,J0034-SET-M,KURTA SET,M,LEMON,47.0
792,J0034-SET-S,KURTA SET,S,LEMON,34.0
793,J0034-SET-XL,KURTA SET,XL,LEMON,3.0
794,J0034-SET-XS,KURTA SET,XS,LEMON,56.0
795,J0034-SET-XXL,KURTA SET,XXL,LEMON,4.0
796,J0034-SET-XXXL,KURTA SET,XXXL,LEMON,4.0
797,J0035-KR-M,KURTA,M,Lemon Yellow,2.0
798,J0035-KR-S,KURTA,S,Lemon Yellow,5.0
799,J0035-KR-XL,KURTA,XL,Lemon Yellow,2.0
800,J0035-KR-XS,KURTA,XS,Lemon Yellow,6.0
801,J0035-KR-XXXL,KURTA,XXXL,Lemon Yellow,2.0
802,J0036-TP-L,TOP,L,Grey,0.0
803,J0036-TP-M,TOP,M,Grey,1.0
804,J0036-TP-S,TOP,S,Grey,2.0
805,J0036-TP-XL,TOP,XL,Grey,1.0
806,J0036-TP-XS,TOP,XS,Grey,3.0
807,J0036-TP-XXL,TOP,XXL,Grey,1.0
808,J0036-TP-XXXL,TOP,XXXL,Grey,0.0
809,J0037-KR-L,KURTA,L,Sky Blue,5.0
810,J0037-KR-M,KURTA,M,Sky Blue,5.0
811,J0037-KR-S,KURTA,S,Sky Blue,9.0
812,J0037-KR-XL,KURTA,XL,Sky Blue,2.0
813,J0037-KR-XS,KURTA,XS,Sky Blue,27.0
814,J0037-KR-XXL,KURTA,XXL,Sky Blue,7.0
815,J0037-KR-XXXL,KURTA,XXXL,Sky Blue,5.0
816,J0038-DR-L,DRESS,L,Peach,1.0
817,J0038-DR-M,DRESS,M,Peach,1.0
818,J0038-DR-S,DRESS,S,Peach,2.0
819,J0038-DR-XL,DRESS,XL,Peach,1.0
820,J0038-DR-XS,DRESS,XS,Peach,7.0
821,J0038-DR-XXL,DRESS,XXL,Peach,1.0
822,J0038-DR-XXXL,DRESS,XXXL,Peach,2.0
823,J0039-SET-L,SET,L,Yellow,2.0
824,J0039-SET-M,SET,M,Yellow,1.0
825,J0039-SET-S,SET,S,Yellow,0.0
826,J0039-SET-XL,SET,XL,Yellow,3.0
827,J0039-SET-XS,SET,XS,Yellow,4.0
828,J0039-SET-XXL,SET,XXL,Yellow,0.0
829,J0039-SET-XXXL,SET,XXXL,Yellow,0.0
830,J0040-SET-L,SET,L,Light Green,1.0
831,J0040-SET-M,SET,M,Light Green,1.0
832,J0040-SET-S,SET,S,Light Green,0.0
833,J0040-SET-XL,SET,XL,Light Green,2.0
834,J0040-SET-XS,SET,XS,Light Green,4.0
835,J0040-SET-XXL,SET,XXL,Light Green,0.0
836,J0040-SET-XXXL,SET,XXXL,Light Green,3.0
837,J0041-SET-L,KURTA SET,L,Light Green,5.0
838,J0041-SET-M,KURTA SET,M,Light Green,2.0
839,J0041-SET-S,KURTA SET,S,Light Green,3.0
840,J0041-SET-XL,KURTA SET,XL,Light Green,7.0
841,J0041-SET-XS,KURTA SET,XS,Light Green,3.0
842,J0041-SET-XXL,KURTA SET,XXL,Light Green,3.0
843,J0041-SET-XXXL,KURTA SET,XXXL,Light Green,3.0
844,J0042-DR-L,DRESS,L,Turquoise Blue,2.0
845,J0042-DR-M,DRESS,M,Turquoise Blue,0.0
846,J0042-DR-S,DRESS,S,Turquoise Blue,2.0
847,J0042-DR-XL,DRESS,XL,Turquoise Blue,1.0
848,J0042-DR-XS,DRESS,XS,Turquoise Blue,4.0
849,J0042-DR-XXL,DRESS,XXL,Turquoise Blue,1.0
850,J0042-DR-XXXL,DRESS,XXXL,Turquoise Blue,2.0
851,J0043-SET-L,KURTA SET,L,Peach,1.0
852,J0043-SET-M,KURTA SET,M,Peach,0.0
853,J0043-SET-S,KURTA SET,S,Peach,2.0
854,J0043-SET-XL,KURTA SET,XL,Peach,2.0
855,J0043-SET-XS,KURTA SET,XS,Peach,4.0
856,J0043-SET-XXL,KURTA SET,XXL,Peach,0.0
857,J0043-SET-XXXL,KURTA SET,XXXL,Peach,0.0
858,J0044-TP-L,TOP,L,Sky Blue,1.0
859,J0044-TP-M,TOP,M,Sky Blue,0.0
860,J0044-TP-S,TOP,S,Sky Blue,3.0
861,J0044-TP-XL,TOP,XL,Sky Blue,0.0
862,J0044-TP-XS,TOP,XS,Sky Blue,2.0
863,J0044-TP-XXL,TOP,XXL,Sky Blue,0.0
864,J0044-TP-XXXL,TOP,XXXL,Sky Blue,0.0
865,J0046-TP-L,TOP,L,Grey,2.0
866,J0046-TP-M,TOP,M,Grey,1.0
867,J0046-TP-S,TOP,S,Grey,1.0
868,J0046-TP-XL,TOP,XL,Grey,0.0
869,J0046-TP-XS,TOP,XS,Grey,2.0
870,J0046-TP-XXL,TOP,XXL,Grey,1.0
871,J0046-TP-XXXL,TOP,XXXL,Grey,1.0
872,J0047-TP-L,TOP,L,Pink,1.0
873,J0047-TP-M,TOP,M,Pink,2.0
874,J0047-TP-S,TOP,S,Pink,1.0
875,J0047-TP-XL,TOP,XL,Pink,2.0
876,J0047-TP-XS,TOP,XS,Pink,4.0
877,J0047-TP-XXL,TOP,XXL,Pink,3.0
878,J0047-TP-XXXL,TOP,XXXL,Pink,2.0
879,J0048-TP-L,TOP,L,LIME GREEN,2.0
880,J0048-TP-M,TOP,M,LIME GREEN,3.0
881,J0048-TP-S,TOP,S,LIME GREEN,6.0
882,J0048-TP-XL,TOP,XL,LIME GREEN,1.0
883,J0048-TP-XS,TOP,XS,LIME GREEN,5.0
884,J0048-TP-XXL,TOP,XXL,LIME GREEN,3.0
885,J0048-TP-XXXL,TOP,XXXL,LIME GREEN,1.0
886,J0049-TP-L,TOP,L,Beige,2.0
887,J0049-TP-M,TOP,M,Beige,4.0
888,J0049-TP-S,TOP,S,Beige,4.0
889,J0049-TP-XL,TOP,XL,Beige,4.0
890,J0049-TP-XS,TOP,XS,Beige,8.0
891,J0049-TP-XXL,TOP,XXL,Beige,2.0
892,J0049-TP-XXXL,TOP,XXXL,Beige,2.0
893,,,S,,0.0
894,,,XL,,0.0
895,,,XS,,0.0
896,,,XXL,,0.0
897,J0057-DR-L,DRESS,L,Green,2.0
898,J0057-DR-M,DRESS,M,Green,2.0
899,J0057-DR-S,DRESS,S,Green,4.0
900,J0057-DR-XL,DRESS,XL,Green,2.0
901,J0057-DR-XS,DRESS,XS,Green,18.0
902,J0057-DR-XXL,DRESS,XXL,Green,2.0
903,J0057-DR-XXXL,DRESS,XXXL,Green,2.0
904,J0058-DR-L,DRESS,L,Blue,2.0
905,J0058-DR-M,DRESS,M,Blue,2.0
906,J0058-DR-S,DRESS,S,Blue,3.0
907,J0058-DR-XL,DRESS,XL,Blue,1.0
908,J0058-DR-XS,DRESS,XS,Blue,0.0
909,J0058-DR-XXL,DRESS,XXL,Blue,1.0
910,J0061-SET-M,SET,M,Mustard,0.0
911,J0061-SET-S,SET,S,Mustard,1.0
912,J0061-SET-XL,SET,XL,Mustard,2.0
913,J0061-SET-XS,SET,XS,Mustard,2.0
914,J0061-SET-XXL,SET,XXL,Mustard,1.0
915,J0061-SET-XXXL,SET,XXXL,Mustard,4.0
916,J0062-DR-L,DRESS,L,Multicolor,2.0
917,J0062-DR-M,DRESS,M,Multicolor,4.0
918,J0062-DR-S,DRESS,S,Multicolor,1.0
919,J0062-DR-XL,DRESS,XL,Multicolor,2.0
920,J0062-DR-XS,DRESS,XS,Multicolor,6.0
921,J0062-DR-XXL,DRESS,XXL,Multicolor,4.0
922,J0062-DR-XXXL,DRESS,XXXL,Multicolor,3.0
923,J0070-KR-L,KURTA,L,Light Green,1.0
924,J0070-KR-M,KURTA,M,Light Green,1.0
925,J0070-KR-S,KURTA,S,Light Green,0.0
926,J0070-KR-XL,KURTA,XL,Light Green,0.0
927,J0070-KR-XS,KURTA,XS,Light Green,2.0
928,J0070-KR-XXL,KURTA,XXL,Light Green,1.0
929,J0070-KR-XXXL,KURTA,XXXL,Light Green,0.0
930,,,XXXL,,0.0
931,J0072-KR-S,KURTA,S,Mustard,1.0
932,J0072-KR-XL,KURTA,XL,Mustard,1.0
933,J0072-KR-XS,KURTA,XS,Mustard,0.0
934,J0072-KR-XXL,KURTA,XXL,Mustard,1.0
935,J0072-KR-XXXL,KURTA,XXXL,Mustard,2.0
936,J0073-KR-L,KURTA,L,Light Blue,3.0
937,J0073-KR-M,KURTA,M,Light Blue,1.0
938,J0073-KR-S,KURTA,S,Light Blue,2.0
939,J0073-KR-XL,KURTA,XL,Light Blue,0.0
940,J0073-KR-XS,KURTA,XS,Light Blue,3.0
941,J0073-KR-XXL,KURTA,XXL,Light Blue,2.0
942,J0073-KR-XXXL,KURTA,XXXL,Light Blue,4.0
943,J0074-TP-L,TOP,L,Dark Blue,1.0
944,J0074-TP-M,TOP,M,Dark Blue,0.0
945,J0074-TP-S,TOP,S,Dark Blue,0.0
946,J0074-TP-XL,TOP,XL,Dark Blue,0.0
947,J0074-TP-XXL,TOP,XXL,Dark Blue,0.0
948,J0074-TP-XXXL,TOP,XXXL,Dark Blue,1.0
949,J0075-KR-L,KURTA,L,Pink,1.0
950,J0075-KR-M,KURTA,M,Pink,1.0
951,J0075-KR-S,KURTA,S,Pink,1.0
952,J0075-KR-XL,KURTA,XL,Pink,1.0
953,J0075-KR-XS,KURTA,XS,Pink,0.0
954,J0075-KR-XXL,KURTA,XXL,Pink,0.0
955,J0075-KR-XXXL,KURTA,XXXL,Pink,1.0
956,J0076-SET-L,SET,L,Light Green,1.0
957,J0076-SET-M,SET,M,Light Green,3.0
958,J0076-SET-S,SET,S,Light Green,1.0
959,J0076-SET-XL,SET,XL,Light Green,0.0
960,J0076-SET-XS,SET,XS,Light Green,1.0
961,J0077-SKD-L,KURTA SET,L,Blue,3.0
962,J0077-SKD-M,KURTA SET,M,Blue,2.0
963,J0077-SKD-S,KURTA SET,S,Blue,7.0
964,J0077-SKD-XL,KURTA SET,XL,Blue,2.0
965,J0077-SKD-XS,KURTA SET,XS,Blue,8.0
966,J0077-SKD-XXL,KURTA SET,XXL,Blue,2.0
967,J0077-SKD-XXXL,KURTA SET,XXXL,Blue,2.0
968,J0078-SET-L,KURTA SET,L,Pink,0.0
969,J0078-SET-M,KURTA SET,M,Pink,3.0
970,J0078-SET-S,KURTA SET,S,Pink,21.0
971,J0078-SET-XL,KURTA SET,XL,Pink,5.0
972,J0078-SET-XS,KURTA SET,XS,Pink,17.0
973,J0078-SET-XXL,KURTA SET,XXL,Pink,30.0
974,J0078-SET-XXXL,KURTA SET,XXXL,Pink,6.0
975,J0079-SKD-L,KURTA SET,L,Pink,21.0
976,J0079-SKD-M,KURTA SET,M,Pink,36.0
977,J0079-SKD-S,KURTA SET,S,Pink,49.0
978,J0079-SKD-XL,KURTA SET,XL,Pink,45.0
979,J0079-SKD-XS,KURTA SET,XS,Pink,51.0
980,J0079-SKD-XXL,KURTA SET,XXL,Pink,53.0
981,J0079-SKD-XXXL,KURTA SET,XXXL,Pink,37.0
982,J0080-TP-L,TOP,L,White,0.0
983,J0080-TP-M,TOP,M,White,0.0
984,J0080-TP-S,TOP,S,White,2.0
985,J0080-TP-XL,TOP,XL,White,0.0
986,J0080-TP-XS,TOP,XS,White,2.0
987,J0080-TP-XXL,TOP,XXL,White,0.0
988,J0080-TP-XXXL,TOP,XXXL,White,0.0
989,J0081-DR-L,DRESS,L,Black,10.0
990,J0081-DR-M,DRESS,M,Black,8.0
991,J0081-DR-S,DRESS,S,Black,14.0
992,J0081-DR-XL,DRESS,XL,Black,4.0
993,J0081-DR-XS,DRESS,XS,Black,24.0
994,J0081-DR-XXL,DRESS,XXL,Black,3.0
995,J0081-DR-XXXL,DRESS,XXXL,Black,4.0
996,J0082-TP-L,CROP TOP,L,Black,3.0
997,J0082-TP-M,CROP TOP,M,Black,2.0
998,J0082-TP-S,CROP TOP,S,Black,8.0
999,J0082-TP-XL,CROP TOP,XL,Black,2.0
1000,J0082-TP-XS,CROP TOP,XS,Black,4.0
1001,J0082-TP-XXL,CROP TOP,XXL,Black,5.0
1002,J0082-TP-XXXL,CROP TOP,XXXL,Black,2.0
1003,J0083-KR-L,KURTA,L,Mustard,18.0
1004,J0083-KR-M,KURTA,M,Mustard,50.0
1005,J0083-KR-S,KURTA,S,Mustard,59.0
1006,J0083-KR-XL,KURTA,XL,Mustard,30.0
1007,J0083-KR-XS,KURTA,XS,Mustard,88.0
1008,J0083-KR-XXL,KURTA,XXL,Mustard,41.0
1009,J0083-KR-XXXL,KURTA,XXXL,Mustard,61.0
1010,J0084-TP-L,TOP,L,Blue,1.0
1011,J0084-TP-S,TOP,S,Blue,0.0
1012,J0084-TP-XL,TOP,XL,Blue,0.0
1013,J0084-TP-XS,TOP,XS,Blue,2.0
1014,J0084-TP-XXL,TOP,XXL,Blue,0.0
1015,J0084-TP-XXXL,TOP,XXXL,Blue,0.0
1016,J0085-TP-L,CROP TOP,L,Blue,3.0
1017,J0085-TP-M,CROP TOP,M,Blue,6.0
1018,J0085-TP-S,CROP TOP,S,Blue,8.0
1019,J0085-TP-XL,CROP TOP,XL,Blue,5.0
1020,J0085-TP-XS,CROP TOP,XS,Blue,5.0
1021,J0085-TP-XXL,CROP TOP,XXL,Blue,11.0
1022,J0085-TP-XXXL,CROP TOP,XXXL,Blue,4.0
1023,J0086-DR-L,DRESS,L,Light Green,0.0
1024,J0086-DR-M,DRESS,M,Light Green,0.0
1025,J0086-DR-S,DRESS,S,Light Green,0.0
1026,J0086-DR-XL,DRESS,XL,Light Green,1.0
1027,J0086-DR-XS,DRESS,XS,Light Green,0.0
1028,J0086-DR-XXL,DRESS,XXL,Light Green,1.0
1029,J0086-DR-XXXL,DRESS,XXXL,Light Green,1.0
1030,J0087-TP-L,CROP TOP,L,Light Green,21.0
1031,J0087-TP-M,CROP TOP,M,Light Green,14.0
1032,J0087-TP-S,CROP TOP,S,Light Green,28.0
1033,J0087-TP-XL,CROP TOP,XL,Light Green,21.0
1034,J0087-TP-XS,CROP TOP,XS,Light Green,45.0
1035,J0087-TP-XXL,CROP TOP,XXL,Light Green,21.0
1036,J0087-TP-XXXL,CROP TOP,XXXL,Light Green,29.0
1037,J0088-TP-L,CROP TOP,L,Pink,8.0
1038,J0088-TP-M,CROP TOP,M,Pink,3.0
1039,J0088-TP-S,CROP TOP,S,Pink,6.0
1040,J0088-TP-XL,CROP TOP,XL,Pink,5.0
1041,J0088-TP-XS,CROP TOP,XS,Pink,6.0
1042,J0088-TP-XXL,CROP TOP,XXL,Pink,5.0
1043,J0088-TP-XXXL,CROP TOP,XXXL,Pink,2.0
1044,J0089-TP-L,CROP TOP,L,Pink,2.0
1045,J0089-TP-M,CROP TOP,M,Pink,3.0
1046,J0089-TP-S,CROP TOP,S,Pink,5.0
1047,J0089-TP-XL,CROP TOP,XL,Pink,4.0
1048,J0089-TP-XS,CROP TOP,XS,Pink,5.0
1049,J0089-TP-XXL,CROP TOP,XXL,Pink,4.0
1050,J0089-TP-XXXL,CROP TOP,XXXL,Pink,6.0
1051,J0090-TP-L,TOP,L,Red,7.0
1052,J0090-TP-M,TOP,M,Red,1.0
1053,J0090-TP-S,TOP,S,Red,4.0
1054,J0090-TP-XL,TOP,XL,Red,11.0
1055,J0090-TP-XS,TOP,XS,Red,8.0
1056,J0090-TP-XXL,TOP,XXL,Red,24.0
1057,J0090-TP-XXXL,TOP,XXXL,Red,15.0
1058,J0091-TP-L,CROP TOP,L,Red,3.0
1059,J0091-TP-M,CROP TOP,M,Red,2.0
1060,J0091-TP-S,CROP TOP,S,Red,2.0
1061,J0091-TP-XL,CROP TOP,XL,Red,17.0
1062,J0091-TP-XS,CROP TOP,XS,Red,3.0
1063,J0091-TP-XXL,CROP TOP,XXL,Red,43.0
1064,J0091-TP-XXXL,CROP TOP,XXXL,Red,24.0
1065,J0092-SET-L,KURTA SET,L,Blue,5.0
1066,J0092-SET-M,KURTA SET,M,Blue,1.0
1067,J0092-SET-S,KURTA SET,S,Blue,0.0
1068,J0092-SET-XL,KURTA SET,XL,Blue,2.0
1069,J0092-SET-XS,KURTA SET,XS,Blue,1.0
1070,J0092-SET-XXL,KURTA SET,XXL,Blue,4.0
1071,J0092-SET-XXXL,KURTA SET,XXXL,Blue,2.0
1072,J0093-DR-L,DRESS,L,Blue,0.0
1073,J0093-DR-M,DRESS,M,Blue,0.0
1074,J0093-DR-S,DRESS,S,Blue,0.0
1075,J0093-DR-XL,DRESS,XL,Blue,1.0
1076,J0093-DR-XS,DRESS,XS,Blue,2.0
1077,J0093-DR-XXL,DRESS,XXL,Blue,0.0
1078,J0093-DR-XXXL,DRESS,XXXL,Blue,1.0
1079,J0094-KR-L,KURTA,L,Blue,4.0
1080,J0094-KR-M,KURTA,M,Blue,6.0
1081,J0094-KR-S,KURTA,S,Blue,12.0
1082,J0094-KR-XL,KURTA,XL,Blue,2.0
1083,J0094-KR-XS,KURTA,XS,Blue,11.0
1084,J0094-KR-XXL,KURTA,XXL,Blue,2.0
1085,J0094-KR-XXXL,KURTA,XXXL,Blue,1.0
1086,J0095-SET-L,KURTA SET,L,Blue,1.0
1087,J0095-SET-M,KURTA SET,M,Blue,9.0
1088,J0095-SET-S,KURTA SET,S,Blue,20.0
1089,J0095-SET-XL,KURTA SET,XL,Blue,2.0
1090,J0095-SET-XS,KURTA SET,XS,Blue,55.0
1091,J0095-SET-XXL,KURTA SET,XXL,Blue,0.0
1092,J0095-SET-XXXL,KURTA SET,XXXL,Blue,1.0
1093,,KURTA,4XL,Blue,1.0
1094,,KURTA,5XL,Blue,0.0
1095,,KURTA,6XL,Blue,0.0
1096,J0096-KR-L,KURTA,L,Blue,106.0
1097,J0096-KR-M,KURTA,M,Blue,75.0
1098,J0096-KR-S,KURTA,S,Blue,145.0
1099,J0096-KR-XL,KURTA,XL,Blue,27.0
1100,J0096-KR-XS,KURTA,XS,Blue,47.0
1101,J0096-KR-XXL,KURTA,XXL,Blue,90.0
1102,J0096-KR-XXXL,KURTA,XXXL,Blue,88.0
1103,J0097-KR-L,KURTA,L,Indigo,7.0
1104,J0097-KR-M,KURTA,M,Indigo,4.0
1105,J0097-KR-S,KURTA,S,Indigo,10.0
1106,J0097-KR-XL,KURTA,XL,Indigo,2.0
1107,J0097-KR-XS,KURTA,XS,Indigo,20.0
1108,J0097-KR-XXL,KURTA,XXL,Indigo,5.0
1109,J0097-KR-XXXL,KURTA,XXXL,Indigo,4.0
1110,J0098-TP-L,TOP,L,Mustard,1.0
1111,J0098-TP-M,TOP,M,Mustard,4.0
1112,J0098-TP-S,TOP,S,Mustard,1.0
1113,J0098-TP-XL,TOP,XL,Mustard,1.0
1114,J0098-TP-XS,TOP,XS,Mustard,7.0
1115,J0098-TP-XXL,TOP,XXL,Mustard,5.0
1116,J0098-TP-XXXL,TOP,XXXL,Mustard,3.0
1117,J0099-TP-M,TOP,M,Pink,1.0
1118,J0099-TP-S,TOP,S,Pink,1.0
1119,J0099-TP-XL,TOP,XL,Pink,2.0
1120,J0099-TP-XS,TOP,XS,Pink,1.0
1121,J0099-TP-XXL,TOP,XXL,Pink,0.0
1122,J0099-TP-XXXL,TOP,XXXL,Pink,2.0
1123,J0100-DR-L,DRESS,L,Green,44.0
1124,J0100-DR-M,DRESS,M,Green,39.0
1125,J0100-DR-S,DRESS,S,Green,58.0
1126,J0100-DR-XL,DRESS,XL,Green,46.0
1127,J0100-DR-XS,DRESS,XS,Green,50.0
1128,J0100-DR-XXL,DRESS,XXL,Green,51.0
1129,J0100-DR-XXXL,DRESS,XXXL,Green,42.0
1130,J0101-DR-L,DRESS,L,Light Green,1.0
1131,J0101-DR-M,DRESS,M,Light Green,3.0
1132,J0101-DR-S,DRESS,S,Light Green,8.0
1133,J0101-DR-XL,DRESS,XL,Light Green,3.0
1134,J0101-DR-XS,DRESS,XS,Light Green,32.0
1135,J0101-DR-XXL,DRESS,XXL,Light Green,9.0
1136,J0101-DR-XXXL,DRESS,XXXL,Light Green,5.0
1137,J0102-SKD-L,KURTA SET,L,Purple,35.0
1138,J0102-SKD-M,KURTA SET,M,Purple,58.0
1139,J0102-SKD-S,KURTA SET,S,Purple,39.0
1140,J0102-SKD-XL,KURTA SET,XL,Purple,40.0
1141,J0102-SKD-XS,KURTA SET,XS,Purple,19.0
1142,J0102-SKD-XXL,KURTA SET,XXL,Purple,8.0
1143,J0102-SKD-XXXL,KURTA SET,XXXL,Purple,36.0
1144,J0103-SKD-L,KURTA SET,L,Yellow,33.0
1145,J0103-SKD-M,KURTA SET,M,Yellow,44.0
1146,J0103-SKD-S,KURTA SET,S,Yellow,50.0
1147,J0103-SKD-XL,KURTA SET,XL,Yellow,43.0
1148,J0103-SKD-XS,KURTA SET,XS,Yellow,61.0
1149,J0103-SKD-XXL,KURTA SET,XXL,Yellow,44.0
1150,J0103-SKD-XXXL,KURTA SET,XXXL,Yellow,27.0
1151,J0104-KR-L,KURTA,L,Indigo,1.0
1152,J0104-KR-M,KURTA,M,Indigo,0.0
1153,J0104-KR-S,KURTA,S,Indigo,1.0
1154,J0104-KR-XL,KURTA,XL,Indigo,1.0
1155,J0104-KR-XS,KURTA,XS,Indigo,3.0
1156,J0104-KR-XXL,KURTA,XXL,Indigo,3.0
1157,J0104-KR-XXXL,KURTA,XXXL,Indigo,1.0
1158,J0105-KR-L,DRESS,L,OFF WHITE,3.0
1159,J0105-KR-M,DRESS,M,OFF WHITE,3.0
1160,J0105-KR-S,DRESS,S,OFF WHITE,7.0
1161,J0105-KR-XL,DRESS,XL,OFF WHITE,4.0
1162,J0105-KR-XS,DRESS,XS,OFF WHITE,6.0
1163,J0105-KR-XXL,DRESS,XXL,OFF WHITE,5.0
1164,J0105-KR-XXXL,DRESS,XXXL,OFF WHITE,4.0
1165,J0106-KR-L,DRESS,L,OFF WHITE,4.0
1166,J0106-KR-M,DRESS,M,OFF WHITE,4.0
1167,J0106-KR-S,DRESS,S,OFF WHITE,2.0
1168,J0106-KR-XL,DRESS,XL,OFF WHITE,1.0
1169,J0106-KR-XS,DRESS,XS,OFF WHITE,15.0
1170,J0106-KR-XXL,DRESS,XXL,OFF WHITE,7.0
1171,J0106-KR-XXXL,DRESS,XXXL,OFF WHITE,3.0
1172,J0108-SKD-L,KURTA SET,L,Light Green,4.0
1173,J0108-SKD-M,KURTA SET,M,Light Green,4.0
1174,J0108-SKD-S,KURTA SET,S,Light Green,2.0
1175,J0108-SKD-XL,KURTA SET,XL,Light Green,2.0
1176,J0108-SKD-XS,KURTA SET,XS,Light Green,4.0
1177,J0108-SKD-XXL,KURTA SET,XXL,Light Green,3.0
1178,J0108-SKD-XXXL,KURTA SET,XXXL,Light Green,4.0
1179,J0109-SKD-L,KURTA SET,L,Black,5.0
1180,J0109-SKD-M,KURTA SET,M,Black,6.0
1181,J0109-SKD-S,KURTA SET,S,Black,26.0
1182,J0109-SKD-XL,KURTA SET,XL,Black,2.0
1183,J0109-SKD-XS,KURTA SET,XS,Black,125.0
1184,J0109-SKD-XXL,KURTA SET,XXL,Black,6.0
1185,J0109-SKD-XXXL,KURTA SET,XXXL,Black,6.0
1186,J0110-SKD-L,KURTA SET,L,Black,1.0
1187,J0110-SKD-M,KURTA SET,M,Black,2.0
1188,J0110-SKD-S,KURTA SET,S,Black,22.0
1189,J0110-SKD-XL,KURTA SET,XL,Black,2.0
1190,J0110-SKD-XS,KURTA SET,XS,Black,63.0
1191,J0110-SKD-XXL,KURTA SET,XXL,Black,2.0
1192,J0110-SKD-XXXL,KURTA SET,XXXL,Black,1.0
1193,J0111-TP-L,TOP,L,Green,1.0
1194,J0111-TP-M,TOP,M,Green,3.0
1195,J0111-TP-S,TOP,S,Green,4.0
1196,J0111-TP-XL,TOP,XL,Green,7.0
1197,J0111-TP-XS,TOP,XS,Green,2.0
1198,J0111-TP-XXL,TOP,XXL,Green,5.0
1199,J0111-TP-XXXL,TOP,XXXL,Green,4.0
1200,J0112-TP-L,TOP,L,Green,4.0
1201,J0112-TP-M,TOP,M,Green,4.0
1202,J0112-TP-S,TOP,S,Green,3.0
1203,J0112-TP-XL,TOP,XL,Green,1.0
1204,J0112-TP-XS,TOP,XS,Green,5.0
1205,J0112-TP-XXL,TOP,XXL,Green,1.0
1206,J0112-TP-XXXL,TOP,XXXL,Green,5.0
1207,J0113-TP-L,TOP,L,Blue,109.0
1208,J0113-TP-M,TOP,M,Blue,79.0
1209,J0113-TP-S,TOP,S,Blue,82.0
1210,J0113-TP-XL,TOP,XL,Blue,68.0
1211,J0113-TP-XS,TOP,XS,Blue,54.0
1212,J0113-TP-XXL,TOP,XXL,Blue,29.0
1213,J0113-TP-XXXL,TOP,XXXL,Blue,22.0
1214,J0114-TP-L,TOP,L,Pink,1.0
1215,J0114-TP-M,TOP,M,Pink,2.0
1216,J0114-TP-S,TOP,S,Pink,23.0
1217,J0114-TP-XL,TOP,XL,Pink,2.0
1218,J0114-TP-XS,TOP,XS,Pink,38.0
1219,J0114-TP-XXL,TOP,XXL,Pink,0.0
1220,J0114-TP-XXXL,TOP,XXXL,Pink,1.0
1221,J0115-TP-L,TOP,L,Red,1.0
1222,J0115-TP-M,TOP,M,Red,2.0
1223,J0115-TP-S,TOP,S,Red,5.0
1224,J0115-TP-XL,TOP,XL,Red,1.0
1225,J0115-TP-XS,TOP,XS,Red,8.0
1226,J0115-TP-XXL,TOP,XXL,Red,2.0
1227,J0115-TP-XXXL,TOP,XXXL,Red,2.0
1228,J0116-TP-L,TOP,L,Olive,1.0
1229,J0116-TP-M,TOP,M,Olive,2.0
1230,J0116-TP-S,TOP,S,Olive,0.0
1231,J0116-TP-XL,TOP,XL,Olive,0.0
1232,J0116-TP-XS,TOP,XS,Olive,11.0
1233,J0116-TP-XXL,TOP,XXL,Olive,2.0
1234,J0116-TP-XXXL,TOP,XXXL,Olive,3.0
1235,J0117-TP-L,TOP,L,White,31.0
1236,J0117-TP-M,TOP,M,White,126.0
1237,J0117-TP-S,TOP,S,White,49.0
1238,J0117-TP-XL,TOP,XL,White,58.0
1239,J0117-TP-XS,TOP,XS,White,39.0
1240,J0117-TP-XXL,TOP,XXL,White,46.0
1241,J0117-TP-XXXL,TOP,XXXL,White,48.0
1242,J0118-TP-L,TOP,L,Red,78.0
1243,J0118-TP-M,TOP,M,Red,138.0
1244,J0118-TP-S,TOP,S,Red,41.0
1245,J0118-TP-XL,TOP,XL,Red,73.0
1246,J0118-TP-XS,TOP,XS,Red,15.0
1247,J0118-TP-XXL,TOP,XXL,Red,88.0
1248,J0118-TP-XXXL,TOP,XXXL,Red,61.0
1249,J0119-TP-L,TOP,L,Mustard,52.0
1250,J0119-TP-M,TOP,M,Mustard,102.0
1251,J0119-TP-S,TOP,S,Mustard,60.0
1252,J0119-TP-XL,TOP,XL,Mustard,162.0
1253,J0119-TP-XS,TOP,XS,Mustard,34.0
1254,J0119-TP-XXL,TOP,XXL,Mustard,95.0
1255,J0119-TP-XXXL,TOP,XXXL,Mustard,186.0
1256,J0120-TP-L,TOP,L,Black,0.0
1257,J0120-TP-M,TOP,M,Black,2.0
1258,J0120-TP-S,TOP,S,Black,0.0
1259,J0120-TP-XL,TOP,XL,Black,1.0
1260,J0120-TP-XS,TOP,XS,Black,1.0
1261,J0120-TP-XXL,TOP,XXL,Black,3.0
1262,J0120-TP-XXXL,TOP,XXXL,Black,3.0
1263,J0121-TP-L,TOP,L,Black,2.0
1264,J0121-TP-M,TOP,M,Black,3.0
1265,J0121-TP-S,TOP,S,Black,3.0
1266,J0121-TP-XL,TOP,XL,Black,2.0
1267,J0121-TP-XS,TOP,XS,Black,4.0
1268,J0121-TP-XXL,TOP,XXL,Black,2.0
1269,J0121-TP-XXXL,TOP,XXXL,Black,2.0
1270,J0122-TP-L,TOP,L,White,4.0
1271,J0122-TP-M,TOP,M,White,3.0
1272,J0122-TP-S,TOP,S,White,4.0
1273,J0122-TP-XL,TOP,XL,White,2.0
1274,J0122-TP-XS,TOP,XS,White,3.0
1275,J0122-TP-XXL,TOP,XXL,White,4.0
1276,J0122-TP-XXXL,TOP,XXXL,White,4.0
1277,J0123-TP-L,TOP,L,White,2.0
1278,J0123-TP-M,TOP,M,White,0.0
1279,J0123-TP-S,TOP,S,White,2.0
1280,J0123-TP-XL,TOP,XL,White,3.0
1281,J0123-TP-XS,TOP,XS,White,3.0
1282,J0123-TP-XXL,TOP,XXL,White,2.0
1283,J0123-TP-XXXL,TOP,XXXL,White,2.0
1284,J0124-TP-L,TOP,L,Cream,50.0
1285,J0124-TP-M,TOP,M,Cream,25.0
1286,J0124-TP-S,TOP,S,Cream,16.0
1287,J0124-TP-XL,TOP,XL,Cream,60.0
1288,J0124-TP-XS,TOP,XS,Cream,6.0
1289,J0124-TP-XXL,TOP,XXL,Cream,37.0
1290,J0124-TP-XXXL,TOP,XXXL,Cream,76.0
1291,J0126-SKD-L,KURTA SET,L,Blue,14.0
1292,J0126-SKD-M,KURTA SET,M,Blue,10.0
1293,J0126-SKD-S,KURTA SET,S,Blue,58.0
1294,J0126-SKD-XL,KURTA SET,XL,Blue,4.0
1295,J0126-SKD-XS,KURTA SET,XS,Blue,34.0
1296,J0126-SKD-XXL,KURTA SET,XXL,Blue,13.0
1297,J0126-SKD-XXXL,KURTA SET,XXXL,Blue,3.0
1298,J0127-SKD-L,KURTA SET,L,Multicolor,6.0
1299,J0127-SKD-M,KURTA SET,M,Multicolor,29.0
1300,J0127-SKD-S,KURTA SET,S,Multicolor,8.0
1301,J0127-SKD-XL,KURTA SET,XL,Multicolor,8.0
1302,J0127-SKD-XS,KURTA SET,XS,Multicolor,22.0
1303,J0127-SKD-XXL,KURTA SET,XXL,Multicolor,33.0
1304,J0127-SKD-XXXL,KURTA SET,XXXL,Multicolor,26.0
1305,J0129-SET-L,KURTA SET,L,Pink,1.0
1306,J0129-SET-M,KURTA SET,M,Pink,0.0
1307,J0129-SET-S,KURTA SET,S,Pink,0.0
1308,J0129-SET-XL,KURTA SET,XL,Pink,1.0
1309,J0129-SET-XS,KURTA SET,XS,Pink,4.0
1310,J0129-SET-XXL,KURTA SET,XXL,Pink,0.0
1311,J0129-SET-XXXL,KURTA SET,XXXL,Pink,0.0
1312,J0130-SET-L,KURTA SET,L,Green,1.0
1313,J0130-SET-M,KURTA SET,M,Green,2.0
1314,J0130-SET-S,KURTA SET,S,Green,4.0
1315,J0130-SET-XL,KURTA SET,XL,Green,2.0
1316,J0130-SET-XS,KURTA SET,XS,Green,5.0
1317,J0130-SET-XXL,KURTA SET,XXL,Green,3.0
1318,J0130-SET-XXXL,KURTA SET,XXXL,Green,3.0
1319,J0131-KR-L,KURTA,L,Teal,3.0
1320,J0131-KR-M,KURTA,M,Teal,3.0
1321,J0131-KR-S,KURTA,S,Teal,3.0
1322,J0131-KR-XL,KURTA,XL,Teal,2.0
1323,J0131-KR-XS,KURTA,XS,Teal,3.0
1324,J0131-KR-XXL,KURTA,XXL,Teal,4.0
1325,J0131-KR-XXXL,KURTA,XXXL,Teal,4.0
1326,J0132-KR-L,KURTA,L,Orange,2.0
1327,J0132-KR-M,KURTA,M,Orange,1.0
1328,J0132-KR-S,KURTA,S,Orange,1.0
1329,J0132-KR-XL,KURTA,XL,Orange,1.0
1330,J0132-KR-XS,KURTA,XS,Orange,6.0
1331,J0132-KR-XXL,KURTA,XXL,Orange,3.0
1332,J0132-KR-XXXL,KURTA,XXXL,Orange,3.0
1333,J0133-KR-L,KURTA,L,Maroon,2.0
1334,J0133-KR-M,KURTA,M,Maroon,3.0
1335,J0133-KR-S,KURTA,S,Maroon,3.0
1336,J0133-KR-XL,KURTA,XL,Maroon,2.0
1337,J0133-KR-XS,KURTA,XS,Maroon,3.0
1338,J0133-KR-XXL,KURTA,XXL,Maroon,2.0
1339,J0133-KR-XXXL,KURTA,XXXL,Maroon,3.0
1340,J0134-SET-L,KURTA SET,L,Cream,2.0
1341,J0134-SET-M,KURTA SET,M,Cream,2.0
1342,J0134-SET-S,KURTA SET,S,Cream,4.0
1343,J0134-SET-XL,KURTA SET,XL,Cream,3.0
1344,J0134-SET-XS,KURTA SET,XS,Cream,8.0
1345,J0134-SET-XXL,KURTA SET,XXL,Cream,3.0
1346,J0134-SET-XXXL,KURTA SET,XXXL,Cream,3.0
1347,J0135-SET-L,KURTA SET,L,Green,4.0
1348,J0135-SET-M,KURTA SET,M,Green,4.0
1349,J0135-SET-S,KURTA SET,S,Green,2.0
1350,J0135-SET-XL,KURTA SET,XL,Green,4.0
1351,J0135-SET-XS,KURTA SET,XS,Green,2.0
1352,J0135-SET-XXL,KURTA SET,XXL,Green,4.0
1353,J0135-SET-XXXL,KURTA SET,XXXL,Green,3.0
1354,J0136-KR-L,KURTA,L,Black,20.0
1355,J0136-KR-M,KURTA,M,Black,8.0
1356,J0136-KR-S,KURTA,S,Black,49.0
1357,J0136-KR-XL,KURTA,XL,Black,7.0
1358,J0136-KR-XS,KURTA,XS,Black,38.0
1359,J0136-KR-XXL,KURTA,XXL,Black,40.0
1360,J0136-KR-XXXL,KURTA,XXXL,Black,48.0
1361,J0137-SET-L,KURTA SET,L,White,3.0
1362,J0137-SET-M,KURTA SET,M,White,11.0
1363,J0137-SET-S,KURTA SET,S,White,24.0
1364,J0137-SET-XL,KURTA SET,XL,White,5.0
1365,J0137-SET-XS,KURTA SET,XS,White,38.0
1366,J0137-SET-XXL,KURTA SET,XXL,White,9.0
1367,J0137-SET-XXXL,KURTA SET,XXXL,White,12.0
1368,J0138-KR-L,KURTA,L,Red,2.0
1369,J0138-KR-M,KURTA,M,Red,3.0
1370,J0138-KR-S,KURTA,S,Red,2.0
1371,J0138-KR-XL,KURTA,XL,Red,0.0
1372,J0138-KR-XS,KURTA,XS,Red,5.0
1373,J0138-KR-XXL,KURTA,XXL,Red,2.0
1374,J0138-KR-XXXL,KURTA,XXXL,Red,0.0
1375,J0139-KR-L,KURTA,L,Navy Blue,6.0
1376,J0139-KR-M,KURTA,M,Navy Blue,4.0
1377,J0139-KR-S,KURTA,S,Navy Blue,6.0
1378,J0139-KR-XL,KURTA,XL,Navy Blue,6.0
1379,J0139-KR-XS,KURTA,XS,Navy Blue,8.0
1380,J0139-KR-XXL,KURTA,XXL,Navy Blue,3.0
1381,J0139-KR-XXXL,KURTA,XXXL,Navy Blue,4.0
1382,J0140-SET-L,KURTA SET,L,White,2.0
1383,J0140-SET-M,KURTA SET,M,White,0.0
1384,J0140-SET-S,KURTA SET,S,White,3.0
1385,J0140-SET-XL,KURTA SET,XL,White,2.0
1386,J0140-SET-XS,KURTA SET,XS,White,3.0
1387,J0140-SET-XXL,KURTA SET,XXL,White,4.0
1388,J0140-SET-XXXL,KURTA SET,XXXL,White,2.0
1389,J0141-KR-L,KURTA,L,Blue,1.0
1390,J0141-KR-M,KURTA,M,Blue,1.0
1391,J0141-KR-S,KURTA,S,Blue,2.0
1392,J0141-KR-XL,KURTA,XL,Blue,1.0
1393,J0141-KR-XS,KURTA,XS,Blue,3.0
1394,J0141-KR-XXL,KURTA,XXL,Blue,1.0
1395,J0141-KR-XXXL,KURTA,XXXL,Blue,2.0
1396,J0142-KR-L,KURTA,L,Orange,2.0
1397,J0142-KR-M,KURTA,M,Orange,7.0
1398,J0142-KR-S,KURTA,S,Orange,11.0
1399,J0142-KR-XL,KURTA,XL,Orange,5.0
1400,J0142-KR-XS,KURTA,XS,Orange,32.0
1401,J0142-KR-XXL,KURTA,XXL,Orange,0.0
1402,J0142-KR-XXXL,KURTA,XXXL,Orange,2.0
1403,J0143-SET-L,KURTA SET,L,Green,2.0
1404,J0143-SET-M,KURTA SET,M,Green,2.0
1405,J0143-SET-S,KURTA SET,S,Green,2.0
1406,J0143-SET-XL,KURTA SET,XL,Green,0.0
1407,J0143-SET-XS,KURTA SET,XS,Green,3.0
1408,J0143-SET-XXL,KURTA SET,XXL,Green,2.0
1409,J0143-SET-XXXL,KURTA SET,XXXL,Green,0.0
1410,J0144-SET-L,KURTA SET,L,Red,0.0
1411,J0144-SET-M,KURTA SET,M,Red,1.0
1412,J0144-SET-S,KURTA SET,S,Red,1.0
1413,J0144-SET-XL,KURTA SET,XL,Red,0.0
1414,J0144-SET-XS,KURTA SET,XS,Red,4.0
1415,J0144-SET-XXL,KURTA SET,XXL,Red,0.0
1416,J0144-SET-XXXL,KURTA SET,XXXL,Red,1.0
1417,J0145-SET-L,KURTA SET,L,Black,1.0
1418,J0145-SET-S,KURTA SET,S,Black,1.0
1419,J0145-SET-XL,KURTA SET,XL,Black,3.0
1420,J0145-SET-XS,KURTA SET,XS,Black,2.0
1421,J0145-SET-XXL,KURTA SET,XXL,Black,3.0
1422,J0145-SET-XXXL,KURTA SET,XXXL,Black,1.0
1423,J0146-SET-L,KURTA SET,L,Mustard,1.0
1424,J0146-SET-M,KURTA SET,M,Mustard,0.0
1425,J0146-SET-S,KURTA SET,S,Mustard,1.0
1426,J0146-SET-XL,KURTA SET,XL,Mustard,0.0
1427,J0146-SET-XS,KURTA SET,XS,Mustard,0.0
1428,J0146-SET-XXL,KURTA SET,XXL,Mustard,0.0
1429,J0146-SET-XXXL,KURTA SET,XXXL,Mustard,0.0
1430,J0147-SET-L,KURTA SET,L,Teal,3.0
1431,J0147-SET-M,KURTA SET,M,Teal,3.0
1432,J0147-SET-S,KURTA SET,S,Teal,2.0
1433,J0147-SET-XL,KURTA SET,XL,Teal,13.0
1434,J0147-SET-XS,KURTA SET,XS,Teal,2.0
1435,J0147-SET-XXL,KURTA SET,XXL,Teal,30.0
1436,J0147-SET-XXXL,KURTA SET,XXXL,Teal,15.0
1437,J0148-SET-L,KURTA SET,L,Green,1.0
1438,J0148-SET-M,KURTA SET,M,Green,5.0
1439,J0148-SET-S,KURTA SET,S,Green,2.0
1440,J0148-SET-XL,KURTA SET,XL,Green,9.0
1441,J0148-SET-XS,KURTA SET,XS,Green,9.0
1442,J0148-SET-XXL,KURTA SET,XXL,Green,7.0
1443,J0148-SET-XXXL,KURTA SET,XXXL,Green,21.0
1444,J0149-KR-L,KURTA,L,White,0.0
1445,J0149-KR-M,KURTA,M,White,0.0
1446,J0149-KR-S,KURTA,S,White,2.0
1447,J0149-KR-XL,KURTA,XL,White,0.0
1448,J0149-KR-XS,KURTA,XS,White,5.0
1449,J0149-KR-XXL,KURTA,XXL,White,0.0
1450,J0149-KR-XXXL,KURTA,XXXL,White,0.0
1451,J0150-KR-L,KURTA,L,Black,2.0
1452,J0150-KR-M,KURTA,M,Black,1.0
1453,J0150-KR-S,KURTA,S,Black,7.0
1454,J0150-KR-XL,KURTA,XL,Black,0.0
1455,J0150-KR-XS,KURTA,XS,Black,17.0
1456,J0150-KR-XXL,KURTA,XXL,Black,3.0
1457,J0150-KR-XXXL,KURTA,XXXL,Black,0.0
1458,J0151-KR-L,KURTA,L,Green,3.0
1459,J0151-KR-M,KURTA,M,Green,3.0
1460,J0151-KR-S,KURTA,S,Green,3.0
1461,J0151-KR-XL,KURTA,XL,Green,3.0
1462,J0151-KR-XS,KURTA,XS,Green,4.0
1463,J0151-KR-XXL,KURTA,XXL,Green,4.0
1464,J0151-KR-XXXL,KURTA,XXXL,Green,2.0
1465,J0152-DR-L,DRESS,L,Blue,2.0
1466,J0152-DR-M,DRESS,M,Blue,3.0
1467,J0152-DR-S,DRESS,S,Blue,25.0
1468,J0152-DR-XL,DRESS,XL,Blue,18.0
1469,J0152-DR-XS,DRESS,XS,Blue,0.0
1470,J0152-DR-XXL,DRESS,XXL,Blue,2.0
1471,J0152-DR-XXXL,DRESS,XXXL,Blue,3.0
1472,J0153-DR-L,DRESS,L,Green,4.0
1473,J0153-DR-M,DRESS,M,Green,3.0
1474,J0153-DR-S,DRESS,S,Green,6.0
1475,J0153-DR-XL,DRESS,XL,Green,21.0
1476,J0153-DR-XS,DRESS,XS,Green,2.0
1477,J0153-DR-XXL,DRESS,XXL,Green,2.0
1478,J0153-DR-XXXL,DRESS,XXXL,Green,3.0
1479,J0154-DR-L,DRESS,L,Multicolor,1.0
1480,J0154-DR-M,DRESS,M,Multicolor,0.0
1481,J0154-DR-S,DRESS,S,Multicolor,1.0
1482,J0154-DR-XL,DRESS,XL,Multicolor,2.0
1483,J0154-DR-XS,DRESS,XS,Multicolor,2.0
1484,J0154-DR-XXL,DRESS,XXL,Multicolor,2.0
1485,J0154-DR-XXXL,DRESS,XXXL,Multicolor,2.0
1486,J0155-KR-L,KURTA,L,Green,2.0
1487,J0155-KR-M,KURTA,M,Green,2.0
1488,J0155-KR-S,KURTA,S,Green,13.0
1489,J0155-KR-XL,KURTA,XL,Green,2.0
1490,J0155-KR-XS,KURTA,XS,Green,62.0
1491,J0155-KR-XXL,KURTA,XXL,Green,20.0
1492,J0155-KR-XXXL,KURTA,XXXL,Green,11.0
1493,J0157-DR-L,DRESS,L,Black,9.0
1494,J0157-DR-M,DRESS,M,Black,5.0
1495,J0157-DR-S,DRESS,S,Black,51.0
1496,J0157-DR-XL,DRESS,XL,Black,48.0
1497,J0157-DR-XS,DRESS,XS,Black,9.0
1498,J0157-DR-XXL,DRESS,XXL,Black,27.0
1499,J0157-DR-XXXL,DRESS,XXXL,Black,4.0
1500,J0158-DR-L,DRESS,L,White,43.0
1501,J0158-DR-M,DRESS,M,White,73.0
1502,J0158-DR-S,DRESS,S,White,30.0
1503,J0158-DR-XL,DRESS,XL,White,78.0
1504,J0158-DR-XS,DRESS,XS,White,10.0
1505,J0158-DR-XXL,DRESS,XXL,White,33.0
1506,J0158-DR-XXXL,DRESS,XXXL,White,39.0
1507,J0159-DR-L,DRESS,L,Blue,3.0
1508,J0159-DR-M,DRESS,M,Blue,2.0
1509,J0159-DR-S,DRESS,S,Blue,4.0
1510,J0159-DR-XL,DRESS,XL,Blue,3.0
1511,J0159-DR-XS,DRESS,XS,Blue,28.0
1512,J0159-DR-XXL,DRESS,XXL,Blue,1.0
1513,J0159-DR-XXXL,DRESS,XXXL,Blue,0.0
1514,J0160-TP-L,TOP,L,Blue,0.0
1515,J0160-TP-M,TOP,M,Blue,0.0
1516,J0160-TP-S,TOP,S,Blue,0.0
1517,J0160-TP-XL,TOP,XL,Blue,0.0
1518,J0160-TP-XS,TOP,XS,Blue,0.0
1519,J0160-TP-XXL,TOP,XXL,Blue,1.0
1520,J0160-TP-XXXL,TOP,XXXL,Blue,0.0
1521,J0161-DR-L,DRESS,L,Rust,2.0
1522,J0161-DR-M,DRESS,M,Rust,1.0
1523,J0161-DR-S,DRESS,S,Rust,1.0
1524,J0161-DR-XL,DRESS,XL,Rust,2.0
1525,J0161-DR-XS,DRESS,XS,Rust,4.0
1526,J0161-DR-XXL,DRESS,XXL,Rust,4.0
1527,J0161-DR-XXXL,DRESS,XXXL,Rust,2.0
1528,J0162-SKD-L,KURTA SET,L,Mustard,38.0
1529,J0162-SKD-M,KURTA SET,M,Mustard,40.0
1530,J0162-SKD-S,KURTA SET,S,Mustard,46.0
1531,J0162-SKD-XL,KURTA SET,XL,Mustard,37.0
1532,J0162-SKD-XS,KURTA SET,XS,Mustard,50.0
1533,J0162-SKD-XXL,KURTA SET,XXL,Mustard,33.0
1534,J0162-SKD-XXXL,KURTA SET,XXXL,Mustard,18.0
1535,J0163-SKD-L,KURTA SET,L,Red,143.0
1536,J0163-SKD-M,KURTA SET,M,Red,145.0
1537,J0163-SKD-S,KURTA SET,S,Red,112.0
1538,J0163-SKD-XL,KURTA SET,XL,Red,91.0
1539,J0163-SKD-XS,KURTA SET,XS,Red,104.0
1540,J0163-SKD-XXL,KURTA SET,XXL,Red,48.0
1541,J0163-SKD-XXXL,KURTA SET,XXXL,Red,44.0
1542,J0164-DR-L,DRESS,L,Orange,7.0
1543,J0164-DR-M,DRESS,M,Orange,4.0
1544,J0164-DR-S,DRESS,S,Orange,20.0
1545,J0164-DR-XL,DRESS,XL,Orange,6.0
1546,J0164-DR-XS,DRESS,XS,Orange,45.0
1547,J0164-DR-XXL,DRESS,XXL,Orange,4.0
1548,J0164-DR-XXXL,DRESS,XXXL,Orange,4.0
1549,J0165-TP-L,TOP,L,Orange,3.0
1550,J0165-TP-M,TOP,M,Orange,3.0
1551,J0165-TP-S,TOP,S,Orange,52.0
1552,J0165-TP-XL,TOP,XL,Orange,3.0
1553,J0165-TP-XS,TOP,XS,Orange,32.0
1554,J0165-TP-XXL,TOP,XXL,Orange,2.0
1555,J0165-TP-XXXL,TOP,XXXL,Orange,3.0
1556,J0166-DR-L,DRESS,L,Pink,2.0
1557,J0166-DR-M,DRESS,M,Pink,3.0
1558,J0166-DR-S,DRESS,S,Pink,9.0
1559,J0166-DR-XL,DRESS,XL,Pink,3.0
1560,J0166-DR-XS,DRESS,XS,Pink,19.0
1561,J0166-DR-XXL,DRESS,XXL,Pink,2.0
1562,J0166-DR-XXXL,DRESS,XXXL,Pink,2.0
1563,J0167-KR-L,KURTA,L,Pink,4.0
1564,J0167-KR-M,KURTA,M,Pink,2.0
1565,J0167-KR-S,KURTA,S,Pink,36.0
1566,J0167-KR-XL,KURTA,XL,Pink,0.0
1567,J0167-KR-XS,KURTA,XS,Pink,36.0
1568,J0167-KR-XXL,KURTA,XXL,Pink,3.0
1569,J0167-KR-XXXL,KURTA,XXXL,Pink,1.0
1570,J0168-DR-L,DRESS,L,Sky Blue,2.0
1571,J0168-DR-M,DRESS,M,Sky Blue,5.0
1572,J0168-DR-S,DRESS,S,Sky Blue,13.0
1573,J0168-DR-XL,DRESS,XL,Sky Blue,2.0
1574,J0168-DR-XS,DRESS,XS,Sky Blue,37.0
1575,J0168-DR-XXL,DRESS,XXL,Sky Blue,3.0
1576,J0168-DR-XXXL,DRESS,XXXL,Sky Blue,1.0
1577,J0169-KR-L,KURTA,L,Multicolor,0.0
1578,J0169-KR-M,KURTA,M,Multicolor,1.0
1579,J0169-KR-S,KURTA,S,Multicolor,1.0
1580,J0169-KR-XL,KURTA,XL,Multicolor,0.0
1581,J0169-KR-XS,KURTA,XS,Multicolor,2.0
1582,J0169-KR-XXL,KURTA,XXL,Multicolor,1.0
1583,J0169-KR-XXXL,KURTA,XXXL,Multicolor,1.0
1584,J0170-TP-L,TOP,L,Blue,2.0
1585,J0170-TP-M,TOP,M,Blue,1.0
1586,J0170-TP-S,TOP,S,Blue,4.0
1587,J0170-TP-XL,TOP,XL,Blue,3.0
1588,J0170-TP-XS,TOP,XS,Blue,19.0
1589,J0170-TP-XXL,TOP,XXL,Blue,4.0
1590,J0170-TP-XXXL,TOP,XXXL,Blue,3.0
1591,J0171-DR-L,DRESS,L,Blue,1.0
1592,J0171-DR-M,DRESS,M,Blue,0.0
1593,J0171-DR-S,DRESS,S,Blue,13.0
1594,J0171-DR-XL,DRESS,XL,Blue,1.0
1595,J0171-DR-XS,DRESS,XS,Blue,73.0
1596,J0171-DR-XXL,DRESS,XXL,Blue,2.0
1597,J0171-DR-XXXL,DRESS,XXXL,Blue,0.0
1598,J0172-TP-L,TOP,L,Blue,0.0
1599,J0172-TP-M,TOP,M,Blue,7.0
1600,J0172-TP-S,TOP,S,Blue,1.0
1601,J0172-TP-XL,TOP,XL,Blue,30.0
1602,J0172-TP-XS,TOP,XS,Blue,2.0
1603,J0172-TP-XXL,TOP,XXL,Blue,16.0
1604,J0172-TP-XXXL,TOP,XXXL,Blue,47.0
1605,J0173-DR-L,DRESS,L,Red,3.0
1606,J0173-DR-M,DRESS,M,Red,3.0
1607,J0173-DR-S,DRESS,S,Red,29.0
1608,J0173-DR-XL,DRESS,XL,Red,2.0
1609,J0173-DR-XS,DRESS,XS,Red,43.0
1610,J0173-DR-XXL,DRESS,XXL,Red,2.0
1611,J0173-DR-XXXL,DRESS,XXXL,Red,2.0
1612,J0174-TP-L,TOP,L,Maroon,1.0
1613,J0174-TP-M,TOP,M,Maroon,0.0
1614,J0174-TP-S,TOP,S,Maroon,0.0
1615,J0174-TP-XL,TOP,XL,Maroon,1.0
1616,J0174-TP-XS,TOP,XS,Maroon,4.0
1617,J0174-TP-XXL,TOP,XXL,Maroon,3.0
1618,J0174-TP-XXXL,TOP,XXXL,Maroon,2.0
1619,J0175-KR-L,KURTA,L,Maroon,7.0
1620,J0175-KR-M,KURTA,M,Maroon,9.0
1621,J0175-KR-S,KURTA,S,Maroon,32.0
1622,J0175-KR-XL,KURTA,XL,Maroon,8.0
1623,J0175-KR-XS,KURTA,XS,Maroon,37.0
1624,J0175-KR-XXL,KURTA,XXL,Maroon,14.0
1625,J0175-KR-XXXL,KURTA,XXXL,Maroon,3.0
1626,J0176-TP-L,TOP,L,Green,1.0
1627,J0176-TP-M,TOP,M,Green,0.0
1628,J0176-TP-S,TOP,S,Green,37.0
1629,J0176-TP-XL,TOP,XL,Green,2.0
1630,J0176-TP-XS,TOP,XS,Green,49.0
1631,J0176-TP-XXL,TOP,XXL,Green,7.0
1632,J0176-TP-XXXL,TOP,XXXL,Green,1.0
1633,J0177-KR-L,KURTA,L,Green,1.0
1634,J0177-KR-M,KURTA,M,Green,0.0
1635,J0177-KR-S,KURTA,S,Green,9.0
1636,J0177-KR-XL,KURTA,XL,Green,0.0
1637,J0177-KR-XS,KURTA,XS,Green,3.0
1638,J0177-KR-XXL,KURTA,XXL,Green,2.0
1639,J0177-KR-XXXL,KURTA,XXXL,Green,2.0
1640,J0178-TP-L,TOP,L,Multicolor,2.0
1641,J0178-TP-M,TOP,M,Multicolor,4.0
1642,J0178-TP-S,TOP,S,Multicolor,1.0
1643,J0178-TP-XL,TOP,XL,Multicolor,1.0
1644,J0178-TP-XS,TOP,XS,Multicolor,2.0
1645,J0178-TP-XXL,TOP,XXL,Multicolor,1.0
1646,J0178-TP-XXXL,TOP,XXXL,Multicolor,1.0
1647,J0179-KR-L,KURTA,L,Multicolor,10.0
1648,J0179-KR-M,KURTA,M,Multicolor,5.0
1649,J0179-KR-S,KURTA,S,Multicolor,4.0
1650,J0179-KR-XL,KURTA,XL,Multicolor,6.0
1651,J0179-KR-XS,KURTA,XS,Multicolor,18.0
1652,J0179-KR-XXL,KURTA,XXL,Multicolor,7.0
1653,J0179-KR-XXXL,KURTA,XXXL,Multicolor,6.0
1654,J0180-DR-L,DRESS,L,Pink,1.0
1655,J0180-DR-M,DRESS,M,Pink,1.0
1656,J0180-DR-S,DRESS,S,Pink,3.0
1657,J0180-DR-XL,DRESS,XL,Pink,2.0
1658,J0180-DR-XS,DRESS,XS,Pink,4.0
1659,J0180-DR-XXL,DRESS,XXL,Pink,2.0
1660,J0180-DR-XXXL,DRESS,XXXL,Pink,2.0
1661,J0181-TP-L,TOP,L,Pink,3.0
1662,J0181-TP-M,TOP,M,Pink,4.0
1663,J0181-TP-S,TOP,S,Pink,18.0
1664,J0181-TP-XL,TOP,XL,Pink,3.0
1665,J0181-TP-XS,TOP,XS,Pink,22.0
1666,J0181-TP-XXL,TOP,XXL,Pink,2.0
1667,J0181-TP-XXXL,TOP,XXXL,Pink,1.0
1668,J0182-SET-L,KURTA SET,L,OFF WHITE,2.0
1669,J0182-SET-M,KURTA SET,M,OFF WHITE,0.0
1670,J0182-SET-S,KURTA SET,S,OFF WHITE,0.0
1671,J0182-SET-XL,KURTA SET,XL,OFF WHITE,1.0
1672,J0182-SET-XS,KURTA SET,XS,OFF WHITE,2.0
1673,J0182-SET-XXL,KURTA SET,XXL,OFF WHITE,1.0
1674,J0182-SET-XXXL,KURTA SET,XXXL,OFF WHITE,0.0
1675,J0183-TP-L,TOP,L,OFF WHITE,1.0
1676,J0183-TP-M,TOP,M,OFF WHITE,0.0
1677,J0183-TP-S,TOP,S,OFF WHITE,2.0
1678,J0183-TP-XL,TOP,XL,OFF WHITE,1.0
1679,J0183-TP-XS,TOP,XS,OFF WHITE,0.0
1680,J0183-TP-XXL,TOP,XXL,OFF WHITE,0.0
1681,J0183-TP-XXXL,TOP,XXXL,OFF WHITE,0.0
1682,J0184-KR-L,KURTA,L,Orange,4.0
1683,J0184-KR-M,KURTA,M,Orange,3.0
1684,J0184-KR-S,KURTA,S,Orange,5.0
1685,J0184-KR-XL,KURTA,XL,Orange,8.0
1686,J0184-KR-XS,KURTA,XS,Orange,7.0
1687,J0184-KR-XXL,KURTA,XXL,Orange,2.0
1688,J0184-KR-XXXL,KURTA,XXXL,Orange,5.0
1689,J0185-DR-L,DRESS,L,OFF WHITE,2.0
1690,J0185-DR-M,DRESS,M,OFF WHITE,2.0
1691,J0185-DR-S,DRESS,S,OFF WHITE,6.0
1692,J0185-DR-XL,DRESS,XL,OFF WHITE,0.0
1693,J0185-DR-XS,DRESS,XS,OFF WHITE,8.0
1694,J0185-DR-XXL,DRESS,XXL,OFF WHITE,1.0
1695,J0186-SET-L,KURTA SET,L,Black,0.0
1696,J0186-SET-M,KURTA SET,M,Black,0.0
1697,J0186-SET-S,KURTA SET,S,Black,2.0
1698,J0186-SET-XL,KURTA SET,XL,Black,2.0
1699,J0186-SET-XS,KURTA SET,XS,Black,5.0
1700,J0186-SET-XXL,KURTA SET,XXL,Black,6.0
1701,J0186-SET-XXXL,KURTA SET,XXXL,Black,2.0
1702,J0187-KR-L,KURTA,L,Black,2.0
1703,J0187-KR-M,KURTA,M,Black,0.0
1704,J0187-KR-S,KURTA,S,Black,9.0
1705,J0187-KR-XL,KURTA,XL,Black,1.0
1706,J0187-KR-XS,KURTA,XS,Black,19.0
1707,J0187-KR-XXL,KURTA,XXL,Black,5.0
1708,J0187-KR-XXXL,KURTA,XXXL,Black,0.0
1709,J0188-KR-L,KURTA,L,OFF WHITE,2.0
1710,J0188-KR-M,KURTA,M,OFF WHITE,2.0
1711,J0188-KR-S,KURTA,S,OFF WHITE,3.0
1712,J0188-KR-XL,KURTA,XL,OFF WHITE,2.0
1713,J0188-KR-XS,KURTA,XS,OFF WHITE,0.0
1714,J0188-KR-XXL,KURTA,XXL,OFF WHITE,3.0
1715,J0188-KR-XXXL,KURTA,XXXL,OFF WHITE,1.0
1716,J0189-TP-L,TOP,L,Orange,10.0
1717,J0189-TP-M,TOP,M,Orange,68.0
1718,J0189-TP-S,TOP,S,Orange,37.0
1719,J0189-TP-XL,TOP,XL,Orange,12.0
1720,J0189-TP-XS,TOP,XS,Orange,37.0
1721,J0189-TP-XXL,TOP,XXL,Orange,23.0
1722,J0189-TP-XXXL,TOP,XXXL,Orange,4.0
1723,J0190-TP-L,TOP,L,Blue,1.0
1724,J0190-TP-M,TOP,M,Blue,2.0
1725,J0190-TP-S,TOP,S,Blue,16.0
1726,J0190-TP-XL,TOP,XL,Blue,1.0
1727,J0190-TP-XS,TOP,XS,Blue,52.0
1728,J0190-TP-XXL,TOP,XXL,Blue,1.0
1729,J0190-TP-XXXL,TOP,XXXL,Blue,3.0
1730,J0192-TP-L,TOP,L,Navy Blue,1.0
1731,J0192-TP-M,TOP,M,Navy Blue,0.0
1732,J0192-TP-S,TOP,S,Navy Blue,3.0
1733,J0192-TP-XL,TOP,XL,Navy Blue,5.0
1734,J0192-TP-XS,TOP,XS,Navy Blue,1.0
1735,J0192-TP-XXL,TOP,XXL,Navy Blue,1.0
1736,J0192-TP-XXXL,TOP,XXXL,Navy Blue,2.0
1737,J0193-SET-L,KURTA SET,L,Mustard,2.0
1738,J0193-SET-M,KURTA SET,M,Mustard,2.0
1739,J0193-SET-S,KURTA SET,S,Mustard,1.0
1740,J0193-SET-XL,KURTA SET,XL,Mustard,3.0
1741,J0193-SET-XS,KURTA SET,XS,Mustard,0.0
1742,J0193-SET-XXL,KURTA SET,XXL,Mustard,4.0
1743,J0193-SET-XXXL,KURTA SET,XXXL,Mustard,2.0
1744,J0194-DR-L,DRESS,L,Green,1.0
1745,J0194-DR-M,DRESS,M,Green,5.0
1746,J0194-DR-S,DRESS,S,Green,12.0
1747,J0194-DR-XL,DRESS,XL,Green,5.0
1748,J0194-DR-XS,DRESS,XS,Green,28.0
1749,J0194-DR-XXL,DRESS,XXL,Green,3.0
1750,J0194-DR-XXXL,DRESS,XXXL,Green,2.0
1751,J0195-TP-L,TOP,L,Maroon,71.0
1752,J0195-TP-M,TOP,M,Maroon,50.0
1753,J0195-TP-S,TOP,S,Maroon,20.0
1754,J0195-TP-XL,TOP,XL,Maroon,20.0
1755,J0195-TP-XS,TOP,XS,Maroon,11.0
1756,J0195-TP-XXL,TOP,XXL,Maroon,9.0
1757,J0195-TP-XXXL,TOP,XXXL,Maroon,9.0
1758,J0196-TP-L,TOP,L,Green,1.0
1759,J0196-TP-M,TOP,M,Green,3.0
1760,J0196-TP-S,TOP,S,Green,5.0
1761,J0196-TP-XL,TOP,XL,Green,6.0
1762,J0196-TP-XS,TOP,XS,Green,33.0
1763,J0196-TP-XXL,TOP,XXL,Green,2.0
1764,J0196-TP-XXXL,TOP,XXXL,Green,3.0
1765,J0197-TP-L,TOP,L,Blue,2.0
1766,J0197-TP-M,TOP,M,Blue,2.0
1767,J0197-TP-S,TOP,S,Blue,5.0
1768,J0197-TP-XL,TOP,XL,Blue,2.0
1769,J0197-TP-XS,TOP,XS,Blue,29.0
1770,J0197-TP-XXL,TOP,XXL,Blue,4.0
1771,J0197-TP-XXXL,TOP,XXXL,Blue,14.0
1772,J0198-TP-L,TOP,L,Navy Blue,21.0
1773,J0198-TP-M,TOP,M,Navy Blue,27.0
1774,J0198-TP-S,TOP,S,Navy Blue,3.0
1775,J0198-TP-XL,TOP,XL,Navy Blue,49.0
1776,J0198-TP-XS,TOP,XS,Navy Blue,4.0
1777,J0198-TP-XXL,TOP,XXL,Navy Blue,7.0
1778,J0198-TP-XXXL,TOP,XXXL,Navy Blue,5.0
1779,J0199-SET-L,SET,L,Black,2.0
1780,J0199-SET-M,SET,M,Black,2.0
1781,J0199-SET-S,SET,S,Black,2.0
1782,J0199-SET-XL,SET,XL,Black,2.0
1783,J0199-SET-XS,SET,XS,Black,4.0
1784,J0199-SET-XXL,SET,XXL,Black,4.0
1785,J0199-SET-XXXL,SET,XXXL,Black,4.0
1786,J0201-TP-L,TOP,L,Teal,4.0
1787,J0201-TP-M,TOP,M,Teal,4.0
1788,J0201-TP-S,TOP,S,Teal,3.0
1789,J0201-TP-XL,TOP,XL,Teal,3.0
1790,J0201-TP-XS,TOP,XS,Teal,4.0
1791,J0201-TP-XXL,TOP,XXL,Teal,3.0
1792,J0201-TP-XXXL,TOP,XXXL,Teal,6.0
1793,J0202-TP-L,TOP,L,Blue,3.0
1794,J0202-TP-M,TOP,M,Blue,2.0
1795,J0202-TP-S,TOP,S,Blue,5.0
1796,J0202-TP-XL,TOP,XL,Blue,2.0
1797,J0202-TP-XS,TOP,XS,Blue,17.0
1798,J0202-TP-XXL,TOP,XXL,Blue,7.0
1799,J0202-TP-XXXL,TOP,XXXL,Blue,4.0
1800,J0203-TP-L,TOP,L,Green,2.0
1801,J0203-TP-M,TOP,M,Green,0.0
1802,J0203-TP-S,TOP,S,Green,4.0
1803,J0203-TP-XL,TOP,XL,Green,2.0
1804,J0203-TP-XS,TOP,XS,Green,2.0
1805,J0203-TP-XXL,TOP,XXL,Green,2.0
1806,J0203-TP-XXXL,TOP,XXXL,Green,3.0
1807,J0204-TP-L,TUNIC,L,Mustard,1.0
1808,J0204-TP-M,TUNIC,M,Mustard,1.0
1809,J0204-TP-S,TUNIC,S,Mustard,3.0
1810,J0204-TP-XL,TUNIC,XL,Mustard,2.0
1811,J0204-TP-XS,TUNIC,XS,Mustard,5.0
1812,J0204-TP-XXL,TUNIC,XXL,Mustard,4.0
1813,J0204-TP-XXXL,TUNIC,XXXL,Mustard,7.0
1814,J0205-TP-L,TOP,L,Peach,2.0
1815,J0205-TP-M,TOP,M,Peach,2.0
1816,J0205-TP-S,TOP,S,Peach,5.0
1817,J0205-TP-XL,TOP,XL,Peach,4.0
1818,J0205-TP-XS,TOP,XS,Peach,7.0
1819,J0205-TP-XXL,TOP,XXL,Peach,6.0
1820,J0205-TP-XXXL,TOP,XXXL,Peach,3.0
1821,J0207-DR-L,DRESS,L,Olive,14.0
1822,J0207-DR-M,DRESS,M,Olive,20.0
1823,J0207-DR-S,DRESS,S,Olive,33.0
1824,J0207-DR-XL,DRESS,XL,Olive,35.0
1825,J0207-DR-XS,DRESS,XS,Olive,13.0
1826,J0207-DR-XXL,DRESS,XXL,Olive,1.0
1827,J0207-DR-XXXL,DRESS,XXXL,Olive,10.0
1828,J0208-DR-L,DRESS,L,Peach,2.0
1829,J0208-DR-M,DRESS,M,Peach,5.0
1830,J0208-DR-S,DRESS,S,Peach,9.0
1831,J0208-DR-XL,DRESS,XL,Peach,2.0
1832,J0208-DR-XS,DRESS,XS,Peach,35.0
1833,J0208-DR-XXL,DRESS,XXL,Peach,3.0
1834,J0208-DR-XXXL,DRESS,XXXL,Peach,9.0
1835,J0209-DR-L,DRESS,L,Blue,26.0
1836,J0209-DR-M,DRESS,M,Blue,43.0
1837,J0209-DR-S,DRESS,S,Blue,49.0
1838,J0209-DR-XL,DRESS,XL,Blue,12.0
1839,J0209-DR-XS,DRESS,XS,Blue,25.0
1840,J0209-DR-XXL,DRESS,XXL,Blue,19.0
1841,J0209-DR-XXXL,DRESS,XXXL,Blue,32.0
1842,J0210-DR-L,DRESS,L,Navy Blue,3.0
1843,J0210-DR-M,DRESS,M,Navy Blue,2.0
1844,J0210-DR-S,DRESS,S,Navy Blue,3.0
1845,J0210-DR-XL,DRESS,XL,Navy Blue,5.0
1846,J0210-DR-XS,DRESS,XS,Navy Blue,6.0
1847,J0210-DR-XXL,DRESS,XXL,Navy Blue,7.0
1848,J0210-DR-XXXL,DRESS,XXXL,Navy Blue,4.0
1849,J0211-DR-L,DRESS,L,Maroon,11.0
1850,J0211-DR-M,DRESS,M,Maroon,14.0
1851,J0211-DR-S,DRESS,S,Maroon,6.0
1852,J0211-DR-XL,DRESS,XL,Maroon,17.0
1853,J0211-DR-XS,DRESS,XS,Maroon,8.0
1854,J0211-DR-XXL,DRESS,XXL,Maroon,24.0
1855,J0211-DR-XXXL,DRESS,XXXL,Maroon,3.0
1856,J0212-DR-L,DRESS,L,Green,9.0
1857,J0212-DR-M,DRESS,M,Green,22.0
1858,J0212-DR-S,DRESS,S,Green,33.0
1859,J0212-DR-XL,DRESS,XL,Green,5.0
1860,J0212-DR-XS,DRESS,XS,Green,34.0
1861,J0212-DR-XXL,DRESS,XXL,Green,6.0
1862,J0212-DR-XXXL,DRESS,XXXL,Green,3.0
1863,J0213-TP-L,TOP,L,Mustard,3.0
1864,J0213-TP-M,TOP,M,Mustard,3.0
1865,J0213-TP-S,TOP,S,Mustard,20.0
1866,J0213-TP-XL,TOP,XL,Mustard,2.0
1867,J0213-TP-XS,TOP,XS,Mustard,32.0
1868,J0213-TP-XXL,TOP,XXL,Mustard,9.0
1869,J0213-TP-XXXL,TOP,XXXL,Mustard,7.0
1870,J0214-TP-L,TOP,L,BURGUNDY,8.0
1871,J0214-TP-M,TOP,M,BURGUNDY,4.0
1872,J0214-TP-S,TOP,S,BURGUNDY,3.0
1873,J0214-TP-XL,TOP,XL,BURGUNDY,4.0
1874,J0214-TP-XS,TOP,XS,BURGUNDY,13.0
1875,J0214-TP-XXL,TOP,XXL,BURGUNDY,3.0
1876,J0214-TP-XXXL,TOP,XXXL,BURGUNDY,10.0
1877,J0215-BL-L,BLOUSE,L,Blue,15.0
1878,J0215-BL-M,BLOUSE,M,Blue,22.0
1879,J0215-BL-S,BLOUSE,S,Blue,40.0
1880,J0215-BL-XL,BLOUSE,XL,Blue,28.0
1881,J0215-BL-XS,BLOUSE,XS,Blue,1.0
1882,J0215-BL-XXL,BLOUSE,XXL,Blue,22.0
1883,J0216-BL-L,BLOUSE,L,Green,31.0
1884,J0216-BL-M,BLOUSE,M,Green,20.0
1885,J0216-BL-S,BLOUSE,S,Green,8.0
1886,J0216-BL-XL,BLOUSE,XL,Green,23.0
1887,J0216-BL-XXL,BLOUSE,XXL,Green,17.0
1888,J0217-BL-L,BLOUSE,L,Purple,16.0
1889,J0217-BL-M,BLOUSE,M,Purple,24.0
1890,J0217-BL-S,BLOUSE,S,Purple,18.0
1891,J0217-BL-XL,BLOUSE,XL,Purple,20.0
1892,J0217-BL-XXL,BLOUSE,XXL,Purple,12.0
1893,J0219-BL-L,BLOUSE,L,Pink,64.0
1894,J0219-BL-M,BLOUSE,M,Pink,72.0
1895,J0219-BL-S,BLOUSE,S,Pink,66.0
1896,J0219-BL-XL,BLOUSE,XL,Pink,82.0
1897,J0219-BL-XXL,BLOUSE,XXL,Pink,54.0
1898,J0220-BL-L,BLOUSE,L,Maroon,19.0
1899,J0220-BL-M,BLOUSE,M,Maroon,27.0
1900,J0220-BL-S,BLOUSE,S,Maroon,18.0
1901,J0220-BL-XL,BLOUSE,XL,Maroon,28.0
1902,J0220-BL-XXL,BLOUSE,XXL,Maroon,16.0
1903,J0223-SKD-L,SET,L,Purple,23.0
1904,J0223-SKD-M,SET,M,Purple,30.0
1905,J0223-SKD-S,SET,S,Purple,28.0
1906,J0223-SKD-XL,SET,XL,Purple,25.0
1907,J0223-SKD-XS,SET,XS,Purple,16.0
1908,J0223-SKD-XXL,SET,XXL,Purple,30.0
1909,J0223-SKD-XXXL,SET,XXXL,Purple,9.0
1910,J0224-SKD-L,SET,L,Pink,54.0
1911,J0224-SKD-M,SET,M,Pink,46.0
1912,J0224-SKD-S,SET,S,Pink,62.0
1913,J0224-SKD-XL,SET,XL,Pink,51.0
1914,J0224-SKD-XS,SET,XS,Pink,45.0
1915,J0224-SKD-XXL,SET,XXL,Pink,42.0
1916,J0224-SKD-XXXL,SET,XXXL,Pink,41.0
1917,J0225-SKD-L,SET,L,Blue,30.0
1918,J0225-SKD-M,SET,M,Blue,25.0
1919,J0225-SKD-S,SET,S,Blue,49.0
1920,J0225-SKD-XL,SET,XL,Blue,31.0
1921,J0225-SKD-XS,SET,XS,Blue,48.0
1922,J0225-SKD-XXL,SET,XXL,Blue,36.0
1923,J0225-SKD-XXXL,SET,XXXL,Blue,22.0
1924,J0226-SKD-L,SET,L,Green,32.0
1925,J0226-SKD-M,SET,M,Green,147.0
1926,J0226-SKD-S,SET,S,Green,61.0
1927,J0226-SKD-XL,SET,XL,Green,79.0
1928,J0226-SKD-XS,SET,XS,Green,39.0
1929,J0226-SKD-XXL,SET,XXL,Green,34.0
1930,J0226-SKD-XXXL,SET,XXXL,Green,39.0
1931,J0228-SKD-L,SET,L,Navy Blue,3.0
1932,J0228-SKD-M,SET,M,Navy Blue,38.0
1933,J0228-SKD-S,SET,S,Navy Blue,34.0
1934,J0228-SKD-XL,SET,XL,Navy Blue,41.0
1935,J0228-SKD-XS,SET,XS,Navy Blue,32.0
1936,J0228-SKD-XXL,SET,XXL,Navy Blue,35.0
1937,J0228-SKD-XXXL,SET,XXXL,Navy Blue,49.0
1938,J0229-SKD-L,SET,L,Maroon,50.0
1939,J0229-SKD-M,SET,M,Maroon,63.0
1940,J0229-SKD-S,SET,S,Maroon,67.0
1941,J0229-SKD-XL,SET,XL,Maroon,67.0
1942,J0229-SKD-XS,SET,XS,Maroon,60.0
1943,J0229-SKD-XXL,SET,XXL,Maroon,68.0
1944,J0229-SKD-XXXL,SET,XXXL,Maroon,53.0
1945,J0230-SKD-L,KURTA SET,L,Blue,51.0
1946,J0230-SKD-M,KURTA SET,M,Blue,152.0
1947,J0230-SKD-S,KURTA SET,S,Blue,84.0
1948,J0230-SKD-XL,KURTA SET,XL,Blue,31.0
1949,J0230-SKD-XS,KURTA SET,XS,Blue,148.0
1950,J0230-SKD-XXL,KURTA SET,XXL,Blue,24.0
1951,J0230-SKD-XXXL,KURTA SET,XXXL,Blue,26.0
1952,J0231-SKD-L,KURTA SET,L,Green,16.0
1953,J0231-SKD-M,KURTA SET,M,Green,34.0
1954,J0231-SKD-S,KURTA SET,S,Green,30.0
1955,J0231-SKD-XL,KURTA SET,XL,Green,18.0
1956,J0231-SKD-XS,KURTA SET,XS,Green,30.0
1957,J0231-SKD-XXL,KURTA SET,XXL,Green,24.0
1958,J0231-SKD-XXXL,KURTA SET,XXXL,Green,13.0
1959,J0232-SKD-L,KURTA SET,L,Multicolor,21.0
1960,J0232-SKD-M,KURTA SET,M,Multicolor,31.0
1961,J0232-SKD-S,KURTA SET,S,Multicolor,8.0
1962,J0232-SKD-XL,KURTA SET,XL,Multicolor,12.0
1963,J0232-SKD-XS,KURTA SET,XS,Multicolor,33.0
1964,J0232-SKD-XXL,KURTA SET,XXL,Multicolor,10.0
1965,J0232-SKD-XXXL,KURTA SET,XXXL,Multicolor,41.0
1966,J0233-SKD-L,KURTA SET,L,Maroon,48.0
1967,J0233-SKD-M,KURTA SET,M,Maroon,31.0
1968,J0233-SKD-S,KURTA SET,S,Maroon,111.0
1969,J0233-SKD-XL,KURTA SET,XL,Maroon,48.0
1970,J0233-SKD-XS,KURTA SET,XS,Maroon,88.0
1971,J0233-SKD-XXL,KURTA SET,XXL,Maroon,75.0
1972,J0233-SKD-XXXL,KURTA SET,XXXL,Maroon,36.0
1973,J0234-SKD-L,KURTA SET,L,Mustard,6.0
1974,J0234-SKD-M,KURTA SET,M,Mustard,5.0
1975,J0234-SKD-S,KURTA SET,S,Mustard,6.0
1976,J0234-SKD-XL,KURTA SET,XL,Mustard,8.0
1977,J0234-SKD-XS,KURTA SET,XS,Mustard,52.0
1978,J0234-SKD-XXL,KURTA SET,XXL,Mustard,6.0
1979,J0234-SKD-XXXL,KURTA SET,XXXL,Mustard,7.0
1980,J0235-SKD-L,KURTA SET,L,Rust,20.0
1981,J0235-SKD-M,KURTA SET,M,Rust,37.0
1982,J0235-SKD-S,KURTA SET,S,Rust,26.0
1983,J0235-SKD-XL,KURTA SET,XL,Rust,44.0
1984,J0235-SKD-XS,KURTA SET,XS,Rust,52.0
1985,J0235-SKD-XXL,KURTA SET,XXL,Rust,49.0
1986,J0235-SKD-XXXL,KURTA SET,XXXL,Rust,47.0
1987,J0236-SKD-L,KURTA SET,L,Pink,5.0
1988,J0236-SKD-M,KURTA SET,M,Pink,3.0
1989,J0236-SKD-S,KURTA SET,S,Pink,7.0
1990,J0236-SKD-XL,KURTA SET,XL,Pink,3.0
1991,J0236-SKD-XS,KURTA SET,XS,Pink,4.0
1992,J0236-SKD-XXL,KURTA SET,XXL,Pink,6.0
1993,J0236-SKD-XXXL,KURTA SET,XXXL,Pink,4.0
1994,J0237-SKD-L,KURTA SET,L,Orange,6.0
1995,J0237-SKD-M,KURTA SET,M,Orange,2.0
1996,J0237-SKD-S,KURTA SET,S,Orange,6.0
1997,J0237-SKD-XL,KURTA SET,XL,Orange,4.0
1998,J0237-SKD-XS,KURTA SET,XS,Orange,22.0
1999,J0237-SKD-XXL,KURTA SET,XXL,Orange,4.0
2000,J0237-SKD-XXXL,KURTA SET,XXXL,Orange,8.0
2001,J0238-LCD-L,LEHENGA CHOLI,L,White,5.0
2002,J0238-LCD-M,LEHENGA CHOLI,M,White,0.0
2003,J0238-LCD-S,LEHENGA CHOLI,S,White,3.0
2004,J0238-LCD-XL,LEHENGA CHOLI,XL,White,7.0
2005,J0238-LCD-XS,LEHENGA CHOLI,XS,White,1.0
2006,J0238-LCD-XXL,LEHENGA CHOLI,XXL,White,17.0
2007,J0238-LCD-XXXL,LEHENGA CHOLI,XXXL,White,8.0
2008,J0239-SKD-L,KURTA SET,L,OFF WHITE,7.0
2009,J0239-SKD-M,KURTA SET,M,OFF WHITE,14.0
2010,J0239-SKD-S,KURTA SET,S,OFF WHITE,23.0
2011,J0239-SKD-XL,KURTA SET,XL,OFF WHITE,5.0
2012,J0239-SKD-XS,KURTA SET,XS,OFF WHITE,6.0
2013,J0239-SKD-XXL,KURTA SET,XXL,OFF WHITE,8.0
2014,J0239-SKD-XXXL,KURTA SET,XXXL,OFF WHITE,3.0
2015,J0240-SKD-L,KURTA SET,L,OFF WHITE,6.0
2016,J0240-SKD-M,KURTA SET,M,OFF WHITE,6.0
2017,J0240-SKD-S,KURTA SET,S,OFF WHITE,7.0
2018,J0240-SKD-XL,KURTA SET,XL,OFF WHITE,4.0
2019,J0240-SKD-XS,KURTA SET,XS,OFF WHITE,41.0
2020,J0240-SKD-XXL,KURTA SET,XXL,OFF WHITE,0.0
2021,J0240-SKD-XXXL,KURTA SET,XXXL,OFF WHITE,10.0
2022,J0241-SKD-L,KURTA SET,L,OFF WHITE,21.0
2023,J0241-SKD-M,KURTA SET,M,OFF WHITE,21.0
2024,J0241-SKD-S,KURTA SET,S,OFF WHITE,30.0
2025,J0241-SKD-XL,KURTA SET,XL,OFF WHITE,24.0
2026,J0241-SKD-XS,KURTA SET,XS,OFF WHITE,50.0
2027,J0241-SKD-XXL,KURTA SET,XXL,OFF WHITE,30.0
2028,J0241-SKD-XXXL,KURTA SET,XXXL,OFF WHITE,51.0
2029,J0242-SKD-L,KURTA SET,L,OFF WHITE,3.0
2030,J0242-SKD-M,KURTA SET,M,OFF WHITE,3.0
2031,J0242-SKD-S,KURTA SET,S,OFF WHITE,26.0
2032,J0242-SKD-XL,KURTA SET,XL,OFF WHITE,0.0
2033,J0242-SKD-XS,KURTA SET,XS,OFF WHITE,33.0
2034,J0242-SKD-XXL,KURTA SET,XXL,OFF WHITE,7.0
2035,J0242-SKD-XXXL,KURTA SET,XXXL,OFF WHITE,24.0
2036,J0243-DR-L,DRESS,L,OFF WHITE,2.0
2037,J0243-DR-M,DRESS,M,OFF WHITE,5.0
2038,J0243-DR-S,DRESS,S,OFF WHITE,3.0
2039,J0243-DR-XL,DRESS,XL,OFF WHITE,4.0
2040,J0243-DR-XS,DRESS,XS,OFF WHITE,31.0
2041,J0243-DR-XXL,DRESS,XXL,OFF WHITE,8.0
2042,J0243-DR-XXXL,DRESS,XXXL,OFF WHITE,7.0
2043,J0244-SKD-L,KURTA SET,L,OFF WHITE,4.0
2044,J0244-SKD-M,KURTA SET,M,OFF WHITE,4.0
2045,J0244-SKD-S,KURTA SET,S,OFF WHITE,7.0
2046,J0244-SKD-XL,KURTA SET,XL,OFF WHITE,5.0
2047,J0244-SKD-XS,KURTA SET,XS,OFF WHITE,22.0
2048,J0244-SKD-XXL,KURTA SET,XXL,OFF WHITE,22.0
2049,J0244-SKD-XXXL,KURTA SET,XXXL,OFF WHITE,6.0
2050,J0245-SKD-L,KURTA SET,L,OFF WHITE,16.0
2051,J0245-SKD-M,KURTA SET,M,OFF WHITE,14.0
2052,J0245-SKD-S,KURTA SET,S,OFF WHITE,27.0
2053,J0245-SKD-XL,KURTA SET,XL,OFF WHITE,10.0
2054,J0245-SKD-XS,KURTA SET,XS,OFF WHITE,22.0
2055,J0245-SKD-XXL,KURTA SET,XXL,OFF WHITE,11.0
2056,J0245-SKD-XXXL,KURTA SET,XXXL,OFF WHITE,10.0
2057,J0246-SKD-L,KURTA SET,L,OFF WHITE,40.0
2058,J0246-SKD-M,KURTA SET,M,OFF WHITE,31.0
2059,J0246-SKD-S,KURTA SET,S,OFF WHITE,34.0
2060,J0246-SKD-XL,KURTA SET,XL,OFF WHITE,42.0
2061,J0246-SKD-XS,KURTA SET,XS,OFF WHITE,42.0
2062,J0246-SKD-XXL,KURTA SET,XXL,OFF WHITE,36.0
2063,J0246-SKD-XXXL,KURTA SET,XXXL,OFF WHITE,47.0
2064,J0247-SKD-L,KURTA SET,L,Teal,28.0
2065,J0247-SKD-M,KURTA SET,M,Teal,16.0
2066,J0247-SKD-S,KURTA SET,S,Teal,29.0
2067,J0247-SKD-XL,KURTA SET,XL,Teal,43.0
2068,J0247-SKD-XS,KURTA SET,XS,Teal,24.0
2069,J0247-SKD-XXL,KURTA SET,XXL,Teal,37.0
2070,J0247-SKD-XXXL,KURTA SET,XXXL,Teal,38.0
2071,J0248-KR-DPT-L,KURTA SET,L,Orange,0.0
2072,J0248-KR-DPT-M,KURTA SET,M,Orange,7.0
2073,J0248-KR-DPT-S,KURTA SET,S,Orange,6.0
2074,J0248-KR-DPT-XL,KURTA SET,XL,Orange,4.0
2075,J0248-KR-DPT-XS,KURTA SET,XS,Orange,15.0
2076,J0248-KR-DPT-XXL,KURTA SET,XXL,Orange,6.0
2077,J0248-KR-DPT-XXXL,KURTA SET,XXXL,Orange,8.0
2078,J0249-SKD-L,KURTA SET,L,Blue,26.0
2079,J0249-SKD-M,KURTA SET,M,Blue,34.0
2080,J0249-SKD-S,KURTA SET,S,Blue,46.0
2081,J0249-SKD-XL,KURTA SET,XL,Blue,43.0
2082,J0249-SKD-XS,KURTA SET,XS,Blue,47.0
2083,J0249-SKD-XXL,KURTA SET,XXL,Blue,32.0
2084,J0249-SKD-XXXL,KURTA SET,XXXL,Blue,29.0
2085,J0250-SKD-L,KURTA SET,L,Olive,9.0
2086,J0250-SKD-M,KURTA SET,M,Olive,8.0
2087,J0250-SKD-S,KURTA SET,S,Olive,17.0
2088,J0250-SKD-XL,KURTA SET,XL,Olive,10.0
2089,J0250-SKD-XS,KURTA SET,XS,Olive,52.0
2090,J0250-SKD-XXL,KURTA SET,XXL,Olive,4.0
2091,J0250-SKD-XXXL,KURTA SET,XXXL,Olive,28.0
2092,J0251-SKD-L,KURTA SET,L,Mustard,7.0
2093,J0251-SKD-M,KURTA SET,M,Mustard,4.0
2094,J0251-SKD-S,KURTA SET,S,Mustard,23.0
2095,J0251-SKD-XL,KURTA SET,XL,Mustard,7.0
2096,J0251-SKD-XS,KURTA SET,XS,Mustard,42.0
2097,J0251-SKD-XXL,KURTA SET,XXL,Mustard,23.0
2098,J0251-SKD-XXXL,KURTA SET,XXXL,Mustard,35.0
2099,J0252-SKD-L,KURTA SET,L,Orange,1.0
2100,J0252-SKD-M,KURTA SET,M,Orange,2.0
2101,J0252-SKD-S,KURTA SET,S,Orange,2.0
2102,J0252-SKD-XL,KURTA SET,XL,Orange,2.0
2103,J0252-SKD-XS,KURTA SET,XS,Orange,9.0
2104,J0252-SKD-XXL,KURTA SET,XXL,Orange,6.0
2105,J0252-SKD-XXXL,KURTA SET,XXXL,Orange,6.0
2106,J0254-SKD-L,KURTA SET,L,Wine,5.0
2107,J0254-SKD-M,KURTA SET,M,Wine,6.0
2108,J0254-SKD-S,KURTA SET,S,Wine,15.0
2109,J0254-SKD-XL,KURTA SET,XL,Wine,10.0
2110,J0254-SKD-XS,KURTA SET,XS,Wine,21.0
2111,J0254-SKD-XXL,KURTA SET,XXL,Wine,20.0
2112,J0254-SKD-XXXL,KURTA SET,XXXL,Wine,6.0
2113,J0259-KR-L,KURTA,L,Green,0.0
2114,J0259-KR-M,KURTA,M,Green,2.0
2115,J0259-KR-S,KURTA,S,Green,1.0
2116,J0259-KR-XL,KURTA,XL,Green,1.0
2117,J0260-KR-L,KURTA,L,Green,1.0
2118,J0260-KR-M,KURTA,M,Green,1.0
2119,J0260-KR-S,KURTA,S,Green,1.0
2120,J0260-KR-XL,KURTA,XL,Green,0.0
2121,J0260-KR-XXL,KURTA,XXL,Green,0.0
2122,J0261-KR-L,KURTA,L,Black,1.0
2123,J0261-KR-M,KURTA,M,Black,1.0
2124,J0261-KR-S,KURTA,S,Black,0.0
2125,J0261-KR-XL,KURTA,XL,Black,2.0
2126,J0261-KR-XXL,KURTA,XXL,Black,1.0
2127,J0262-KR-L,KURTA,L,Grey,2.0
2128,J0262-KR-M,KURTA,M,Grey,0.0
2129,J0262-KR-S,KURTA,S,Grey,2.0
2130,J0262-KR-XL,KURTA,XL,Grey,1.0
2131,J0262-KR-XXL,KURTA,XXL,Grey,2.0
2132,J0263-KR-L,KURTA,L,Maroon,0.0
2133,J0263-KR-M,KURTA,M,Maroon,0.0
2134,J0263-KR-S,KURTA,S,Maroon,4.0
2135,J0263-KR-XL,KURTA,XL,Maroon,2.0
2136,J0263-KR-XXL,KURTA,XXL,Maroon,1.0
2137,J0264-KR-L,KURTA,L,Pink,0.0
2138,J0264-KR-M,KURTA,M,Pink,2.0
2139,J0264-KR-S,KURTA,S,Pink,2.0
2140,J0264-KR-XL,KURTA,XL,Pink,1.0
2141,J0264-KR-XXL,KURTA,XXL,Pink,0.0
2142,J0265-KR-L,KURTA,L,Blue,1.0
2143,J0265-KR-M,KURTA,M,Blue,2.0
2144,J0265-KR-S,KURTA,S,Blue,1.0
2145,J0265-KR-XL,KURTA,XL,Blue,3.0
2146,J0265-KR-XXL,KURTA,XXL,Blue,0.0
2147,J0277-SKD-L,KURTA SET,L,Gold,6.0
2148,J0277-SKD-M,KURTA SET,M,Gold,31.0
2149,J0277-SKD-S,KURTA SET,S,Gold,78.0
2150,J0277-SKD-XL,KURTA SET,XL,Gold,9.0
2151,J0277-SKD-XS,KURTA SET,XS,Gold,72.0
2152,J0277-SKD-XXL,KURTA SET,XXL,Gold,57.0
2153,J0277-SKD-XXXL,KURTA SET,XXXL,Gold,52.0
2154,J0278-SET-L,KURTA SET,L,Peach,1.0
2155,J0278-SET-M,KURTA SET,M,Peach,1.0
2156,J0278-SET-S,KURTA SET,S,Peach,9.0
2157,J0278-SET-XL,KURTA SET,XL,Peach,1.0
2158,J0278-SET-XS,KURTA SET,XS,Peach,26.0
2159,J0278-SET-XXL,KURTA SET,XXL,Peach,5.0
2160,J0278-SET-XXXL,KURTA SET,XXXL,Peach,9.0
2161,J0279-SET-L,KURTA SET,L,Light Green,8.0
2162,J0279-SET-M,KURTA SET,M,Light Green,15.0
2163,J0279-SET-S,KURTA SET,S,Light Green,42.0
2164,J0279-SET-XL,KURTA SET,XL,Light Green,13.0
2165,J0279-SET-XS,KURTA SET,XS,Light Green,29.0
2166,J0279-SET-XXL,KURTA SET,XXL,Light Green,32.0
2167,J0279-SET-XXXL,KURTA SET,XXXL,Light Green,55.0
2168,J0280-SKD-L,KURTA SET,L,Peach,119.0
2169,J0280-SKD-M,KURTA SET,M,Peach,178.0
2170,J0280-SKD-S,KURTA SET,S,Peach,207.0
2171,J0280-SKD-XL,KURTA SET,XL,Peach,103.0
2172,J0280-SKD-XS,KURTA SET,XS,Peach,144.0
2173,J0280-SKD-XXL,KURTA SET,XXL,Peach,71.0
2174,J0280-SKD-XXXL,KURTA SET,XXXL,Peach,34.0
2175,J0281-SKD-L,KURTA SET,L,Light Brown,86.0
2176,J0281-SKD-M,KURTA SET,M,Light Brown,164.0
2177,J0281-SKD-S,KURTA SET,S,Light Brown,155.0
2178,J0281-SKD-XL,KURTA SET,XL,Light Brown,46.0
2179,J0281-SKD-XS,KURTA SET,XS,Light Brown,97.0
2180,J0281-SKD-XXL,KURTA SET,XXL,Light Brown,14.0
2181,J0281-SKD-XXXL,KURTA SET,XXXL,Light Brown,52.0
2182,J0282-SET-L,KURTA SET,L,Pink,57.0
2183,J0282-SET-M,KURTA SET,M,Pink,56.0
2184,J0282-SET-S,KURTA SET,S,Pink,40.0
2185,J0282-SET-XL,KURTA SET,XL,Pink,13.0
2186,J0282-SET-XS,KURTA SET,XS,Pink,30.0
2187,J0282-SET-XXL,KURTA SET,XXL,Pink,22.0
2188,J0282-SET-XXXL,KURTA SET,XXXL,Pink,27.0
2189,J0283-SET-L,KURTA SET,L,Grey,10.0
2190,J0283-SET-M,KURTA SET,M,Grey,7.0
2191,J0283-SET-S,KURTA SET,S,Grey,45.0
2192,J0283-SET-XL,KURTA SET,XL,Grey,4.0
2193,J0283-SET-XS,KURTA SET,XS,Grey,23.0
2194,J0283-SET-XXL,KURTA SET,XXL,Grey,5.0
2195,J0283-SET-XXXL,KURTA SET,XXXL,Grey,2.0
2196,J0284-SKD-L,KURTA SET,L,Sky Blue,2.0
2197,J0284-SKD-M,KURTA SET,M,Sky Blue,2.0
2198,J0284-SKD-S,KURTA SET,S,Sky Blue,5.0
2199,J0284-SKD-XL,KURTA SET,XL,Sky Blue,1.0
2200,J0284-SKD-XS,KURTA SET,XS,Sky Blue,1.0
2201,J0284-SKD-XXL,KURTA SET,XXL,Sky Blue,1.0
2202,J0284-SKD-XXXL,KURTA SET,XXXL,Sky Blue,3.0
2203,J0285-SKD-L,KURTA SET,L,Grey,80.0
2204,J0285-SKD-M,KURTA SET,M,Grey,79.0
2205,J0285-SKD-S,KURTA SET,S,Grey,111.0
2206,J0285-SKD-XL,KURTA SET,XL,Grey,86.0
2207,J0285-SKD-XS,KURTA SET,XS,Grey,80.0
2208,J0285-SKD-XXL,KURTA SET,XXL,Grey,10.0
2209,J0285-SKD-XXXL,KURTA SET,XXXL,Grey,38.0
2210,J0286-KR-L,KURTA,L,Beige,3.0
2211,J0286-KR-M,KURTA,M,Beige,3.0
2212,J0286-KR-S,KURTA,S,Beige,2.0
2213,J0286-KR-XL,KURTA,XL,Beige,2.0
2214,J0286-KR-XXL,KURTA,XXL,Beige,3.0
2215,J0287-KR-L,KURTA,L,Black,2.0
2216,J0287-KR-M,KURTA,M,Black,0.0
2217,J0287-KR-S,KURTA,S,Black,1.0
2218,J0287-KR-XL,KURTA,XL,Black,1.0
2219,J0287-KR-XXL,KURTA,XXL,Black,2.0
2220,J0288-KR-L,KURTA,L,Grey,2.0
2221,J0288-KR-M,KURTA,M,Grey,3.0
2222,J0288-KR-S,KURTA,S,Grey,2.0
2223,J0288-KR-XL,KURTA,XL,Grey,1.0
2224,J0288-KR-XXL,KURTA,XXL,Grey,2.0
2225,J0289-KR-L,KURTA,L,Black,1.0
2226,J0289-KR-M,KURTA,M,Black,2.0
2227,J0289-KR-S,KURTA,S,Black,5.0
2228,J0289-KR-XL,KURTA,XL,Black,2.0
2229,J0289-KR-XXL,KURTA,XXL,Black,1.0
2230,J0290-CD-L,CARDIGAN,L,Mustard,4.0
2231,J0290-CD-M,CARDIGAN,M,Mustard,4.0
2232,J0290-CD-S,CARDIGAN,S,Mustard,6.0
2233,J0290-CD-XL,CARDIGAN,XL,Mustard,11.0
2234,J0290-CD-XXL,CARDIGAN,XXL,Mustard,3.0
2235,,CARDIGAN,XXXL,Mustard,0.0
2236,J0291-JS-L,JUMPSUIT,L,White,6.0
2237,J0291-JS-M,JUMPSUIT,M,White,2.0
2238,J0291-JS-S,JUMPSUIT,S,White,4.0
2239,J0291-JS-XL,JUMPSUIT,XL,White,3.0
2240,J0291-JS-XS,JUMPSUIT,XS,White,3.0
2241,J0291-JS-XXL,JUMPSUIT,XXL,White,11.0
2242,J0291-JS-XXXL,JUMPSUIT,XXXL,White,4.0
2243,J0292-TP-L,TOP,L,OFF WHITE,2.0
2244,J0292-TP-M,TOP,M,OFF WHITE,0.0
2245,J0292-TP-S,TOP,S,OFF WHITE,3.0
2246,J0292-TP-XL,TOP,XL,OFF WHITE,3.0
2247,J0292-TP-XS,TOP,XS,OFF WHITE,5.0
2248,J0292-TP-XXL,TOP,XXL,OFF WHITE,3.0
2249,J0292-TP-XXXL,TOP,XXXL,OFF WHITE,2.0
2250,J0293-DR-L,DRESS,L,White,3.0
2251,J0293-DR-M,DRESS,M,White,1.0
2252,J0293-DR-S,DRESS,S,White,4.0
2253,J0293-DR-XL,DRESS,XL,White,2.0
2254,J0293-DR-XS,DRESS,XS,White,4.0
2255,J0293-DR-XXL,DRESS,XXL,White,1.0
2256,J0293-DR-XXXL,DRESS,XXXL,White,2.0
2257,J0294-TP-L,TOP,L,OFF WHITE,2.0
2258,J0294-TP-M,TOP,M,OFF WHITE,2.0
2259,J0294-TP-S,TOP,S,OFF WHITE,2.0
2260,J0294-TP-XL,TOP,XL,OFF WHITE,4.0
2261,J0294-TP-XS,TOP,XS,OFF WHITE,6.0
2262,J0294-TP-XXL,TOP,XXL,OFF WHITE,2.0
2263,J0294-TP-XXXL,TOP,XXXL,OFF WHITE,5.0
2264,J0295-DR-L,DRESS,L,Black,2.0
2265,J0295-DR-M,DRESS,M,Black,7.0
2266,J0295-DR-S,DRESS,S,Black,3.0
2267,J0295-DR-XL,DRESS,XL,Black,3.0
2268,J0295-DR-XS,DRESS,XS,Black,5.0
2269,J0295-DR-XXL,DRESS,XXL,Black,4.0
2270,J0295-DR-XXXL,DRESS,XXXL,Black,4.0
2271,J0296-DR-L,DRESS,L,OFF WHITE,2.0
2272,J0296-DR-M,DRESS,M,OFF WHITE,2.0
2273,J0296-DR-S,DRESS,S,OFF WHITE,1.0
2274,J0296-DR-XL,DRESS,XL,OFF WHITE,1.0
2275,J0296-DR-XS,DRESS,XS,OFF WHITE,6.0
2276,J0296-DR-XXL,DRESS,XXL,OFF WHITE,2.0
2277,J0296-DR-XXXL,DRESS,XXXL,OFF WHITE,2.0
2278,J0297-TP-L,TOP,L,White,1.0
2279,J0297-TP-M,TOP,M,White,60.0
2280,J0297-TP-S,TOP,S,White,71.0
2281,J0297-TP-XL,TOP,XL,White,45.0
2282,J0297-TP-XS,TOP,XS,White,50.0
2283,J0297-TP-XXL,TOP,XXL,White,40.0
2284,J0297-TP-XXXL,TOP,XXXL,White,36.0
2285,J0298-DR-L,KURTA,L,Multicolor,2.0
2286,J0298-DR-M,KURTA,M,Multicolor,2.0
2287,J0298-DR-S,KURTA,S,Multicolor,2.0
2288,J0298-DR-XL,KURTA,XL,Multicolor,1.0
2289,J0298-DR-XS,KURTA,XS,Multicolor,1.0
2290,J0298-DR-XXL,KURTA,XXL,Multicolor,2.0
2291,J0298-DR-XXXL,KURTA,XXXL,Multicolor,2.0
2292,J0299-KR-L,KURTA,L,Cream,3.0
2293,J0299-KR-M,KURTA,M,Cream,6.0
2294,J0299-KR-S,KURTA,S,Cream,2.0
2295,J0299-KR-XL,KURTA,XL,Cream,2.0
2296,J0299-KR-XS,KURTA,XS,Cream,3.0
2297,J0299-KR-XXL,KURTA,XXL,Cream,4.0
2298,J0299-KR-XXXL,KURTA,XXXL,Cream,3.0
2299,J0300-TP-L,TOP,L,Cream,4.0
2300,J0300-TP-M,TOP,M,Cream,0.0
2301,J0300-TP-S,TOP,S,Cream,0.0
2302,J0300-TP-XL,TOP,XL,Cream,3.0
2303,J0300-TP-XS,TOP,XS,Cream,1.0
2304,J0300-TP-XXL,TOP,XXL,Cream,2.0
2305,J0300-TP-XXXL,TOP,XXXL,Cream,1.0
2306,J0301-TP-L,TOP,L,Red,155.0
2307,J0301-TP-M,TOP,M,Red,240.0
2308,J0301-TP-S,TOP,S,Red,145.0
2309,J0301-TP-XL,TOP,XL,Red,150.0
2310,J0301-TP-XS,TOP,XS,Red,95.0
2311,J0301-TP-XXL,TOP,XXL,Red,148.0
2312,J0301-TP-XXXL,TOP,XXXL,Red,180.0
2313,J0302-DR-L,DRESS,L,Grey,2.0
2314,J0302-DR-M,DRESS,M,Grey,2.0
2315,J0302-DR-S,DRESS,S,Grey,2.0
2316,J0302-DR-XL,DRESS,XL,Grey,2.0
2317,J0302-DR-XS,DRESS,XS,Grey,1.0
2318,J0302-DR-XXL,DRESS,XXL,Grey,3.0
2319,J0302-DR-XXXL,DRESS,XXXL,Grey,2.0
2320,J0303-KR-L,KURTA,L,Grey,0.0
2321,J0303-KR-M,KURTA,M,Grey,2.0
2322,J0303-KR-S,KURTA,S,Grey,0.0
2323,J0303-KR-XL,KURTA,XL,Grey,0.0
2324,J0303-KR-XS,KURTA,XS,Grey,2.0
2325,J0303-KR-XXL,KURTA,XXL,Grey,0.0
2326,J0303-KR-XXXL,KURTA,XXXL,Grey,0.0
2327,J0304-TP-L,TOP,L,Yellow,1.0
2328,J0304-TP-M,TOP,M,Yellow,0.0
2329,J0304-TP-S,TOP,S,Yellow,1.0
2330,J0304-TP-XL,TOP,XL,Yellow,2.0
2331,J0304-TP-XS,TOP,XS,Yellow,1.0
2332,J0304-TP-XXL,TOP,XXL,Yellow,4.0
2333,J0304-TP-XXXL,TOP,XXXL,Yellow,2.0
2334,J0305-DR-L,DRESS,L,Yellow,1.0
2335,J0305-DR-M,DRESS,M,Yellow,2.0
2336,J0305-DR-S,DRESS,S,Yellow,3.0
2337,J0305-DR-XL,DRESS,XL,Yellow,2.0
2338,J0305-DR-XS,DRESS,XS,Yellow,2.0
2339,J0305-DR-XXL,DRESS,XXL,Yellow,3.0
2340,J0305-DR-XXXL,DRESS,XXXL,Yellow,0.0
2341,J0306-DR-L,DRESS,L,Red,3.0
2342,J0306-DR-M,DRESS,M,Red,5.0
2343,J0306-DR-S,DRESS,S,Red,15.0
2344,J0306-DR-XL,DRESS,XL,Red,5.0
2345,J0306-DR-XS,DRESS,XS,Red,22.0
2346,J0306-DR-XXL,DRESS,XXL,Red,4.0
2347,J0306-DR-XXXL,DRESS,XXXL,Red,7.0
2348,J0307-TP-L,TOP,L,Multicolor,5.0
2349,J0307-TP-M,TOP,M,Multicolor,1.0
2350,J0307-TP-S,TOP,S,Multicolor,4.0
2351,J0307-TP-XL,TOP,XL,Multicolor,3.0
2352,J0307-TP-XS,TOP,XS,Multicolor,2.0
2353,J0307-TP-XXL,TOP,XXL,Multicolor,2.0
2354,J0307-TP-XXXL,TOP,XXXL,Multicolor,8.0
2355,J0308-DR-L,DRESS,L,Multicolor,2.0
2356,J0308-DR-M,DRESS,M,Multicolor,4.0
2357,J0308-DR-S,DRESS,S,Multicolor,3.0
2358,J0308-DR-XL,DRESS,XL,Multicolor,2.0
2359,J0308-DR-XS,DRESS,XS,Multicolor,35.0
2360,J0308-DR-XXL,DRESS,XXL,Multicolor,2.0
2361,J0308-DR-XXXL,DRESS,XXXL,Multicolor,2.0
2362,J0310-TP-L,TOP,L,Multicolor,2.0
2363,J0310-TP-M,TOP,M,Multicolor,4.0
2364,J0310-TP-S,TOP,S,Multicolor,14.0
2365,J0310-TP-XL,TOP,XL,Multicolor,3.0
2366,J0310-TP-XS,TOP,XS,Multicolor,21.0
2367,J0310-TP-XXL,TOP,XXL,Multicolor,4.0
2368,J0310-TP-XXXL,TOP,XXXL,Multicolor,3.0
2369,J0312-KR-L,KURTA,L,Multicolor,4.0
2370,J0312-KR-M,KURTA,M,Multicolor,2.0
2371,J0312-KR-S,KURTA,S,Multicolor,3.0
2372,J0312-KR-XL,KURTA,XL,Multicolor,2.0
2373,J0312-KR-XXL,KURTA,XXL,Multicolor,2.0
2374,J0312-KR-XXXL,KURTA,XXXL,Multicolor,2.0
2375,J0314-KR-L,KURTA,L,Multicolor,5.0
2376,J0314-KR-M,KURTA,M,Multicolor,3.0
2377,J0314-KR-S,KURTA,S,Multicolor,3.0
2378,J0314-KR-XL,KURTA,XL,Multicolor,4.0
2379,J0314-KR-XXL,KURTA,XXL,Multicolor,3.0
2380,J0315-KR-L,KURTA,L,Grey,2.0
2381,J0315-KR-M,KURTA,M,Grey,2.0
2382,J0315-KR-S,KURTA,S,Grey,1.0
2383,J0315-KR-XL,KURTA,XL,Grey,3.0
2384,J0315-KR-XXL,KURTA,XXL,Grey,6.0
2385,J0317-KR-L,KURTA,L,Red,2.0
2386,J0317-KR-M,KURTA,M,Red,2.0
2387,J0317-KR-S,KURTA,S,Red,3.0
2388,J0317-KR-XL,KURTA,XL,Red,6.0
2389,J0317-KR-XXL,KURTA,XXL,Red,3.0
2390,J0317-KR-XXXL,KURTA,XXXL,Red,1.0
2391,J0318-KR-L,KURTA,L,Black,1.0
2392,J0318-KR-M,KURTA,M,Black,0.0
2393,J0318-KR-S,KURTA,S,Black,1.0
2394,J0318-KR-XL,KURTA,XL,Black,1.0
2395,J0318-KR-XXL,KURTA,XXL,Black,2.0
2396,J0318-KR-XXXL,KURTA,XXXL,Black,1.0
2397,J0319-KR-L,KURTA,L,Yellow,3.0
2398,J0319-KR-M,KURTA,M,Yellow,2.0
2399,J0319-KR-S,KURTA,S,Yellow,2.0
2400,J0319-KR-XL,KURTA,XL,Yellow,2.0
2401,J0319-KR-XXL,KURTA,XXL,Yellow,3.0
2402,J0320-KR-L,KURTA,L,Black,4.0
2403,J0320-KR-M,KURTA,M,Black,2.0
2404,J0320-KR-S,KURTA,S,Black,2.0
2405,J0320-KR-XL,KURTA,XL,Black,1.0
2406,J0320-KR-XXL,KURTA,XXL,Black,2.0
2407,J0321-KR-L,KURTA,L,Grey,2.0
2408,J0321-KR-M,KURTA,M,Grey,2.0
2409,J0321-KR-S,KURTA,S,Grey,2.0
2410,J0321-KR-XL,KURTA,XL,Grey,1.0
2411,J0321-KR-XXL,KURTA,XXL,Grey,2.0
2412,J0321-KR-XXXL,KURTA,XXXL,Grey,1.0
2413,J0322-KR-L,KURTA,L,Black,2.0
2414,J0322-KR-M,KURTA,M,Black,2.0
2415,J0322-KR-S,KURTA,S,Black,2.0
2416,J0322-KR-XL,KURTA,XL,Black,0.0
2417,J0322-KR-XXL,KURTA,XXL,Black,4.0
2418,J0323-CD-L,CARDIGAN,L,Cream,2.0
2419,J0323-CD-M,CARDIGAN,M,Cream,5.0
2420,J0323-CD-S,CARDIGAN,S,Cream,4.0
2421,J0323-CD-XL,CARDIGAN,XL,Cream,3.0
2422,J0323-CD-XXL,CARDIGAN,XXL,Cream,2.0
2423,J0324-CD-L,CARDIGAN,L,Blue,4.0
2424,J0324-CD-M,CARDIGAN,M,Blue,2.0
2425,J0324-CD-S,CARDIGAN,S,Blue,3.0
2426,J0324-CD-XL,CARDIGAN,XL,Blue,2.0
2427,J0324-CD-XXL,CARDIGAN,XXL,Blue,2.0
2428,J0324-CD-XXXL,CARDIGAN,XXXL,Blue,1.0
2429,J0328-KR-L,KURTA,L,White,0.0
2430,J0328-KR-M,KURTA,M,White,0.0
2431,J0328-KR-S,KURTA,S,White,0.0
2432,J0328-KR-XL,KURTA,XL,White,0.0
2433,J0328-KR-XS,KURTA,XS,White,1.0
2434,J0328-KR-XXL,KURTA,XXL,White,0.0
2435,J0328-KR-XXXL,KURTA,XXXL,White,0.0
2436,J0329-KR-L,KURTA,L,Yellow,0.0
2437,J0329-KR-M,KURTA,M,Yellow,0.0
2438,J0329-KR-S,KURTA,S,Yellow,2.0
2439,J0329-KR-XL,KURTA,XL,Yellow,26.0
2440,J0329-KR-XS,KURTA,XS,Yellow,24.0
2441,J0329-KR-XXL,KURTA,XXL,Yellow,6.0
2442,J0329-KR-XXXL,KURTA,XXXL,Yellow,7.0
2443,J0330-KR-L,KURTA,L,Blue,6.0
2444,J0330-KR-M,KURTA,M,Blue,8.0
2445,J0330-KR-S,KURTA,S,Blue,6.0
2446,J0330-KR-XL,KURTA,XL,Blue,3.0
2447,J0330-KR-XS,KURTA,XS,Blue,5.0
2448,J0330-KR-XXL,KURTA,XXL,Blue,24.0
2449,J0330-KR-XXXL,KURTA,XXXL,Blue,23.0
2450,J0331-KR-L,KURTA,L,Purple,57.0
2451,J0331-KR-M,KURTA,M,Purple,64.0
2452,J0331-KR-S,KURTA,S,Purple,50.0
2453,J0331-KR-XL,KURTA,XL,Purple,51.0
2454,J0331-KR-XS,KURTA,XS,Purple,52.0
2455,J0331-KR-XXL,KURTA,XXL,Purple,60.0
2456,J0331-KR-XXXL,KURTA,XXXL,Purple,27.0
2457,J0332-DR-L,DRESS,L,Pink,0.0
2458,J0332-DR-M,DRESS,M,Pink,3.0
2459,J0332-DR-S,DRESS,S,Pink,2.0
2460,J0332-DR-XL,DRESS,XL,Pink,3.0
2461,J0332-DR-XS,DRESS,XS,Pink,1.0
2462,J0332-DR-XXL,DRESS,XXL,Pink,4.0
2463,J0332-DR-XXXL,DRESS,XXXL,Pink,2.0
2464,J0333-DR-L,DRESS,L,Blue,28.0
2465,J0333-DR-M,DRESS,M,Blue,29.0
2466,J0333-DR-S,DRESS,S,Blue,5.0
2467,J0333-DR-XL,DRESS,XL,Blue,78.0
2468,J0333-DR-XS,DRESS,XS,Blue,42.0
2469,J0333-DR-XXL,DRESS,XXL,Blue,65.0
2470,J0333-DR-XXXL,DRESS,XXXL,Blue,36.0
2471,J0334-TP-L,TOP,L,Orange,22.0
2472,J0334-TP-M,TOP,M,Orange,22.0
2473,J0334-TP-S,TOP,S,Orange,5.0
2474,J0334-TP-XL,TOP,XL,Orange,2.0
2475,J0334-TP-XS,TOP,XS,Orange,44.0
2476,J0334-TP-XXL,TOP,XXL,Orange,15.0
2477,J0334-TP-XXXL,TOP,XXXL,Orange,42.0
2478,J0335-DR-L,DRESS,L,Orange,11.0
2479,J0335-DR-M,DRESS,M,Orange,13.0
2480,J0335-DR-S,DRESS,S,Orange,28.0
2481,J0335-DR-XL,DRESS,XL,Orange,13.0
2482,J0335-DR-XS,DRESS,XS,Orange,122.0
2483,J0335-DR-XXL,DRESS,XXL,Orange,3.0
2484,J0335-DR-XXXL,DRESS,XXXL,Orange,6.0
2485,J0336-TP-L,TOP,L,Blue,26.0
2486,J0336-TP-M,TOP,M,Blue,41.0
2487,J0336-TP-S,TOP,S,Blue,54.0
2488,J0336-TP-XL,TOP,XL,Blue,50.0
2489,J0336-TP-XS,TOP,XS,Blue,27.0
2490,J0336-TP-XXL,TOP,XXL,Blue,63.0
2491,J0336-TP-XXXL,TOP,XXXL,Blue,48.0
2492,J0337-TP-L,TOP,L,Mustard,60.0
2493,J0337-TP-M,TOP,M,Mustard,69.0
2494,J0337-TP-S,TOP,S,Mustard,58.0
2495,J0337-TP-XL,TOP,XL,Mustard,75.0
2496,J0337-TP-XS,TOP,XS,Mustard,21.0
2497,J0337-TP-XXL,TOP,XXL,Mustard,46.0
2498,J0337-TP-XXXL,TOP,XXXL,Mustard,15.0
2499,J0338-DR-L,DRESS,L,Mustard,145.0
2500,J0338-DR-M,DRESS,M,Mustard,224.0
2501,J0338-DR-S,DRESS,S,Mustard,245.0
2502,J0338-DR-XL,DRESS,XL,Mustard,116.0
2503,J0338-DR-XS,DRESS,XS,Mustard,146.0
2504,J0338-DR-XXL,DRESS,XXL,Mustard,37.0
2505,J0338-DR-XXXL,DRESS,XXXL,Mustard,52.0
2506,J0339-DR-L,DRESS,L,Green,5.0
2507,J0339-DR-M,DRESS,M,Green,12.0
2508,J0339-DR-S,DRESS,S,Green,100.0
2509,J0339-DR-XL,DRESS,XL,Green,17.0
2510,J0339-DR-XS,DRESS,XS,Green,46.0
2511,J0339-DR-XXL,DRESS,XXL,Green,20.0
2512,J0339-DR-XXXL,DRESS,XXXL,Green,10.0
2513,J0340-TP-L,TOP,L,Green,86.0
2514,J0340-TP-M,TOP,M,Green,40.0
2515,J0340-TP-S,TOP,S,Green,12.0
2516,J0340-TP-XL,TOP,XL,Green,21.0
2517,J0340-TP-XS,TOP,XS,Green,49.0
2518,J0340-TP-XXL,TOP,XXL,Green,24.0
2519,J0340-TP-XXXL,TOP,XXXL,Green,18.0
2520,J0341-DR-L,DRESS,L,Blue,193.0
2521,J0341-DR-M,DRESS,M,Blue,198.0
2522,J0341-DR-S,DRESS,S,Blue,441.0
2523,J0341-DR-XL,DRESS,XL,Blue,31.0
2524,J0341-DR-XS,DRESS,XS,Blue,77.0
2525,J0341-DR-XXL,DRESS,XXL,Blue,166.0
2526,J0341-DR-XXXL,DRESS,XXXL,Blue,329.0
2527,,TOP,FREE,Blue,0.0
2528,J0342-TP-L,TOP,L,Blue,70.0
2529,J0342-TP-M,TOP,M,Blue,182.0
2530,J0342-TP-S,TOP,S,Blue,151.0
2531,J0342-TP-XL,TOP,XL,Blue,92.0
2532,J0342-TP-XS,TOP,XS,Blue,116.0
2533,J0342-TP-XXL,TOP,XXL,Blue,61.0
2534,J0342-TP-XXXL,TOP,XXXL,Blue,49.0
2535,J0343-DR-L,DRESS,L,Navy Blue,83.0
2536,J0343-DR-M,DRESS,M,Navy Blue,153.0
2537,J0343-DR-S,DRESS,S,Navy Blue,108.0
2538,J0343-DR-XL,DRESS,XL,Navy Blue,74.0
2539,J0343-DR-XS,DRESS,XS,Navy Blue,131.0
2540,J0343-DR-XXL,DRESS,XXL,Navy Blue,49.0
2541,J0343-DR-XXXL,DRESS,XXXL,Navy Blue,7.0
2542,J0344-TP-L,TOP,L,Navy Blue,234.0
2543,J0344-TP-M,TOP,M,Navy Blue,154.0
2544,J0344-TP-S,TOP,S,Navy Blue,139.0
2545,J0344-TP-XL,TOP,XL,Navy Blue,145.0
2546,J0344-TP-XS,TOP,XS,Navy Blue,131.0
2547,J0344-TP-XXL,TOP,XXL,Navy Blue,177.0
2548,J0344-TP-XXXL,TOP,XXXL,Navy Blue,157.0
2549,J0345-SET-L,SET,L,Cream,4.0
2550,J0345-SET-M,SET,M,Cream,1.0
2551,J0345-SET-S,SET,S,Cream,2.0
2552,J0345-SET-XL,SET,XL,Cream,8.0
2553,J0345-SET-XS,SET,XS,Cream,0.0
2554,J0345-SET-XXL,SET,XXL,Cream,25.0
2555,J0345-SET-XXXL,SET,XXXL,Cream,32.0
2556,J0346-SET-L,SET,L,Cream,6.0
2557,J0346-SET-M,SET,M,Cream,2.0
2558,J0346-SET-S,SET,S,Cream,2.0
2559,J0346-SET-XL,SET,XL,Cream,5.0
2560,J0346-SET-XS,SET,XS,Cream,3.0
2561,J0346-SET-XXL,SET,XXL,Cream,28.0
2562,J0346-SET-XXXL,SET,XXXL,Cream,29.0
2563,J0347-SET-L,SET,L,Black,1.0
2564,J0347-SET-M,SET,M,Black,1.0
2565,J0347-SET-S,SET,S,Black,2.0
2566,J0347-SET-XL,SET,XL,Black,6.0
2567,J0347-SET-XS,SET,XS,Black,3.0
2568,J0347-SET-XXL,SET,XXL,Black,11.0
2569,J0347-SET-XXXL,SET,XXXL,Black,26.0
2570,J0348-SET-L,SET,L,Mustard,7.0
2571,J0348-SET-M,SET,M,Mustard,4.0
2572,J0348-SET-S,SET,S,Mustard,4.0
2573,J0348-SET-XL,SET,XL,Mustard,28.0
2574,J0348-SET-XS,SET,XS,Mustard,4.0
2575,J0348-SET-XXL,SET,XXL,Mustard,45.0
2576,J0348-SET-XXXL,SET,XXXL,Mustard,34.0
2577,J0349-SET-L,CROP TOP WITH PLAZZO,L,Cream,111.0
2578,J0349-SET-M,CROP TOP WITH PLAZZO,M,Cream,232.0
2579,J0349-SET-S,CROP TOP WITH PLAZZO,S,Cream,95.0
2580,J0349-SET-XL,CROP TOP WITH PLAZZO,XL,Cream,64.0
2581,J0349-SET-XS,CROP TOP WITH PLAZZO,XS,Cream,77.0
2582,J0349-SET-XXL,CROP TOP WITH PLAZZO,XXL,Cream,11.0
2583,J0349-SET-XXXL,CROP TOP WITH PLAZZO,XXXL,Cream,27.0
2584,J0350-SET-L,SET,L,Cream,2.0
2585,J0350-SET-M,SET,M,Cream,2.0
2586,J0350-SET-S,SET,S,Cream,2.0
2587,J0350-SET-XL,SET,XL,Cream,3.0
2588,J0350-SET-XS,SET,XS,Cream,1.0
2589,J0350-SET-XXL,SET,XXL,Cream,15.0
2590,J0350-SET-XXXL,SET,XXXL,Cream,10.0
2591,J0351-SET-L,SET,L,Cream,24.0
2592,J0351-SET-M,SET,M,Cream,99.0
2593,J0351-SET-S,SET,S,Cream,30.0
2594,J0351-SET-XL,SET,XL,Cream,13.0
2595,J0351-SET-XS,SET,XS,Cream,20.0
2596,J0351-SET-XXL,SET,XXL,Cream,23.0
2597,J0351-SET-XXXL,SET,XXXL,Cream,18.0
2598,J0352-KR-L,KURTA,L,Green,22.0
2599,J0352-KR-M,KURTA,M,Green,54.0
2600,J0352-KR-S,KURTA,S,Green,30.0
2601,J0352-KR-XL,KURTA,XL,Green,15.0
2602,J0352-KR-XXL,KURTA,XXL,Green,26.0
2603,J0353-KR-L,KURTA,L,Peach,85.0
2604,J0353-KR-M,KURTA,M,Peach,91.0
2605,J0353-KR-S,KURTA,S,Peach,129.0
2606,J0353-KR-XL,KURTA,XL,Peach,35.0
2607,J0353-KR-XXL,KURTA,XXL,Peach,9.0
2608,J0354-KR-L,KURTA,L,Pink,66.0
2609,J0354-KR-M,KURTA,M,Pink,77.0
2610,J0354-KR-S,KURTA,S,Pink,37.0
2611,J0354-KR-XL,KURTA,XL,Pink,81.0
2612,J0354-KR-XXL,KURTA,XXL,Pink,26.0
2613,J0354-KR-XXXL,KURTA,XXXL,Pink,1.0
2614,J0355-KR-L,KURTA,L,Blue,26.0
2615,J0355-KR-M,KURTA,M,Blue,33.0
2616,J0355-KR-S,KURTA,S,Blue,33.0
2617,J0355-KR-XL,KURTA,XL,Blue,30.0
2618,J0355-KR-XXL,KURTA,XXL,Blue,6.0
2619,J0369-SKD-L,KURTA SET,L,Grey,3.0
2620,J0369-SKD-M,KURTA SET,M,Grey,5.0
2621,J0369-SKD-S,KURTA SET,S,Grey,7.0
2622,J0369-SKD-XL,KURTA SET,XL,Grey,2.0
2623,J0369-SKD-XS,KURTA SET,XS,Grey,37.0
2624,J0369-SKD-XXL,KURTA SET,XXL,Grey,33.0
2625,J0369-SKD-XXXL,KURTA SET,XXXL,Grey,23.0
2626,J0370-SKD-L,KURTA SET,L,Maroon,32.0
2627,J0370-SKD-M,KURTA SET,M,Maroon,45.0
2628,J0370-SKD-S,KURTA SET,S,Maroon,37.0
2629,J0370-SKD-XL,KURTA SET,XL,Maroon,32.0
2630,J0370-SKD-XS,KURTA SET,XS,Maroon,46.0
2631,J0370-SKD-XXL,KURTA SET,XXL,Maroon,55.0
2632,J0370-SKD-XXXL,KURTA SET,XXXL,Maroon,35.0
2633,J0371-SKD-L,KURTA SET,L,Teal,3.0
2634,J0371-SKD-M,KURTA SET,M,Teal,2.0
2635,J0371-SKD-S,KURTA SET,S,Teal,2.0
2636,J0371-SKD-XL,KURTA SET,XL,Teal,3.0
2637,J0371-SKD-XS,KURTA SET,XS,Teal,6.0
2638,J0371-SKD-XXL,KURTA SET,XXL,Teal,11.0
2639,J0371-SKD-XXXL,KURTA SET,XXXL,Teal,20.0
2640,J0372-SKD-L,KURTA SET,L,Mustard,31.0
2641,J0372-SKD-M,KURTA SET,M,Mustard,25.0
2642,J0372-SKD-S,KURTA SET,S,Mustard,39.0
2643,J0372-SKD-XL,KURTA SET,XL,Mustard,32.0
2644,J0372-SKD-XS,KURTA SET,XS,Mustard,26.0
2645,J0372-SKD-XXL,KURTA SET,XXL,Mustard,22.0
2646,J0372-SKD-XXXL,KURTA SET,XXXL,Mustard,26.0
2647,J0373-KR-L,KURTA,L,Orange,5.0
2648,J0373-KR-M,KURTA,M,Orange,4.0
2649,J0373-KR-S,KURTA,S,Orange,24.0
2650,J0373-KR-XL,KURTA,XL,Orange,3.0
2651,J0373-KR-XS,KURTA,XS,Orange,41.0
2652,J0373-KR-XXL,KURTA,XXL,Orange,21.0
2653,J0373-KR-XXXL,KURTA,XXXL,Orange,8.0
2654,J0374-KR-L,KURTA,L,Green,3.0
2655,J0374-KR-M,KURTA,M,Green,2.0
2656,J0374-KR-S,KURTA,S,Green,11.0
2657,J0374-KR-XL,KURTA,XL,Green,5.0
2658,J0374-KR-XS,KURTA,XS,Green,23.0
2659,J0374-KR-XXL,KURTA,XXL,Green,5.0
2660,J0374-KR-XXXL,KURTA,XXXL,Green,7.0
2661,J0375-SKD-L,SET,L,Cream,35.0
2662,J0375-SKD-M,SET,M,Cream,47.0
2663,J0375-SKD-S,SET,S,Cream,34.0
2664,J0375-SKD-XL,SET,XL,Cream,22.0
2665,J0375-SKD-XS,SET,XS,Cream,37.0
2666,J0375-SKD-XXL,SET,XXL,Cream,37.0
2667,J0375-SKD-XXXL,SET,XXXL,Cream,19.0
2668,J0376-SKD-L,KURTA,L,Pink,1.0
2669,J0376-SKD-M,KURTA,M,Pink,0.0
2670,J0376-SKD-S,KURTA,S,Pink,7.0
2671,J0376-SKD-XL,KURTA,XL,Pink,9.0
2672,J0376-SKD-XS,KURTA,XS,Pink,5.0
2673,J0376-SKD-XXL,KURTA,XXL,Pink,3.0
2674,J0376-SKD-XXXL,KURTA,XXXL,Pink,2.0
2675,J0377-SKD-L,SET,L,Beige,7.0
2676,J0377-SKD-M,SET,M,Beige,3.0
2677,J0377-SKD-S,SET,S,Beige,23.0
2678,J0377-SKD-XL,SET,XL,Beige,0.0
2679,J0377-SKD-XS,SET,XS,Beige,25.0
2680,J0377-SKD-XXL,SET,XXL,Beige,1.0
2681,J0377-SKD-XXXL,SET,XXXL,Beige,2.0
2682,J0378-SKD-L,SET,L,Green,1.0
2683,J0378-SKD-M,SET,M,Green,1.0
2684,J0378-SKD-S,SET,S,Green,3.0
2685,J0378-SKD-XL,SET,XL,Green,2.0
2686,J0378-SKD-XS,SET,XS,Green,3.0
2687,J0378-SKD-XXL,SET,XXL,Green,0.0
2688,J0378-SKD-XXXL,SET,XXXL,Green,2.0
2689,J0379-SKD-L,SET,L,Green,3.0
2690,J0379-SKD-M,SET,M,Green,7.0
2691,J0379-SKD-S,SET,S,Green,14.0
2692,J0379-SKD-XL,SET,XL,Green,12.0
2693,J0379-SKD-XS,SET,XS,Green,19.0
2694,J0379-SKD-XXL,SET,XXL,Green,2.0
2695,J0379-SKD-XXXL,SET,XXXL,Green,24.0
2696,J0380-SKD-L,SET,L,Pink,29.0
2697,J0380-SKD-M,SET,M,Pink,16.0
2698,J0380-SKD-S,SET,S,Pink,27.0
2699,J0380-SKD-XL,SET,XL,Pink,12.0
2700,J0380-SKD-XS,SET,XS,Pink,33.0
2701,J0380-SKD-XXL,SET,XXL,Pink,14.0
2702,J0380-SKD-XXXL,SET,XXXL,Pink,19.0
2703,J0381-SKD-L,SET,L,Gold,47.0
2704,J0381-SKD-M,SET,M,Gold,91.0
2705,J0381-SKD-S,SET,S,Gold,32.0
2706,J0381-SKD-XL,SET,XL,Gold,31.0
2707,J0381-SKD-XS,SET,XS,Gold,28.0
2708,J0381-SKD-XXL,SET,XXL,Gold,29.0
2709,J0381-SKD-XXXL,SET,XXXL,Gold,21.0
2710,J0382-SKD-L,SET,L,Grey,10.0
2711,J0382-SKD-M,SET,M,Grey,4.0
2712,J0382-SKD-S,SET,S,Grey,18.0
2713,J0382-SKD-XL,SET,XL,Grey,13.0
2714,J0382-SKD-XS,SET,XS,Grey,28.0
2715,J0382-SKD-XXL,SET,XXL,Grey,20.0
2716,J0382-SKD-XXXL,SET,XXXL,Grey,22.0
2717,J0385-KR-L,KURTA,L,Red,10.0
2718,J0385-KR-M,KURTA,M,Red,5.0
2719,J0385-KR-S,KURTA,S,Red,13.0
2720,J0385-KR-XL,KURTA,XL,Red,24.0
2721,J0385-KR-XS,KURTA,XS,Red,30.0
2722,J0385-KR-XXL,KURTA,XXL,Red,39.0
2723,J0385-KR-XXXL,KURTA,XXXL,Red,20.0
2724,J0386-KR-L,KURTA,L,Rust,0.0
2725,J0386-KR-M,KURTA,M,Rust,0.0
2726,J0386-KR-S,KURTA,S,Rust,3.0
2727,J0386-KR-XL,KURTA,XL,Rust,0.0
2728,J0386-KR-XS,KURTA,XS,Rust,6.0
2729,J0386-KR-XXL,KURTA,XXL,Rust,1.0
2730,J0386-KR-XXXL,KURTA,XXXL,Rust,2.0
2731,J0388-TP-L,TOP,L,Red,32.0
2732,J0388-TP-M,TOP,M,Red,28.0
2733,J0388-TP-S,TOP,S,Red,38.0
2734,J0388-TP-XL,TOP,XL,Red,36.0
2735,J0388-TP-XS,TOP,XS,Red,29.0
2736,J0388-TP-XXL,TOP,XXL,Red,39.0
2737,J0388-TP-XXXL,TOP,XXXL,Red,31.0
2738,J0389-TP-L,TOP,L,Teal,27.0
2739,J0389-TP-M,TOP,M,Teal,24.0
2740,J0389-TP-S,TOP,S,Teal,23.0
2741,J0389-TP-XL,TOP,XL,Teal,30.0
2742,J0389-TP-XS,TOP,XS,Teal,37.0
2743,J0389-TP-XXL,TOP,XXL,Teal,34.0
2744,J0389-TP-XXXL,TOP,XXXL,Teal,25.0
2745,J0390-TP-L,TOP,L,Mauve,3.0
2746,J0390-TP-M,TOP,M,Mauve,3.0
2747,J0390-TP-S,TOP,S,Mauve,15.0
2748,J0390-TP-XL,TOP,XL,Mauve,1.0
2749,J0390-TP-XS,TOP,XS,Mauve,30.0
2750,J0390-TP-XXL,TOP,XXL,Mauve,4.0
2751,J0390-TP-XXXL,TOP,XXXL,Mauve,2.0
2752,J0391-TP-L,TOP,L,Green,1.0
2753,J0391-TP-M,TOP,M,Green,2.0
2754,J0391-TP-S,TOP,S,Green,11.0
2755,J0391-TP-XL,TOP,XL,Green,1.0
2756,J0391-TP-XS,TOP,XS,Green,20.0
2757,J0391-TP-XXL,TOP,XXL,Green,10.0
2758,J0391-TP-XXXL,TOP,XXXL,Green,0.0
2759,J0392-TP-L,TOP,L,Rust,20.0
2760,J0392-TP-M,TOP,M,Rust,25.0
2761,J0392-TP-S,TOP,S,Rust,31.0
2762,J0392-TP-XL,TOP,XL,Rust,30.0
2763,J0392-TP-XS,TOP,XS,Rust,21.0
2764,J0392-TP-XXL,TOP,XXL,Rust,34.0
2765,J0392-TP-XXXL,TOP,XXXL,Rust,28.0
2766,J0395-DR-L,DRESS,L,Teal,2.0
2767,J0395-DR-M,DRESS,M,Teal,0.0
2768,J0395-DR-S,DRESS,S,Teal,1.0
2769,J0395-DR-XL,DRESS,XL,Teal,2.0
2770,J0395-DR-XS,DRESS,XS,Teal,1.0
2771,J0395-DR-XXL,DRESS,XXL,Teal,3.0
2772,J0395-DR-XXXL,DRESS,XXXL,Teal,2.0
2773,J0396-DR-L,DRESS,L,Yellow,1.0
2774,J0396-DR-M,DRESS,M,Yellow,4.0
2775,J0396-DR-S,DRESS,S,Yellow,6.0
2776,J0396-DR-XL,DRESS,XL,Yellow,1.0
2777,J0396-DR-XS,DRESS,XS,Yellow,4.0
2778,J0396-DR-XXL,DRESS,XXL,Yellow,7.0
2779,J0396-DR-XXXL,DRESS,XXXL,Yellow,2.0
2780,J0397-DR-L,DRESS,L,Red,2.0
2781,J0397-DR-M,DRESS,M,Red,6.0
2782,J0397-DR-S,DRESS,S,Red,26.0
2783,J0397-DR-XL,DRESS,XL,Red,7.0
2784,J0397-DR-XS,DRESS,XS,Red,21.0
2785,J0397-DR-XXL,DRESS,XXL,Red,16.0
2786,J0397-DR-XXXL,DRESS,XXXL,Red,3.0
2787,J0398-DR-L,DRESS,L,Wine,13.0
2788,J0398-DR-M,DRESS,M,Wine,2.0
2789,J0398-DR-S,DRESS,S,Wine,3.0
2790,J0398-DR-XL,DRESS,XL,Wine,21.0
2791,J0398-DR-XS,DRESS,XS,Wine,19.0
2792,J0398-DR-XXL,DRESS,XXL,Wine,29.0
2793,J0399-DR-L,DRESS,L,Rust,1.0
2794,J0399-DR-M,DRESS,M,Rust,2.0
2795,J0399-DR-S,DRESS,S,Rust,3.0
2796,J0399-DR-XL,DRESS,XL,Rust,5.0
2797,J0399-DR-XS,DRESS,XS,Rust,0.0
2798,J0399-DR-XXL,DRESS,XXL,Rust,9.0
2799,J0399-DR-XXXL,DRESS,XXXL,Rust,17.0
2800,J0400-DR-L,DRESS,L,Sea Green,4.0
2801,J0400-DR-M,DRESS,M,Sea Green,4.0
2802,J0400-DR-S,DRESS,S,Sea Green,3.0
2803,J0400-DR-XL,DRESS,XL,Sea Green,12.0
2804,J0400-DR-XS,DRESS,XS,Sea Green,10.0
2805,J0400-DR-XXL,DRESS,XXL,Sea Green,24.0
2806,J0400-DR-XXXL,DRESS,XXXL,Sea Green,15.0
2807,J0401-DR-L,DRESS,L,Yellow,3.0
2808,J0401-DR-M,DRESS,M,Yellow,3.0
2809,J0401-DR-S,DRESS,S,Yellow,6.0
2810,J0401-DR-XL,DRESS,XL,Yellow,2.0
2811,J0401-DR-XS,DRESS,XS,Yellow,5.0
2812,J0401-DR-XXL,DRESS,XXL,Yellow,4.0
2813,J0401-DR-XXXL,DRESS,XXXL,Yellow,2.0
2814,J0402-DR-L,DRESS,L,Teal,13.0
2815,J0402-DR-M,DRESS,M,Teal,21.0
2816,J0402-DR-S,DRESS,S,Teal,22.0
2817,J0402-DR-XL,DRESS,XL,Teal,35.0
2818,J0402-DR-XS,DRESS,XS,Teal,16.0
2819,J0402-DR-XXL,DRESS,XXL,Teal,23.0
2820,J0413-DR-L,DRESS,L,MINT GREEN,0.0
2821,J0413-DR-M,DRESS,M,MINT GREEN,1.0
2822,J0413-DR-S,DRESS,S,MINT GREEN,5.0
2823,J0413-DR-XL,DRESS,XL,MINT GREEN,12.0
2824,J0413-DR-XS,DRESS,XS,MINT GREEN,4.0
2825,J0413-DR-XXL,DRESS,XXL,MINT GREEN,7.0
2826,J0414-DR-L,DRESS,L,CORAL ORANGE,1.0
2827,J0414-DR-M,DRESS,M,CORAL ORANGE,1.0
2828,J0414-DR-S,DRESS,S,CORAL ORANGE,0.0
2829,J0414-DR-XL,DRESS,XL,CORAL ORANGE,3.0
2830,J0414-DR-XS,DRESS,XS,CORAL ORANGE,1.0
2831,J0414-DR-XXL,DRESS,XXL,CORAL ORANGE,0.0
2832,J0414-DR-XXXL,DRESS,XXXL,CORAL ORANGE,0.0
2833,J0415-DR-L,DRESS,L,CORAL PINK,4.0
2834,J0415-DR-M,DRESS,M,CORAL PINK,0.0
2835,J0415-DR-S,DRESS,S,CORAL PINK,0.0
2836,J0415-DR-XL,DRESS,XL,CORAL PINK,3.0
2837,J0415-DR-XS,DRESS,XS,CORAL PINK,2.0
2838,J0415-DR-XXL,DRESS,XXL,CORAL PINK,2.0
2839,J0415-DR-XXXL,DRESS,XXXL,CORAL PINK,7.0
2840,J0416-DR-L,DRESS,L,Pink,2.0
2841,J0416-DR-M,DRESS,M,Pink,1.0
2842,J0416-DR-S,DRESS,S,Pink,0.0
2843,J0416-DR-XL,DRESS,XL,Pink,13.0
2844,J0416-DR-XS,DRESS,XS,Pink,12.0
2845,J0416-DR-XXL,DRESS,XXL,Pink,9.0
2846,J0417-TP-L,TOP,L,Sea Green,23.0
2847,J0417-TP-M,TOP,M,Sea Green,8.0
2848,J0417-TP-S,TOP,S,Sea Green,18.0
2849,J0417-TP-XL,TOP,XL,Sea Green,20.0
2850,J0417-TP-XS,TOP,XS,Sea Green,19.0
2851,J0417-TP-XXL,TOP,XXL,Sea Green,12.0
2852,J0417-TP-XXXL,TOP,XXXL,Sea Green,13.0
2853,J0418-TP-L,TOP,L,Yellow,12.0
2854,J0418-TP-M,TOP,M,Yellow,3.0
2855,J0418-TP-S,TOP,S,Yellow,1.0
2856,J0418-TP-XL,TOP,XL,Yellow,42.0
2857,J0418-TP-XS,TOP,XS,Yellow,2.0
2858,J0418-TP-XXL,TOP,XXL,Yellow,29.0
2859,J0419-TP-L,TOP,L,Maroon,34.0
2860,J0419-TP-M,TOP,M,Maroon,22.0
2861,J0419-TP-S,TOP,S,Maroon,20.0
2862,J0419-TP-XL,TOP,XL,Maroon,40.0
2863,J0419-TP-XS,TOP,XS,Maroon,21.0
2864,J0419-TP-XXL,TOP,XXL,Maroon,41.0
2865,J0419-TP-XXXL,TOP,XXXL,Maroon,23.0
2866,J0420-TP-L,TOP,L,Pink,21.0
2867,J0420-TP-M,TOP,M,Pink,12.0
2868,J0420-TP-S,TOP,S,Pink,23.0
2869,J0420-TP-XL,TOP,XL,Pink,34.0
2870,J0420-TP-XS,TOP,XS,Pink,22.0
2871,J0420-TP-XXL,TOP,XXL,Pink,32.0
2872,J0420-TP-XXXL,TOP,XXXL,Pink,31.0
2873,J0421-TP-L,TOP,L,Teal,50.0
2874,J0421-TP-M,TOP,M,Teal,46.0
2875,J0421-TP-S,TOP,S,Teal,46.0
2876,J0421-TP-XL,TOP,XL,Teal,53.0
2877,J0421-TP-XS,TOP,XS,Teal,45.0
2878,J0421-TP-XXL,TOP,XXL,Teal,42.0
2879,J0429-DR-L,DRESS,L,Peach,49.0
2880,J0429-DR-M,DRESS,M,Peach,65.0
2881,J0429-DR-S,DRESS,S,Peach,66.0
2882,J0429-DR-XL,DRESS,XL,Peach,48.0
2883,J0429-DR-XS,DRESS,XS,Peach,43.0
2884,J0429-DR-XXL,DRESS,XXL,Peach,72.0
2885,J0429-DR-XXXL,DRESS,XXXL,Peach,52.0
2886,J0430-DR-L,DRESS,L,Sea Green,70.0
2887,J0430-DR-M,DRESS,M,Sea Green,69.0
2888,J0430-DR-S,DRESS,S,Sea Green,72.0
2889,J0430-DR-XL,DRESS,XL,Sea Green,71.0
2890,J0430-DR-XS,DRESS,XS,Sea Green,58.0
2891,J0430-DR-XXL,DRESS,XXL,Sea Green,73.0
2892,J0430-DR-XXXL,DRESS,XXXL,Sea Green,57.0
2893,J0431-DR-L,DRESS,L,Blue,49.0
2894,J0431-DR-M,DRESS,M,Blue,51.0
2895,J0431-DR-S,DRESS,S,Blue,61.0
2896,J0431-DR-XL,DRESS,XL,Blue,58.0
2897,J0431-DR-XS,DRESS,XS,Blue,54.0
2898,J0431-DR-XXL,DRESS,XXL,Blue,63.0
2899,J0431-DR-XXXL,DRESS,XXXL,Blue,52.0
2900,J0432-DR-L,DRESS,L,Peach,50.0
2901,J0432-DR-M,DRESS,M,Peach,24.0
2902,J0432-DR-S,DRESS,S,Peach,48.0
2903,J0432-DR-XL,DRESS,XL,Peach,25.0
2904,J0432-DR-XS,DRESS,XS,Peach,50.0
2905,J0432-DR-XXL,DRESS,XXL,Peach,25.0
2906,J0432-DR-XXXL,DRESS,XXXL,Peach,50.0
2907,J0433-DR-L,DRESS,L,Yellow,20.0
2908,J0433-DR-M,DRESS,M,Yellow,20.0
2909,J0433-DR-S,DRESS,S,Yellow,20.0
2910,J0433-DR-XL,DRESS,XL,Yellow,20.0
2911,J0433-DR-XS,DRESS,XS,Yellow,24.0
2912,J0433-DR-XXL,DRESS,XXL,Yellow,20.0
2913,J0433-DR-XXXL,DRESS,XXXL,Yellow,20.0
2914,J0434-DR-L,DRESS,L,White,45.0
2915,J0434-DR-M,DRESS,M,White,56.0
2916,J0434-DR-S,DRESS,S,White,60.0
2917,J0434-DR-XL,DRESS,XL,White,61.0
2918,J0434-DR-XS,DRESS,XS,White,48.0
2919,J0434-DR-XXL,DRESS,XXL,White,57.0
2920,J0434-DR-XXXL,DRESS,XXXL,White,43.0
2921,J0435-DR-L,DRESS,L,Pink,20.0
2922,J0435-DR-M,DRESS,M,Pink,19.0
2923,J0435-DR-S,DRESS,S,Pink,19.0
2924,J0435-DR-XL,DRESS,XL,Pink,20.0
2925,J0435-DR-XS,DRESS,XS,Pink,20.0
2926,J0435-DR-XXL,DRESS,XXL,Pink,19.0
2927,J0435-DR-XXXL,DRESS,XXXL,Pink,20.0
2928,J0436-DR-M,DRESS,M,Sky Blue,20.0
2929,J0436-DR-S,DRESS,S,Sky Blue,29.0
2930,J0436-DR-XL,DRESS,XL,Sky Blue,20.0
2931,J0436-DR-XS,DRESS,XS,Sky Blue,20.0
2932,J0436-DR-XXL,DRESS,XXL,Sky Blue,11.0
2933,J0436-DR-XXXL,DRESS,XXXL,Sky Blue,19.0
2934,JAN8601-KR-L,KURTA,L,White,1.0
2935,JAN8601-KR-M,KURTA,M,White,1.0
2936,JAN8601-KR-S,KURTA,S,White,1.0
2937,JAN8601-KR-XL,KURTA,XL,White,2.0
2938,JAN8601-KR-XXL,KURTA,XXL,White,0.0
2939,JAN8602-KR-L,KURTA,L,Navy Blue,4.0
2940,JAN8602-KR-M,KURTA,M,Navy Blue,4.0
2941,JAN8602-KR-S,KURTA,S,Navy Blue,2.0
2942,JAN8602-KR-XL,KURTA,XL,Navy Blue,3.0
2943,JAN8602-KR-XXL,KURTA,XXL,Navy Blue,1.0
2944,JAN8603-DR-L,DRESS,L,Light Pink,1.0
2945,JAN8603-DR-M,DRESS,M,Light Pink,1.0
2946,JAN8603-DR-S,DRESS,S,Light Pink,1.0
2947,JAN8603-DR-XL,DRESS,XL,Light Pink,3.0
2948,JAN8603-DR-XXL,DRESS,XXL,Light Pink,0.0
2949,JAN8604-KR-L,DRESS,L,Sky Blue,6.0
2950,JAN8604-KR-M,DRESS,M,Sky Blue,5.0
2951,JAN8604-KR-S,DRESS,S,Sky Blue,2.0
2952,JAN8604-KR-XL,DRESS,XL,Sky Blue,8.0
2953,JAN8604-KR-XXL,DRESS,XXL,Sky Blue,2.0
2954,JAN8605-KR-NP-L,SET,L,Green,3.0
2955,JAN8605-KR-NP-M,SET,M,Green,4.0
2956,JAN8605-KR-NP-S,SET,S,Green,3.0
2957,JAN8605-KR-NP-XL,SET,XL,Green,4.0
2958,JAN8605-KR-NP-XXL,SET,XXL,Green,4.0
2959,JAN8606-TP-L,TOP,L,Red,5.0
2960,JAN8606-TP-M,TOP,M,Red,5.0
2961,JAN8606-TP-S,TOP,S,Red,2.0
2962,JAN8606-TP-XL,TOP,XL,Red,6.0
2963,JAN8606-TP-XXL,TOP,XXL,Red,5.0
2964,JAN8607-TP-L,TOP,L,Sky Blue,0.0
2965,JAN8607-TP-M,TOP,M,Sky Blue,0.0
2966,JAN8607-TP-S,TOP,S,Sky Blue,0.0
2967,JAN8607-TP-XL,TOP,XL,Sky Blue,2.0
2968,JAN8607-TP-XXL,TOP,XXL,Sky Blue,0.0
2969,JAN8608-KR-L,KURTA,L,Beige,9.0
2970,JAN8608-KR-M,KURTA,M,Beige,9.0
2971,JAN8608-KR-S,KURTA,S,Beige,5.0
2972,JAN8608-KR-XL,KURTA,XL,Beige,10.0
2973,JAN8608-KR-XXL,KURTA,XXL,Beige,4.0
2974,JAN8609-KR-NP-L,SET,L,Yellow,9.0
2975,JAN8609-KR-NP-M,SET,M,Yellow,9.0
2976,JAN8609-KR-NP-S,SET,S,Yellow,5.0
2977,JAN8609-KR-NP-XL,SET,XL,Yellow,11.0
2978,JAN8609-KR-NP-XXL,SET,XXL,Yellow,4.0
2979,JAN8610-KR-NP-L,SET,L,Green,10.0
2980,JAN8610-KR-NP-M,SET,M,Green,9.0
2981,JAN8610-KR-NP-S,SET,S,Green,4.0
2982,JAN8610-KR-NP-XL,SET,XL,Green,9.0
2983,JAN8610-KR-NP-XXL,SET,XXL,Green,8.0
2984,JAN8611-KR-NP-L,SET,L,Turquoise Green,12.0
2985,JAN8611-KR-NP-M,SET,M,Turquoise Green,11.0
2986,JAN8611-KR-NP-S,SET,S,Turquoise Green,6.0
2987,JAN8611-KR-NP-XL,SET,XL,Turquoise Green,16.0
2988,JAN8611-KR-NP-XXL,SET,XXL,Turquoise Green,2.0
2989,JAN8612-KR-NP-L,SET,L,Yellow,9.0
2990,JAN8612-KR-NP-M,SET,M,Yellow,2.0
2991,JAN8612-KR-NP-S,SET,S,Yellow,5.0
2992,JAN8612-KR-NP-XL,SET,XL,Yellow,16.0
2993,JAN8612-KR-NP-XXL,SET,XXL,Yellow,3.0
2994,JAN8613-TP-L,TOP,L,White,10.0
2995,JAN8613-TP-M,TOP,M,White,9.0
2996,JAN8613-TP-S,TOP,S,White,5.0
2997,JAN8613-TP-XL,TOP,XL,White,10.0
2998,JAN8613-TP-XXL,TOP,XXL,White,6.0
2999,JAN8614-TP-L,TOP,L,Green,2.0
3000,JAN8614-TP-M,TOP,M,Green,3.0
3001,JAN8614-TP-S,TOP,S,Green,1.0
3002,JAN8614-TP-XL,TOP,XL,Green,5.0
3003,JAN8614-TP-XXL,TOP,XXL,Green,5.0
3004,JAN8615-TP-L,TOP,L,Blue,3.0
3005,JAN8615-TP-M,TOP,M,Blue,0.0
3006,JAN8615-TP-S,TOP,S,Blue,9.0
3007,JAN8615-TP-XL,TOP,XL,Blue,2.0
3008,JAN8615-TP-XXL,TOP,XXL,Blue,3.0
3009,JAN8616-TP-L,TOP,L,Yellow,11.0
3010,JAN8616-TP-M,TOP,M,Yellow,9.0
3011,JAN8616-TP-S,TOP,S,Yellow,4.0
3012,JAN8616-TP-XL,TOP,XL,Yellow,12.0
3013,JAN8616-TP-XXL,TOP,XXL,Yellow,7.0
3014,JAN8617-KR-L,KURTA,L,Peach,8.0
3015,JAN8617-KR-M,KURTA,M,Peach,7.0
3016,JAN8617-KR-S,KURTA,S,Peach,3.0
3017,JAN8617-KR-XL,KURTA,XL,Peach,5.0
3018,JAN8617-KR-XXL,KURTA,XXL,Peach,5.0
3019,JAN8618-DR-L,DRESS,L,Blue,10.0
3020,JAN8618-DR-M,DRESS,M,Blue,8.0
3021,JAN8618-DR-S,DRESS,S,Blue,0.0
3022,JAN8618-DR-XL,DRESS,XL,Blue,7.0
3023,JAN8618-DR-XXL,DRESS,XXL,Blue,1.0
3024,JAN8619-KR-L,KURTA,L,Red,2.0
3025,JAN8619-KR-M,KURTA,M,Red,3.0
3026,JAN8619-KR-S,KURTA,S,Red,0.0
3027,JAN8619-KR-XL,KURTA,XL,Red,5.0
3028,JAN8619-KR-XXL,KURTA,XXL,Red,0.0
3029,JAN8620-KR-L,KURTA,L,Sky Blue,2.0
3030,JAN8620-KR-M,KURTA,M,Sky Blue,3.0
3031,JAN8620-KR-S,KURTA,S,Sky Blue,6.0
3032,JAN8620-KR-XL,KURTA,XL,Sky Blue,3.0
3033,JAN8620-KR-XXL,KURTA,XXL,Sky Blue,2.0
3034,JAN8621-DR-L,DRESS,L,Beige,10.0
3035,JAN8621-DR-M,DRESS,M,Beige,10.0
3036,JAN8621-DR-S,DRESS,S,Beige,4.0
3037,JAN8621-DR-XL,DRESS,XL,Beige,12.0
3038,JAN8621-DR-XXL,DRESS,XXL,Beige,3.0
3039,JAN8622-KR-NP-L,SET,L,Turquoise Green,1.0
3040,JAN8622-KR-NP-M,SET,M,Turquoise Green,2.0
3041,JAN8622-KR-NP-S,SET,S,Turquoise Green,1.0
3042,JAN8622-KR-NP-XL,SET,XL,Turquoise Green,0.0
3043,JAN8622-KR-NP-XXL,SET,XXL,Turquoise Green,0.0
3044,JAN8623-DR-L,DRESS,L,Teal,4.0
3045,JAN8623-DR-M,DRESS,M,Teal,6.0
3046,JAN8623-DR-S,DRESS,S,Teal,1.0
3047,JAN8623-DR-XL,DRESS,XL,Teal,5.0
3048,JAN8623-DR-XXL,DRESS,XXL,Teal,1.0
3049,JAN8624-DR-L,DRESS,L,White,10.0
3050,JAN8624-DR-M,DRESS,M,White,6.0
3051,JAN8624-DR-S,DRESS,S,White,3.0
3052,JAN8624-DR-XL,DRESS,XL,White,12.0
3053,JAN8624-DR-XXL,DRESS,XXL,White,6.0
3054,JAN8625-KR-L,KURTA,L,Black,4.0
3055,JAN8625-KR-M,KURTA,M,Black,2.0
3056,JAN8625-KR-S,KURTA,S,Black,4.0
3057,JAN8625-KR-XL,KURTA,XL,Black,2.0
3058,JAN8625-KR-XXL,KURTA,XXL,Black,0.0
3059,JAN8631-KR-NP-L,SET,L,Rust,17.0
3060,JAN8631-KR-NP-M,SET,M,Rust,19.0
3061,JAN8631-KR-NP-S,SET,S,Rust,16.0
3062,JAN8631-KR-NP-XL,SET,XL,Rust,22.0
3063,JAN8631-KR-NP-XXL,SET,XXL,Rust,19.0
3064,JAN8632-KR-NP-L,SET,L,TEAL BLUE ,37.0
3065,JAN8632-KR-NP-M,SET,M,TEAL BLUE ,36.0
3066,JAN8632-KR-NP-S,SET,S,TEAL BLUE ,27.0
3067,JAN8632-KR-NP-XL,SET,XL,TEAL BLUE ,37.0
3068,JAN8632-KR-NP-XXL,SET,XXL,TEAL BLUE ,28.0
3069,JAN8633-KR-NP-L,SET,L,Maroon,26.0
3070,JAN8633-KR-NP-M,SET,M,Maroon,24.0
3071,JAN8633-KR-NP-S,SET,S,Maroon,10.0
3072,JAN8633-KR-NP-XL,SET,XL,Maroon,26.0
3073,JAN8633-KR-NP-XXL,SET,XXL,Maroon,17.0
3074,JAN8634-KR-NP-L,KURTA SET,L,Turquoise,30.0
3075,JAN8634-KR-NP-M,KURTA SET,M,Turquoise,30.0
3076,JAN8634-KR-NP-S,KURTA SET,S,Turquoise,26.0
3077,JAN8634-KR-NP-XL,KURTA SET,XL,Turquoise,34.0
3078,JAN8634-KR-NP-XXL,KURTA SET,XXL,Turquoise,26.0
3079,JAN8635-KR-NP-L,SET,L,Pink,26.0
3080,JAN8635-KR-NP-M,SET,M,Pink,30.0
3081,JAN8635-KR-NP-S,SET,S,Pink,19.0
3082,JAN8635-KR-NP-XL,SET,XL,Pink,31.0
3083,JAN8635-KR-NP-XXL,SET,XXL,Pink,20.0
3084,JAN8636-KR-NP-L,SET,L,Grey,16.0
3085,JAN8636-KR-NP-M,SET,M,Grey,15.0
3086,JAN8636-KR-NP-S,SET,S,Grey,4.0
3087,JAN8636-KR-NP-XL,SET,XL,Grey,15.0
3088,JAN8636-KR-NP-XXL,SET,XXL,Grey,6.0
3089,JAN8637-KR-NP-L,SET,L,BURGUNDY,7.0
3090,JAN8637-KR-NP-M,SET,M,BURGUNDY,9.0
3091,JAN8637-KR-NP-S,SET,S,BURGUNDY,3.0
3092,JAN8637-KR-NP-XL,SET,XL,BURGUNDY,11.0
3093,JAN8637-KR-NP-XXL,SET,XXL,BURGUNDY,3.0
3094,JAN8638-KR-NP-L,SET,L,Green,8.0
3095,JAN8638-KR-NP-M,SET,M,Green,6.0
3096,JAN8638-KR-NP-S,SET,S,Green,0.0
3097,JAN8638-KR-NP-XL,SET,XL,Green,9.0
3098,JAN8638-KR-NP-XXL,SET,XXL,Green,0.0
3099,JAN8639-KR-NP-L,SET,L,Teal,9.0
3100,JAN8639-KR-NP-M,SET,M,Teal,11.0
3101,JAN8639-KR-NP-S,SET,S,Teal,5.0
3102,JAN8639-KR-NP-XL,SET,XL,Teal,11.0
3103,JAN8639-KR-NP-XXL,SET,XXL,Teal,2.0
3104,JAN8640-DR-L,DRESS,L,Brown,0.0
3105,JAN8640-DR-M,DRESS,M,Brown,0.0
3106,JAN8640-DR-S,DRESS,S,Brown,0.0
3107,JAN8640-DR-XL,DRESS,XL,Brown,3.0
3108,JAN8640-DR-XXL,DRESS,XXL,Brown,0.0
3109,JAN8641-DR-L,DRESS,L,MINT GREEN,0.0
3110,JAN8641-DR-M,DRESS,M,MINT GREEN,3.0
3111,JAN8641-DR-S,DRESS,S,MINT GREEN,0.0
3112,JAN8641-DR-XL,DRESS,XL,MINT GREEN,4.0
3113,JAN8641-DR-XXL,DRESS,XXL,MINT GREEN,3.0
3114,JAN8642-TP-L,TOP,L,Yellow,2.0
3115,JAN8642-TP-M,TOP,M,Yellow,3.0
3116,JAN8642-TP-S,TOP,S,Yellow,2.0
3117,JAN8642-TP-XL,TOP,XL,Yellow,2.0
3118,JAN8642-TP-XXL,TOP,XXL,Yellow,2.0
3119,JAN8643-KR-L,KURTA,L,Teal,12.0
3120,JAN8643-KR-M,KURTA,M,Teal,12.0
3121,JAN8643-KR-S,KURTA,S,Teal,6.0
3122,JAN8643-KR-XL,KURTA,XL,Teal,10.0
3123,JAN8643-KR-XXL,KURTA,XXL,Teal,5.0
3124,JAN8644-TP-L,TOP,L,Black,11.0
3125,JAN8644-TP-M,TOP,M,Black,12.0
3126,JAN8644-TP-S,TOP,S,Black,6.0
3127,JAN8644-TP-XL,TOP,XL,Black,12.0
3128,JAN8644-TP-XXL,TOP,XXL,Black,8.0
3129,JAN8645-DR-L,DRESS,L,White,5.0
3130,JAN8645-DR-M,DRESS,M,White,4.0
3131,JAN8645-DR-S,DRESS,S,White,1.0
3132,JAN8645-DR-XL,DRESS,XL,White,9.0
3133,JAN8645-DR-XXL,DRESS,XXL,White,3.0
3134,JAN8646-KR-NP-L,SET,L,OFF WHITE,2.0
3135,JAN8646-KR-NP-M,SET,M,OFF WHITE,2.0
3136,JAN8646-KR-NP-S,SET,S,OFF WHITE,0.0
3137,JAN8646-KR-NP-XL,SET,XL,OFF WHITE,1.0
3138,JAN8646-KR-NP-XXL,SET,XXL,OFF WHITE,2.0
3139,JAN8652-KR-NP-L,SET,L,Green,10.0
3140,JAN8652-KR-NP-M,SET,M,Green,7.0
3141,JAN8652-KR-NP-S,SET,S,Green,5.0
3142,JAN8652-KR-NP-XL,SET,XL,Green,12.0
3143,JAN8652-KR-NP-XXL,SET,XXL,Green,10.0
3144,JAN8653-TP-L,TOP,L,White,3.0
3145,JAN8653-TP-M,TOP,M,White,3.0
3146,JAN8653-TP-S,TOP,S,White,3.0
3147,JAN8653-TP-XL,TOP,XL,White,0.0
3148,JAN8653-TP-XXL,TOP,XXL,White,5.0
3149,JAN8654-KR-L,KURTA,L,Mustard,5.0
3150,JAN8654-KR-M,KURTA,M,Mustard,3.0
3151,JAN8654-KR-S,KURTA,S,Mustard,2.0
3152,JAN8654-KR-XL,KURTA,XL,Mustard,8.0
3153,JAN8654-KR-XXL,KURTA,XXL,Mustard,3.0
3154,JAN8655-DR-L,DRESS,L,Cream,8.0
3155,JAN8655-DR-M,DRESS,M,Cream,3.0
3156,JAN8655-DR-S,DRESS,S,Cream,0.0
3157,JAN8655-DR-XL,DRESS,XL,Cream,7.0
3158,JAN8655-DR-XXL,DRESS,XXL,Cream,3.0
3159,JAN8656-KR-NP-L,SET,L,Green,6.0
3160,JAN8656-KR-NP-M,SET,M,Green,3.0
3161,JAN8656-KR-NP-S,SET,S,Green,9.0
3162,JAN8656-KR-NP-XL,SET,XL,Green,6.0
3163,JAN8656-KR-NP-XXL,SET,XXL,Green,7.0
3164,JAN8657-TP-L,TOP,L,Brown,6.0
3165,JAN8657-TP-M,TOP,M,Brown,4.0
3166,JAN8657-TP-S,TOP,S,Brown,3.0
3167,JAN8657-TP-XL,TOP,XL,Brown,3.0
3168,JAN8657-TP-XXL,TOP,XXL,Brown,4.0
3169,JAN8658-KR-L,KURTA,L,Red,13.0
3170,JAN8658-KR-M,KURTA,M,Red,13.0
3171,JAN8658-KR-S,KURTA,S,Red,13.0
3172,JAN8658-KR-XL,KURTA,XL,Red,15.0
3173,JAN8658-KR-XXL,KURTA,XXL,Red,15.0
3174,JAN8659-KR-NP-L,SET,L,Green,10.0
3175,JAN8659-KR-NP-M,SET,M,Green,8.0
3176,JAN8659-KR-NP-S,SET,S,Green,6.0
3177,JAN8659-KR-NP-XL,SET,XL,Green,10.0
3178,JAN8659-KR-NP-XXL,SET,XXL,Green,6.0
3179,JAN8660-KR-NP-L,SET,L,White,3.0
3180,JAN8660-KR-NP-M,SET,M,White,5.0
3181,JAN8660-KR-NP-S,SET,S,White,1.0
3182,JAN8660-KR-NP-XL,SET,XL,White,6.0
3183,JAN8660-KR-NP-XXL,SET,XXL,White,4.0
3184,JAN8661-KR-NP-L,SET,L,Red,1.0
3185,JAN8661-KR-NP-M,SET,M,Red,5.0
3186,JAN8661-KR-NP-S,SET,S,Red,1.0
3187,JAN8661-KR-NP-XL,SET,XL,Red,4.0
3188,JAN8661-KR-NP-XXL,SET,XXL,Red,3.0
3189,JAN8662-KR-NP-L,KURTA SET,L,AQUA GREEN,0.0
3190,JAN8662-KR-NP-M,KURTA SET,M,AQUA GREEN,1.0
3191,JAN8662-KR-NP-S,KURTA SET,S,AQUA GREEN,2.0
3192,JAN8662-KR-NP-XL,KURTA SET,XL,AQUA GREEN,0.0
3193,JAN8662-KR-NP-XXL,KURTA SET,XXL,AQUA GREEN,2.0
3194,JAN8663-TP-L,TOP,L,White,9.0
3195,JAN8663-TP-M,TOP,M,White,7.0
3196,JAN8663-TP-S,TOP,S,White,8.0
3197,JAN8663-TP-XL,TOP,XL,White,6.0
3198,JAN8663-TP-XXL,TOP,XXL,White,13.0
3199,JAN8664-TP-L,TOP,L,Sky Blue,3.0
3200,JAN8664-TP-M,TOP,M,Sky Blue,4.0
3201,JAN8664-TP-S,TOP,S,Sky Blue,4.0
3202,JAN8664-TP-XL,TOP,XL,Sky Blue,5.0
3203,JAN8664-TP-XXL,TOP,XXL,Sky Blue,5.0
3204,JAN8665-TP-L,TOP,L,LIGHT YELLOW,1.0
3205,JAN8665-TP-M,TOP,M,LIGHT YELLOW,1.0
3206,JAN8665-TP-S,TOP,S,LIGHT YELLOW,0.0
3207,JAN8665-TP-XL,TOP,XL,LIGHT YELLOW,2.0
3208,JAN8665-TP-XXL,TOP,XXL,LIGHT YELLOW,2.0
3209,JAN8666-TP-L,TOP,L,Green,4.0
3210,JAN8666-TP-M,TOP,M,Green,3.0
3211,JAN8666-TP-S,TOP,S,Green,7.0
3212,JAN8666-TP-XL,TOP,XL,Green,5.0
3213,JAN8666-TP-XXL,TOP,XXL,Green,8.0
3214,JAN8667-DR-L,DRESS,L,White,0.0
3215,JAN8667-DR-M,DRESS,M,White,0.0
3216,JAN8667-DR-S,DRESS,S,White,0.0
3217,JAN8667-DR-XL,DRESS,XL,White,0.0
3218,JAN8667-DR-XXL,DRESS,XXL,White,0.0
3219,JAN8668-DR-L,DRESS,L,Green,0.0
3220,JAN8668-DR-M,DRESS,M,Green,0.0
3221,JAN8668-DR-S,DRESS,S,Green,0.0
3222,JAN8668-DR-XL,DRESS,XL,Green,0.0
3223,JAN8668-DR-XXL,DRESS,XXL,Green,0.0
3224,JAN8669-DR-L,DRESS,L,LIGHT YELLOW,2.0
3225,JAN8669-DR-M,DRESS,M,LIGHT YELLOW,1.0
3226,JAN8669-DR-S,DRESS,S,LIGHT YELLOW,1.0
3227,JAN8669-DR-XL,DRESS,XL,LIGHT YELLOW,2.0
3228,JAN8669-DR-XXL,DRESS,XXL,LIGHT YELLOW,1.0
3229,JAN8670-DR-L,DRESS,L,Blue,4.0
3230,JAN8670-DR-M,DRESS,M,Blue,4.0
3231,JAN8670-DR-S,DRESS,S,Blue,4.0
3232,JAN8670-DR-XL,DRESS,XL,Blue,6.0
3233,JAN8670-DR-XXL,DRESS,XXL,Blue,3.0
3234,JAN8676-KR-L,KURTA,L,Mustard,3.0
3235,JAN8676-KR-M,KURTA,M,Mustard,1.0
3236,JAN8676-KR-S,KURTA,S,Mustard,5.0
3237,JAN8676-KR-XL,KURTA,XL,Mustard,4.0
3238,JAN8676-KR-XXL,KURTA,XXL,Mustard,3.0
3239,JAN8677-KR-L,KURTA,L,Sea Green,17.0
3240,JAN8677-KR-M,KURTA,M,Sea Green,17.0
3241,JAN8677-KR-S,KURTA,S,Sea Green,21.0
3242,JAN8677-KR-XL,KURTA,XL,Sea Green,18.0
3243,JAN8677-KR-XXL,KURTA,XXL,Sea Green,16.0
3244,JAN8678-KR-L,KURTA,L,Pink,4.0
3245,JAN8678-KR-M,KURTA,M,Pink,4.0
3246,JAN8678-KR-S,KURTA,S,Pink,5.0
3247,JAN8678-KR-XL,KURTA,XL,Pink,4.0
3248,JAN8678-KR-XXL,KURTA,XXL,Pink,4.0
3249,JAN8679-KR-L,KURTA,L,Pink,4.0
3250,JAN8679-KR-M,KURTA,M,Pink,4.0
3251,JAN8679-KR-S,KURTA,S,Pink,0.0
3252,JAN8679-KR-XL,KURTA,XL,Pink,7.0
3253,JAN8679-KR-XXL,KURTA,XXL,Pink,9.0
3254,JAN8680-KR-L,KURTA,L,Blue,5.0
3255,JAN8680-KR-M,KURTA,M,Blue,0.0
3256,JAN8680-KR-S,KURTA,S,Blue,0.0
3257,JAN8680-KR-XL,KURTA,XL,Blue,2.0
3258,JAN8680-KR-XXL,KURTA,XXL,Blue,1.0
3259,JNE0722,SAREE,FREE,Purple,56.0
3260,JNE0850,SAREE,FREE,Red,30.0
3261,JNE09186-BLUE-SR-JP7104RMV,SAREE,FREE,Teal,65.0
3262,JNE09187-PINK-SR-JP7104RNV,SAREE,FREE,Pink,30.0
3263,JNE09209-MULTI-SR-JP8101RMV,SAREE,FREE,Teal,24.0
3264,JNE09210-PINK-SR-JP8101RNV,SAREE,FREE,Pink,22.0
3265,JNE09233-MULTI-SR-JP8108PV,SAREE,FREE,Purple,26.0
3266,JNE09300-PURPLE-SR-JB6102PV,SAREE,FREE,Purple,59.0
3267,JNE1000-NAVY-SR-JB6102RMV,SAREE,FREE,Teal,71.0
3268,JNE1233-BLUE-KR-031-L,KURTA,L,Blue,46.0
3269,JNE1233-BLUE-KR-031-M,KURTA,M,Blue,117.0
3270,JNE1233-BLUE-KR-031-S,KURTA,S,Blue,61.0
3271,JNE1233-BLUE-KR-031-XL,KURTA,XL,Blue,139.0
3272,JNE1233-BLUE-KR-031-XS,KURTA,XS,Blue,23.0
3273,JNE1233-BLUE-KR-031-XXL,KURTA,XXL,Blue,49.0
3274,JNE1233-BLUE-KR-031-XXXL,KURTA,XXXL,Blue,75.0
3275,JNE1234-MULTI-KR-032-L,KURTA,L,Multicolor,24.0
3276,JNE1234-MULTI-KR-032-M,KURTA,M,Multicolor,21.0
3277,JNE1234-MULTI-KR-032-S,KURTA,S,Multicolor,8.0
3278,JNE1234-MULTI-KR-032-XL,KURTA,XL,Multicolor,8.0
3279,JNE1234-MULTI-KR-032-XS,KURTA,XS,Multicolor,18.0
3280,JNE1234-MULTI-KR-032-XXL,KURTA,XXL,Multicolor,32.0
3281,JNE1234-MULTI-KR-032-XXXL,KURTA,XXXL,Multicolor,4.0
3282,JNE1408-GREY-KR-UDF19-L,KURTA,L,Grey,174.0
3283,JNE1408-GREY-KR-UDF19-M,KURTA,M,Grey,32.0
3284,JNE1408-GREY-KR-UDF19-S,KURTA,S,Grey,404.0
3285,JNE1408-GREY-KR-UDF19-XL,KURTA,XL,Grey,103.0
3286,JNE1408-GREY-KR-UDF19-XS,KURTA,XS,Grey,262.0
3287,JNE1408-GREY-KR-UDF19-XXL,KURTA,XXL,Grey,55.0
3288,JNE1408-GREY-KR-UDF19-XXXL,KURTA,XXXL,Grey,119.0
3289,JNE1525-KR-UDF19BLACK-L,KURTA,L,Black,874.0
3290,JNE1525-KR-UDF19BLACK-M,KURTA,M,Black,1082.0
3291,JNE1525-KR-UDF19BLACK-S,KURTA,S,Black,775.0
3292,JNE1525-KR-UDF19BLACK-XL,KURTA,XL,Black,844.0
3293,JNE1525-KR-UDF19BLACK-XS,KURTA,XS,Black,563.0
3294,JNE1525-KR-UDF19BLACK-XXL,KURTA,XXL,Black,448.0
3295,JNE1525-KR-UDF19BLACK-XXXL,KURTA,XXXL,Black,222.0
3296,,KURTA,5XL,Black,1.0
3297,JNE1906-KR-031-L,KURTA,L,Black,4.0
3298,JNE1906-KR-031-M,KURTA,M,Black,10.0
3299,JNE1906-KR-031-S,KURTA,S,Black,21.0
3300,JNE1906-KR-031-XL,KURTA,XL,Black,10.0
3301,JNE1906-KR-031-XS,KURTA,XS,Black,34.0
3302,JNE1906-KR-031-XXL,KURTA,XXL,Black,7.0
3303,JNE1906-KR-031-XXXL,KURTA,XXXL,Black,1.0
3304,JNE1951-KR-155-L,KURTA,L,Green,5.0
3305,JNE1951-KR-155-M,KURTA,M,Green,8.0
3306,JNE1951-KR-155-S,KURTA,S,Green,23.0
3307,JNE1951-KR-155-XL,KURTA,XL,Green,0.0
3308,JNE1951-KR-155-XS,KURTA,XS,Green,15.0
3309,JNE1951-KR-155-XXL,KURTA,XXL,Green,4.0
3310,JNE1951-KR-155-XXXL,KURTA,XXXL,Green,0.0
3311,JNE1975-KR-309-L,KURTA,L,Yellow,1.0
3312,JNE1975-KR-309-M,KURTA,M,Yellow,0.0
3313,JNE1975-KR-309-S,KURTA,S,Yellow,2.0
3314,JNE1975-KR-309-XL,KURTA,XL,Yellow,0.0
3315,JNE1975-KR-309-XS,KURTA,XS,Yellow,2.0
3316,JNE1975-KR-309-XXL,KURTA,XXL,Yellow,2.0
3317,JNE1975-KR-309-XXXL,KURTA,XXXL,Yellow,0.0
3318,JNE1977-KR-237-L,KURTA,L,Peach,8.0
3319,JNE1977-KR-237-M,KURTA,M,Peach,3.0
3320,JNE1977-KR-237-S,KURTA,S,Peach,3.0
3321,JNE1977-KR-237-XL,KURTA,XL,Peach,11.0
3322,JNE1977-KR-237-XS,KURTA,XS,Peach,6.0
3323,JNE1977-KR-237-XXL,KURTA,XXL,Peach,3.0
3324,JNE1977-KR-237-XXXL,KURTA,XXXL,Peach,2.0
3325,JNE1978-KR-238-L,KURTA,L,Teal,2.0
3326,JNE1978-KR-238-M,KURTA,M,Teal,1.0
3327,JNE1978-KR-238-S,KURTA,S,Teal,1.0
3328,JNE1978-KR-238-XL,KURTA,XL,Teal,0.0
3329,JNE1978-KR-238-XS,KURTA,XS,Teal,2.0
3330,JNE1978-KR-238-XXL,KURTA,XXL,Teal,2.0
3331,JNE1978-KR-238-XXXL,KURTA,XXXL,Teal,1.0
3332,JNE1998-KR-311-L,KURTA,L,Multicolor,2.0
3333,JNE1998-KR-311-M,KURTA,M,Multicolor,8.0
3334,JNE1998-KR-311-S,KURTA,S,Multicolor,54.0
3335,JNE1998-KR-311-XL,KURTA,XL,Multicolor,17.0
3336,JNE1998-KR-311-XS,KURTA,XS,Multicolor,3.0
3337,JNE1998-KR-311-XXL,KURTA,XXL,Multicolor,5.0
3338,JNE2009-KR-310-L,KURTA,L,Brown,4.0
3339,JNE2009-KR-310-M,KURTA,M,Brown,10.0
3340,JNE2009-KR-310-S,KURTA,S,Brown,10.0
3341,JNE2009-KR-310-XL,KURTA,XL,Brown,2.0
3342,JNE2009-KR-310-XS,KURTA,XS,Brown,12.0
3343,JNE2009-KR-310-XXL,KURTA,XXL,Brown,2.0
3344,JNE2014-KR-178-L,KURTA,L,Multicolor,12.0
3345,JNE2014-KR-178-M,KURTA,M,Multicolor,27.0
3346,JNE2014-KR-178-S,KURTA,S,Multicolor,16.0
3347,JNE2014-KR-178-XL,KURTA,XL,Multicolor,20.0
3348,JNE2014-KR-178-XS,KURTA,XS,Multicolor,21.0
3349,JNE2014-KR-178-XXL,KURTA,XXL,Multicolor,28.0
3350,JNE2014-KR-178-XXXL,KURTA,XXXL,Multicolor,29.0
3351,JNE2032-KR-205-L,KURTA,L,Teal,0.0
3352,JNE2032-KR-205-M,KURTA,M,Teal,0.0
3353,JNE2032-KR-205-S,KURTA,S,Teal,46.0
3354,JNE2032-KR-205-XL,KURTA,XL,Teal,6.0
3355,JNE2032-KR-205-XS,KURTA,XS,Teal,45.0
3356,JNE2032-KR-205-XXL,KURTA,XXL,Teal,11.0
3357,JNE2032-KR-205-XXXL,KURTA,XXXL,Teal,4.0
3358,JNE2041-KR-297-L,KURTA,L,Red,3.0
3359,JNE2041-KR-297-M,KURTA,M,Red,6.0
3360,JNE2041-KR-297-S,KURTA,S,Red,6.0
3361,JNE2041-KR-297-XL,KURTA,XL,Red,2.0
3362,JNE2041-KR-297-XS,KURTA,XS,Red,5.0
3363,JNE2041-KR-297-XXL,KURTA,XXL,Red,3.0
3364,JNE2041-KR-297-XXXL,KURTA,XXXL,Red,12.0
3365,JNE2049-KR-351-L,KURTA,L,Black,4.0
3366,JNE2049-KR-351-M,KURTA,M,Black,62.0
3367,JNE2049-KR-351-S,KURTA,S,Black,159.0
3368,JNE2049-KR-351-XL,KURTA,XL,Black,41.0
3369,JNE2049-KR-351-XS,KURTA,XS,Black,20.0
3370,JNE2049-KR-351-XXL,KURTA,XXL,Black,43.0
3371,JNE2049-KR-351-XXXL,KURTA,XXXL,Black,33.0
3372,JNE2086-KR-389-L,KURTA,L,Multicolor,155.0
3373,JNE2086-KR-389-M,KURTA,M,Multicolor,35.0
3374,JNE2086-KR-389-S,KURTA,S,Multicolor,38.0
3375,JNE2086-KR-389-XL,KURTA,XL,Multicolor,32.0
3376,JNE2086-KR-389-XS,KURTA,XS,Multicolor,30.0
3377,JNE2086-KR-389-XXL,KURTA,XXL,Multicolor,27.0
3378,JNE2086-KR-389-XXXL,KURTA,XXXL,Multicolor,96.0
3379,JNE2100-KR-144-L,KURTA,L,Teal,8.0
3380,JNE2100-KR-144-M,KURTA,M,Teal,8.0
3381,JNE2100-KR-144-S,KURTA,S,Teal,76.0
3382,JNE2100-KR-144-XL,KURTA,XL,Teal,11.0
3383,JNE2100-KR-144-XS,KURTA,XS,Teal,239.0
3384,JNE2100-KR-144-XXL,KURTA,XXL,Teal,8.0
3385,JNE2100-KR-144-XXXL,KURTA,XXXL,Teal,13.0
3386,JNE2101-KR-210-L,KURTA,L,Red,0.0
3387,JNE2101-KR-210-M,KURTA,M,Red,2.0
3388,JNE2101-KR-210-S,KURTA,S,Red,2.0
3389,JNE2101-KR-210-XL,KURTA,XL,Red,0.0
3390,JNE2101-KR-210-XS,KURTA,XS,Red,1.0
3391,JNE2101-KR-210-XXL,KURTA,XXL,Red,0.0
3392,JNE2101-KR-210-XXXL,KURTA,XXXL,Red,2.0
3393,JNE2113-KR-381-L,KURTA,L,Multicolor,1.0
3394,JNE2113-KR-381-M,KURTA,M,Multicolor,3.0
3395,JNE2113-KR-381-S,KURTA,S,Multicolor,4.0
3396,JNE2113-KR-381-XL,KURTA,XL,Multicolor,5.0
3397,JNE2113-KR-381-XXL,KURTA,XXL,Multicolor,6.0
3398,JNE2114-KR-340-XL,KURTA,XL,Red,9.0
3399,JNE2131-KR-A-L,KURTA,L,Multicolor,6.0
3400,JNE2131-KR-A-M,KURTA,M,Multicolor,6.0
3401,JNE2131-KR-A-S,KURTA,S,Multicolor,10.0
3402,JNE2131-KR-A-XL,KURTA,XL,Multicolor,6.0
3403,JNE2131-KR-A-XS,KURTA,XS,Multicolor,8.0
3404,JNE2131-KR-A-XXL,KURTA,XXL,Multicolor,7.0
3405,JNE2131-KR-A-XXXL,KURTA,XXXL,Multicolor,8.0
3406,JNE2132-KR-398-L,KURTA,L,Pink,4.0
3407,JNE2132-KR-398-M,KURTA,M,Pink,3.0
3408,JNE2132-KR-398-S,KURTA,S,Pink,4.0
3409,JNE2132-KR-398-XL,KURTA,XL,Pink,2.0
3410,JNE2132-KR-398-XS,KURTA,XS,Pink,1.0
3411,JNE2132-KR-398-XXL,KURTA,XXL,Pink,9.0
3412,JNE2132-KR-398-XXXL,KURTA,XXXL,Pink,5.0
3413,JNE2145-KR-406-L,KURTA,L,Blue,0.0
3414,JNE2145-KR-406-M,KURTA,M,Blue,3.0
3415,JNE2145-KR-406-S,KURTA,S,Blue,2.0
3416,JNE2145-KR-406-XL,KURTA,XL,Blue,1.0
3417,JNE2145-KR-406-XS,KURTA,XS,Blue,1.0
3418,JNE2145-KR-406-XXL,KURTA,XXL,Blue,2.0
3419,JNE2145-KR-406-XXXL,KURTA,XXXL,Blue,3.0
3420,JNE2153-KR-278-L,KURTA,L,Sea Green,1.0
3421,JNE2153-KR-278-M,KURTA,M,Sea Green,5.0
3422,JNE2153-KR-278-S,KURTA,S,Sea Green,37.0
3423,JNE2153-KR-278-XL,KURTA,XL,Sea Green,4.0
3424,JNE2153-KR-278-XS,KURTA,XS,Sea Green,150.0
3425,JNE2153-KR-278-XXL,KURTA,XXL,Sea Green,3.0
3426,JNE2153-KR-278-XXXL,KURTA,XXXL,Sea Green,2.0
3427,JNE2170-KR-436-L,KURTA,L,Black,54.0
3428,JNE2170-KR-436-M,KURTA,M,Black,83.0
3429,JNE2170-KR-436-S,KURTA,S,Black,49.0
3430,JNE2170-KR-436-XL,KURTA,XL,Black,56.0
3431,JNE2170-KR-436-XS,KURTA,XS,Black,13.0
3432,JNE2170-KR-436-XXL,KURTA,XXL,Black,29.0
3433,JNE2170-KR-436-XXXL,KURTA,XXXL,Black,3.0
3434,JNE2171-KR-437-L,KURTA,L,White,5.0
3435,JNE2171-KR-437-M,KURTA,M,White,5.0
3436,JNE2171-KR-437-S,KURTA,S,White,92.0
3437,JNE2171-KR-437-XL,KURTA,XL,White,4.0
3438,JNE2171-KR-437-XS,KURTA,XS,White,29.0
3439,JNE2171-KR-437-XXL,KURTA,XXL,White,1.0
3440,JNE2171-KR-437-XXXL,KURTA,XXXL,White,1.0
3441,,KURTA,6XL,Pink,1.0
3442,JNE2199-KR-411-L,KURTA,L,Pink,21.0
3443,JNE2199-KR-411-M,KURTA,M,Pink,59.0
3444,JNE2199-KR-411-S,KURTA,S,Pink,35.0
3445,JNE2199-KR-411-XL,KURTA,XL,Pink,157.0
3446,JNE2199-KR-411-XS,KURTA,XS,Pink,6.0
3447,JNE2199-KR-411-XXL,KURTA,XXL,Pink,55.0
3448,JNE2199-KR-411-XXXL,KURTA,XXXL,Pink,122.0
3449,JNE2205-KR-467-L,KURTA,L,Light Green,1.0
3450,JNE2205-KR-467-M,KURTA,M,Light Green,0.0
3451,JNE2205-KR-467-S,KURTA,S,Light Green,2.0
3452,JNE2205-KR-467-XL,KURTA,XL,Light Green,3.0
3453,JNE2205-KR-467-XS,KURTA,XS,Light Green,8.0
3454,JNE2205-KR-467-XXL,KURTA,XXL,Light Green,7.0
3455,JNE2205-KR-467-XXXL,KURTA,XXXL,Light Green,2.0
3456,JNE2251-KR-537-L,KURTA,L,Peach,2.0
3457,JNE2251-KR-537-M,KURTA,M,Peach,3.0
3458,JNE2251-KR-537-S,KURTA,S,Peach,1.0
3459,JNE2251-KR-537-XL,KURTA,XL,Peach,2.0
3460,JNE2251-KR-537-XS,KURTA,XS,Peach,2.0
3461,JNE2251-KR-537-XXL,KURTA,XXL,Peach,2.0
3462,JNE2251-KR-537-XXXL,KURTA,XXXL,Peach,3.0
3463,JNE2262-KR-569-M,KURTA,M,Black,1.0
3464,JNE2262-KR-569-S,KURTA,S,Black,4.0
3465,JNE2262-KR-569-XXL,KURTA,XXL,Black,0.0
3466,JNE2265-KR-501-L,KURTA,L,Purple,12.0
3467,JNE2265-KR-501-M,KURTA,M,Purple,8.0
3468,JNE2265-KR-501-S,KURTA,S,Purple,5.0
3469,JNE2265-KR-501-XL,KURTA,XL,Purple,13.0
3470,JNE2265-KR-501-XS,KURTA,XS,Purple,26.0
3471,JNE2265-KR-501-XXL,KURTA,XXL,Purple,16.0
3472,JNE2265-KR-501-XXXL,KURTA,XXXL,Purple,1.0
3473,JNE2266-KR-490-L,KURTA,L,Black,2.0
3474,JNE2266-KR-490-M,KURTA,M,Black,19.0
3475,JNE2266-KR-490-S,KURTA,S,Black,5.0
3476,JNE2266-KR-490-XL,KURTA,XL,Black,20.0
3477,JNE2266-KR-490-XS,KURTA,XS,Black,60.0
3478,JNE2266-KR-490-XXL,KURTA,XXL,Black,6.0
3479,,KURTA,6XL,Beige,0.0
3480,JNE2270-KR-487-L,KURTA,L,Beige,414.0
3481,JNE2270-KR-487-M,KURTA,M,Beige,478.0
3482,JNE2270-KR-487-S,KURTA,S,Beige,193.0
3483,JNE2270-KR-487-XL,KURTA,XL,Beige,333.0
3484,JNE2270-KR-487-XS,KURTA,XS,Beige,173.0
3485,JNE2270-KR-487-XXL,KURTA,XXL,Beige,949.0
3486,JNE2270-KR-487-XXXL,KURTA,XXXL,Beige,0.0
3487,JNE2288-KR-L,KURTA,L,Yellow,35.0
3488,JNE2288-KR-M,KURTA,M,Yellow,25.0
3489,JNE2288-KR-S,KURTA,S,Yellow,28.0
3490,JNE2288-KR-XL,KURTA,XL,Yellow,22.0
3491,JNE2288-KR-XXL,KURTA,XXL,Yellow,25.0
3492,JNE2291-KR-602-L,KURTA,L,Mustard,6.0
3493,JNE2291-KR-602-M,KURTA,M,Mustard,44.0
3494,JNE2291-KR-602-S,KURTA,S,Mustard,62.0
3495,JNE2291-KR-602-XL,KURTA,XL,Mustard,24.0
3496,JNE2291-KR-602-XS,KURTA,XS,Mustard,60.0
3497,JNE2291-KR-602-XXL,KURTA,XXL,Mustard,19.0
3498,JNE2291-KR-602-XXXL,KURTA,XXXL,Mustard,10.0
3499,JNE2294-KR-A-L,KURTA,L,Yellow,3.0
3500,JNE2294-KR-A-M,KURTA,M,Yellow,8.0
3501,JNE2294-KR-A-S,KURTA,S,Yellow,8.0
3502,JNE2294-KR-A-XL,KURTA,XL,Yellow,6.0
3503,JNE2294-KR-A-XS,KURTA,XS,Yellow,9.0
3504,JNE2294-KR-A-XXL,KURTA,XXL,Yellow,3.0
3505,JNE2294-KR-A-XXXL,KURTA,XXXL,Yellow,4.0
3506,JNE2305-KR-533-L,KURTA,L,Light Brown,284.0
3507,JNE2305-KR-533-M,KURTA,M,Light Brown,186.0
3508,JNE2305-KR-533-S,KURTA,S,Light Brown,12.0
3509,JNE2305-KR-533-XL,KURTA,XL,Light Brown,284.0
3510,JNE2305-KR-533-XS,KURTA,XS,Light Brown,173.0
3511,JNE2305-KR-533-XXL,KURTA,XXL,Light Brown,126.0
3512,JNE2305-KR-XXXL,KURTA,XXXL,Light Brown,0.0
3513,JNE2307-KR-572-L,KURTA,L,Grey,3.0
3514,JNE2307-KR-572-M,KURTA,M,Grey,1.0
3515,JNE2307-KR-572-S,KURTA,S,Grey,2.0
3516,JNE2307-KR-572-XL,KURTA,XL,Grey,2.0
3517,JNE2307-KR-572-XXL,KURTA,XXL,Grey,3.0
3518,JNE3030-KR-L,KURTA,L,Maroon,7.0
3519,JNE3030-KR-M,KURTA,M,Maroon,48.0
3520,JNE3030-KR-S,KURTA,S,Maroon,33.0
3521,JNE3030-KR-XL,KURTA,XL,Maroon,5.0
3522,JNE3030-KR-XS,KURTA,XS,Maroon,25.0
3523,JNE3030-KR-XXL,KURTA,XXL,Maroon,23.0
3524,JNE3030-KR-XXXL,KURTA,XXXL,Maroon,3.0
3525,JNE3042-KR-L,KURTA,L,Grey,3.0
3526,JNE3042-KR-M,KURTA,M,Grey,7.0
3527,JNE3042-KR-S,KURTA,S,Grey,3.0
3528,JNE3042-KR-XL,KURTA,XL,Grey,2.0
3529,JNE3042-KR-XS,KURTA,XS,Grey,6.0
3530,JNE3042-KR-XXL,KURTA,XXL,Grey,5.0
3531,JNE3042-KR-XXXL,KURTA,XXXL,Grey,0.0
3532,JNE3065-KR-L,KURTA,L,Turquoise Blue,8.0
3533,JNE3065-KR-M,KURTA,M,Turquoise Blue,2.0
3534,JNE3065-KR-S,KURTA,S,Turquoise Blue,13.0
3535,JNE3065-KR-XL,KURTA,XL,Turquoise Blue,7.0
3536,,KURTA,XS,Turquoise Blue,0.0
3537,JNE3065-KR-XXL,KURTA,XXL,Turquoise Blue,3.0
3538,,KURTA,5XL,Black,0.0
3539,,KURTA,6XL,Black,0.0
3540,JNE3068-KR-L,KURTA,L,Black,45.0
3541,JNE3068-KR-M,KURTA,M,Black,35.0
3542,JNE3068-KR-S,KURTA,S,Black,39.0
3543,JNE3068-KR-XL,KURTA,XL,Black,9.0
3544,JNE3068-KR-XXL,KURTA,XXL,Black,4.0
3545,JNE3160-KR-L,KURTA,L,White,20.0
3546,JNE3160-KR-M,KURTA,M,White,12.0
3547,JNE3160-KR-S,KURTA,S,White,53.0
3548,JNE3160-KR-XL,KURTA,XL,White,30.0
3549,JNE3160-KR-XS,KURTA,XS,White,26.0
3550,JNE3160-KR-XXL,KURTA,XXL,White,37.0
3551,JNE3160-KR-XXXL,KURTA,XXXL,White,38.0
3552,JNE3225-KR-L,KURTA,L,Light Blue,0.0
3553,JNE3225-KR-M,KURTA,M,Light Blue,1.0
3554,JNE3225-KR-S,KURTA,S,Light Blue,3.0
3555,JNE3225-KR-XL,KURTA,XL,Light Blue,0.0
3556,JNE3225-KR-XS,KURTA,XS,Light Blue,4.0
3557,JNE3225-KR-XXL,KURTA,XXL,Light Blue,0.0
3558,JNE3225-KR-XXXL,KURTA,XXXL,Light Blue,4.0
3559,JNE3250-KR-L,KURTA,L,Pink,1.0
3560,JNE3250-KR-M,KURTA,M,Pink,2.0
3561,JNE3250-KR-S,KURTA,S,Pink,2.0
3562,JNE3250-KR-XL,KURTA,XL,Pink,3.0
3563,JNE3250-KR-XXL,KURTA,XXL,Pink,1.0
3564,JNE3251-KR-L,KURTA,L,Blue,46.0
3565,JNE3251-KR-M,KURTA,M,Blue,69.0
3566,JNE3251-KR-S,KURTA,S,Blue,90.0
3567,JNE3251-KR-XL,KURTA,XL,Blue,70.0
3568,JNE3251-KR-XXL,KURTA,XXL,Blue,56.0
3569,JNE3252-KR-L,KURTA,L,Pink,5.0
3570,JNE3252-KR-M,KURTA,M,Pink,11.0
3571,JNE3252-KR-S,KURTA,S,Pink,8.0
3572,JNE3252-KR-XL,KURTA,XL,Pink,11.0
3573,JNE3252-KR-XS,KURTA,XS,Pink,10.0
3574,JNE3252-KR-XXL,KURTA,XXL,Pink,5.0
3575,JNE3252-KR-XXXL,KURTA,XXXL,Pink,10.0
3576,JNE3253-KR-L,KURTA,L,Black,21.0
3577,JNE3253-KR-M,KURTA,M,Black,23.0
3578,JNE3253-KR-S,KURTA,S,Black,22.0
3579,JNE3253-KR-XL,KURTA,XL,Black,21.0
3580,JNE3253-KR-XXL,KURTA,XXL,Black,19.0
3581,JNE3255-KR-L,KURTA,L,Maroon,21.0
3582,JNE3255-KR-M,KURTA,M,Maroon,25.0
3583,JNE3255-KR-S,KURTA,S,Maroon,16.0
3584,JNE3255-KR-XL,KURTA,XL,Maroon,11.0
3585,JNE3255-KR-XS,KURTA,XS,Maroon,66.0
3586,JNE3255-KR-XXL,KURTA,XXL,Maroon,8.0
3587,JNE3255-KR-XXXL,KURTA,XXXL,Maroon,6.0
3588,JNE3256-KR-L,KURTA,L,Blue,187.0
3589,JNE3256-KR-M,KURTA,M,Blue,90.0
3590,JNE3256-KR-S,KURTA,S,Blue,62.0
3591,JNE3256-KR-XL,KURTA,XL,Blue,87.0
3592,JNE3256-KR-XS,KURTA,XS,Blue,63.0
3593,JNE3256-KR-XXL,KURTA,XXL,Blue,112.0
3594,JNE3256-KR-XXXL,KURTA,XXXL,Blue,103.0
3595,JNE3257-KR-L,KURTA,L,Magenta,8.0
3596,JNE3257-KR-M,KURTA,M,Magenta,9.0
3597,JNE3257-KR-S,KURTA,S,Magenta,13.0
3598,JNE3257-KR-XL,KURTA,XL,Magenta,12.0
3599,JNE3257-KR-XXL,KURTA,XXL,Magenta,9.0
3600,JNE3261-KR-L,KURTA,L,Peach,26.0
3601,JNE3261-KR-M,KURTA,M,Peach,41.0
3602,JNE3261-KR-S,KURTA,S,Peach,15.0
3603,JNE3261-KR-XL,KURTA,XL,Peach,147.0
3604,JNE3261-KR-XS,KURTA,XS,Peach,5.0
3605,JNE3261-KR-XXL,KURTA,XXL,Peach,38.0
3606,JNE3261-KR-XXXL,KURTA,XXXL,Peach,50.0
3607,JNE3262-KR-L,KURTA,L,Peach,1.0
3608,JNE3265-KR-L,KURTA,L,Light Green,8.0
3609,JNE3265-KR-M,KURTA,M,Light Green,6.0
3610,JNE3265-KR-S,KURTA,S,Light Green,24.0
3611,JNE3265-KR-XL,KURTA,XL,Light Green,4.0
3612,JNE3265-KR-XXL,KURTA,XXL,Light Green,3.0
3613,JNE3270-KR-L,KURTA,L,Maroon,45.0
3614,JNE3270-KR-M,KURTA,M,Maroon,31.0
3615,JNE3270-KR-S,KURTA,S,Maroon,38.0
3616,JNE3270-KR-XL,KURTA,XL,Maroon,29.0
3617,JNE3270-KR-XS,KURTA,XS,Maroon,44.0
3618,JNE3270-KR-XXL,KURTA,XXL,Maroon,4.0
3619,JNE3270-KR-XXXL,KURTA,XXXL,Maroon,11.0
3620,JNE3273-KR-L,KURTA,L,Maroon,4.0
3621,JNE3273-KR-M,KURTA,M,Maroon,14.0
3622,JNE3273-KR-S,KURTA,S,Maroon,6.0
3623,JNE3273-KR-XL,KURTA,XL,Maroon,15.0
3624,JNE3273-KR-XS,KURTA,XS,Maroon,26.0
3625,JNE3273-KR-XXL,KURTA,XXL,Maroon,2.0
3626,JNE3273-KR-XXXL,KURTA,XXXL,Maroon,3.0
3627,JNE3279-KR-L,KURTA,L,Peach,2.0
3628,JNE3279-KR-M,KURTA,M,Peach,2.0
3629,JNE3279-KR-S,KURTA,S,Peach,3.0
3630,JNE3279-KR-XL,KURTA,XL,Peach,1.0
3631,JNE3279-KR-XS,KURTA,XS,Peach,3.0
3632,JNE3279-KR-XXL,KURTA,XXL,Peach,3.0
3633,JNE3279-KR-XXXL,KURTA,XXXL,Peach,4.0
3634,JNE3284-KR-L,KURTA,L,Peach,4.0
3635,JNE3284-KR-M,KURTA,M,Peach,3.0
3636,JNE3284-KR-S,KURTA,S,Peach,7.0
3637,JNE3284-KR-XL,KURTA,XL,Peach,4.0
3638,JNE3284-KR-XXL,KURTA,XXL,Peach,5.0
3639,JNE3288-KR-L,KURTA,L,Pink,13.0
3640,JNE3288-KR-M,KURTA,M,Pink,16.0
3641,JNE3288-KR-S,KURTA,S,Pink,30.0
3642,JNE3288-KR-XL,KURTA,XL,Pink,19.0
3643,JNE3288-KR-XS,KURTA,XS,Pink,8.0
3644,JNE3288-KR-XXL,KURTA,XXL,Pink,16.0
3645,JNE3288-KR-XXXL,KURTA,XXXL,Pink,35.0
3646,JNE3291-KR-L,KURTA,L,Light Green,151.0
3647,JNE3291-KR-M,KURTA,M,Light Green,122.0
3648,JNE3291-KR-S,KURTA,S,Light Green,19.0
3649,JNE3291-KR-XL,KURTA,XL,Light Green,81.0
3650,JNE3291-KR-XS,KURTA,XS,Light Green,8.0
3651,JNE3291-KR-XXL,KURTA,XXL,Light Green,131.0
3652,JNE3291-KR-XXXL,KURTA,XXXL,Light Green,140.0
3653,JNE3294-KR-L,KURTA,L,Yellow,5.0
3654,JNE3294-KR-M,KURTA,M,Yellow,4.0
3655,JNE3294-KR-S,KURTA,S,Yellow,1.0
3656,JNE3294-KR-XL,KURTA,XL,Yellow,7.0
3657,JNE3294-KR-XS,KURTA,XS,Yellow,33.0
3658,JNE3294-KR-XXL,KURTA,XXL,Yellow,5.0
3659,JNE3294-KR-XXXL,KURTA,XXXL,Yellow,5.0
3660,JNE3311-KR-L,KURTA,L,Peach,2.0
3661,JNE3311-KR-M,KURTA,M,Peach,2.0
3662,JNE3311-KR-S,KURTA,S,Peach,4.0
3663,JNE3311-KR-XL,KURTA,XL,Peach,3.0
3664,JNE3311-KR-XS,KURTA,XS,Peach,3.0
3665,JNE3311-KR-XXL,KURTA,XXL,Peach,0.0
3666,JNE3311-KR-XXXL,KURTA,XXXL,Peach,2.0
3667,JNE3313-KR-L,KURTA,L,Black,29.0
3668,JNE3313-KR-M,KURTA,M,Black,51.0
3669,JNE3313-KR-S,KURTA,S,Black,57.0
3670,JNE3313-KR-XL,KURTA,XL,Black,20.0
3671,JNE3313-KR-XS,KURTA,XS,Black,16.0
3672,JNE3313-KR-XXL,KURTA,XXL,Black,66.0
3673,JNE3313-KR-XXXL,KURTA,XXXL,Black,9.0
3674,JNE3323-KR-L,KURTA,L,Teal,3.0
3675,JNE3323-KR-M,KURTA,M,Teal,1.0
3676,JNE3323-KR-S,KURTA,S,Teal,3.0
3677,JNE3323-KR-XL,KURTA,XL,Teal,2.0
3678,JNE3323-KR-XS,KURTA,XS,Teal,3.0
3679,JNE3323-KR-XXL,KURTA,XXL,Teal,7.0
3680,JNE3323-KR-XXXL,KURTA,XXXL,Teal,2.0
3681,JNE3332-KR-S,KURTA,S,Peach,1.0
3682,JNE3334-KR-L,KURTA,L,Black,6.0
3683,JNE3334-KR-M,KURTA,M,Black,12.0
3684,JNE3334-KR-S,KURTA,S,Black,37.0
3685,JNE3334-KR-XL,KURTA,XL,Black,6.0
3686,JNE3334-KR-XXL,KURTA,XXL,Black,4.0
3687,JNE3336-KR-L,KURTA,L,Sky Blue,2.0
3688,JNE3336-KR-M,KURTA,M,Sky Blue,5.0
3689,JNE3336-KR-S,KURTA,S,Sky Blue,14.0
3690,JNE3336-KR-XL,KURTA,XL,Sky Blue,3.0
3691,JNE3336-KR-XS,KURTA,XS,Sky Blue,9.0
3692,JNE3336-KR-XXL,KURTA,XXL,Sky Blue,2.0
3693,JNE3336-KR-XXXL,KURTA,XXXL,Sky Blue,2.0
3694,JNE3337-KR-L,KURTA,L,Peach,2.0
3695,JNE3337-KR-M,KURTA,M,Peach,3.0
3696,JNE3337-KR-S,KURTA,S,Peach,3.0
3697,JNE3337-KR-XL,KURTA,XL,Peach,2.0
3698,JNE3337-KR-XXL,KURTA,XXL,Peach,2.0
3699,JNE3338-KR-L,KURTA,L,Grey,2.0
3700,JNE3338-KR-M,KURTA,M,Grey,13.0
3701,JNE3338-KR-S,KURTA,S,Grey,13.0
3702,JNE3338-KR-XL,KURTA,XL,Grey,5.0
3703,JNE3338-KR-XXL,KURTA,XXL,Grey,9.0
3704,JNE3348-KR-L,KURTA,L,Pink,10.0
3705,JNE3348-KR-M,KURTA,M,Pink,63.0
3706,JNE3348-KR-S,KURTA,S,Pink,13.0
3707,JNE3348-KR-XL,KURTA,XL,Pink,44.0
3708,JNE3348-KR-XS,KURTA,XS,Pink,25.0
3709,JNE3348-KR-XXL,KURTA,XXL,Pink,43.0
3710,JNE3348-KR-XXXL,KURTA,XXXL,Pink,61.0
3711,JNE3349-KR-L,KURTA,L,Navy Blue,18.0
3712,JNE3349-KR-M,KURTA,M,Navy Blue,17.0
3713,JNE3349-KR-S,KURTA,S,Navy Blue,19.0
3714,JNE3349-KR-XS,KURTA,XS,Navy Blue,0.0
3715,JNE3349-KR-XXL,KURTA,XXL,Navy Blue,0.0
3716,JNE3354-KR-L,KURTA,L,Mustard,56.0
3717,JNE3354-KR-M,KURTA,M,Mustard,60.0
3718,JNE3354-KR-S,KURTA,S,Mustard,63.0
3719,JNE3354-KR-XL,KURTA,XL,Mustard,52.0
3720,JNE3354-KR-XXL,KURTA,XXL,Mustard,51.0
3721,JNE3355-KR-L,KURTA,L,Cream,44.0
3722,JNE3355-KR-M,KURTA,M,Cream,54.0
3723,JNE3355-KR-S,KURTA,S,Cream,56.0
3724,JNE3355-KR-XL,KURTA,XL,Cream,47.0
3725,JNE3355-KR-XXL,KURTA,XXL,Cream,48.0
3726,JNE3356-KR-L,KURTA,L,Yellow,49.0
3727,JNE3356-KR-M,KURTA,M,Yellow,50.0
3728,JNE3356-KR-S,KURTA,S,Yellow,82.0
3729,JNE3356-KR-XL,KURTA,XL,Yellow,49.0
3730,JNE3356-KR-XXL,KURTA,XXL,Yellow,48.0
3731,JNE3357-KR-L,KURTA,L,Yellow,22.0
3732,JNE3357-KR-M,KURTA,M,Yellow,26.0
3733,JNE3357-KR-S,KURTA,S,Yellow,26.0
3734,JNE3357-KR-XL,KURTA,XL,Yellow,28.0
3735,JNE3357-KR-XXL,KURTA,XXL,Yellow,29.0
3736,JNE3359-KR-L,KURTA,L,Grey,7.0
3737,JNE3359-KR-M,KURTA,M,Grey,7.0
3738,JNE3359-KR-S,KURTA,S,Grey,4.0
3739,JNE3359-KR-XL,KURTA,XL,Grey,4.0
3740,JNE3359-KR-XS,KURTA,XS,Grey,2.0
3741,JNE3359-KR-XXL,KURTA,XXL,Grey,3.0
3742,JNE3359-KR-XXXL,KURTA,XXXL,Grey,1.0
3743,JNE3360-KR-XL,KURTA,XL,Mustard,1.0
3744,JNE3363-KR-1032-L,KURTA,L,Dark Blue,158.0
3745,JNE3363-KR-1032-M,KURTA,M,Dark Blue,130.0
3746,JNE3363-KR-1032-S,KURTA,S,Dark Blue,23.0
3747,JNE3363-KR-1032-XL,KURTA,XL,Dark Blue,22.0
3748,JNE3363-KR-1032-XS,KURTA,XS,Dark Blue,11.0
3749,JNE3363-KR-1032-XXL,KURTA,XXL,Dark Blue,158.0
3750,JNE3363-KR-1032-XXXL,KURTA,XXXL,Dark Blue,10.0
3751,JNE3364-KR-1051-L,KURTA,L,Light Green,158.0
3752,JNE3364-KR-1051-M,KURTA,M,Light Green,306.0
3753,JNE3364-KR-1051-S,KURTA,S,Light Green,150.0
3754,JNE3364-KR-1051-XL,KURTA,XL,Light Green,170.0
3755,JNE3364-KR-1051-XS,KURTA,XS,Light Green,169.0
3756,JNE3364-KR-1051-XXL,KURTA,XXL,Light Green,135.0
3757,JNE3364-KR-1051-XXXL,KURTA,XXXL,Light Green,156.0
3758,JNE3365-KR-1052-L,KURTA,L,Mustard,15.0
3759,JNE3365-KR-1052-M,KURTA,M,Mustard,6.0
3760,JNE3365-KR-1052-S,KURTA,S,Mustard,10.0
3761,JNE3365-KR-1052-XL,KURTA,XL,Mustard,10.0
3762,JNE3365-KR-1052-XS,KURTA,XS,Mustard,14.0
3763,JNE3365-KR-1052-XXL,KURTA,XXL,Mustard,4.0
3764,JNE3365-KR-1052-XXXL,KURTA,XXXL,Mustard,12.0
3765,JNE3366-KR-1053-L,KURTA,L,Peach,246.0
3766,JNE3366-KR-1053-M,KURTA,M,Peach,168.0
3767,JNE3366-KR-1053-S,KURTA,S,Peach,181.0
3768,JNE3366-KR-1053-XL,KURTA,XL,Peach,243.0
3769,JNE3366-KR-1053-XS,KURTA,XS,Peach,128.0
3770,JNE3366-KR-1053-XXL,KURTA,XXL,Peach,73.0
3771,JNE3366-KR-1053-XXXL,KURTA,XXXL,Peach,100.0
3772,,KURTA,6XL,Light Green,1.0
3773,JNE3368-KR-L,KURTA,L,Light Green,429.0
3774,JNE3368-KR-M,KURTA,M,Light Green,63.0
3775,JNE3368-KR-S,KURTA,S,Light Green,296.0
3776,JNE3368-KR-XL,KURTA,XL,Light Green,481.0
3777,JNE3368-KR-XS,KURTA,XS,Light Green,107.0
3778,JNE3368-KR-XXL,KURTA,XXL,Light Green,757.0
3779,JNE3368-KR-XXXL,KURTA,XXXL,Light Green,985.0
3780,JNE3369-KR-L,KURTA,L,Black,9.0
3781,JNE3369-KR-M,KURTA,M,Black,2.0
3782,JNE3369-KR-S,KURTA,S,Black,3.0
3783,JNE3369-KR-XL,KURTA,XL,Black,15.0
3784,JNE3369-KR-XS,KURTA,XS,Black,41.0
3785,JNE3369-KR-XXL,KURTA,XXL,Black,4.0
3786,JNE3369-KR-XXXL,KURTA,XXXL,Black,8.0
3787,JNE3370-KR-L,KURTA,L,Red,2.0
3788,JNE3370-KR-M,KURTA,M,Red,4.0
3789,JNE3370-KR-S,KURTA,S,Red,4.0
3790,JNE3370-KR-XL,KURTA,XL,Red,4.0
3791,JNE3370-KR-XXL,KURTA,XXL,Red,4.0
3792,JNE3371-KR-L,KURTA,L,Light Green,2.0
3793,JNE3371-KR-M,KURTA,M,Light Green,7.0
3794,JNE3371-KR-S,KURTA,S,Light Green,3.0
3795,JNE3371-KR-XL,KURTA,XL,Light Green,4.0
3796,JNE3371-KR-XS,KURTA,XS,Light Green,7.0
3797,JNE3371-KR-XXL,KURTA,XXL,Light Green,4.0
3798,JNE3371-KR-XXXL,KURTA,XXXL,Light Green,2.0
3799,JNE3373-KR-L,KURTA,L,Black,62.0
3800,JNE3373-KR-M,KURTA,M,Black,47.0
3801,JNE3373-KR-S,KURTA,S,Black,21.0
3802,JNE3373-KR-XL,KURTA,XL,Black,45.0
3803,JNE3373-KR-XS,KURTA,XS,Black,32.0
3804,JNE3373-KR-XXL,KURTA,XXL,Black,59.0
3805,JNE3373-KR-XXXL,KURTA,XXXL,Black,36.0
3806,JNE3375-KR-L,KURTA,L,Black,0.0
3807,JNE3375-KR-M,KURTA,M,Black,2.0
3808,JNE3375-KR-S,KURTA,S,Black,2.0
3809,JNE3375-KR-XL,KURTA,XL,Black,0.0
3810,JNE3375-KR-XS,KURTA,XS,Black,2.0
3811,JNE3375-KR-XXL,KURTA,XXL,Black,0.0
3812,JNE3375-KR-XXXL,KURTA,XXXL,Black,0.0
3813,JNE3376-KR-L,KURTA,L,Mustard,7.0
3814,JNE3376-KR-M,KURTA,M,Mustard,39.0
3815,JNE3376-KR-S,KURTA,S,Mustard,11.0
3816,JNE3376-KR-XL,KURTA,XL,Mustard,33.0
3817,JNE3376-KR-XS,KURTA,XS,Mustard,28.0
3818,JNE3376-KR-XXL,KURTA,XXL,Mustard,15.0
3819,JNE3376-KR-XXXL,KURTA,XXXL,Mustard,6.0
3820,JNE3383-KR-L,KURTA,L,Dark Green,42.0
3821,JNE3383-KR-M,KURTA,M,Dark Green,65.0
3822,JNE3383-KR-S,KURTA,S,Dark Green,64.0
3823,JNE3383-KR-XL,KURTA,XL,Dark Green,70.0
3824,JNE3383-KR-XS,KURTA,XS,Dark Green,11.0
3825,JNE3383-KR-XXL,KURTA,XXL,Dark Green,98.0
3826,JNE3383-KR-XXXL,KURTA,XXXL,Dark Green,46.0
3827,JNE3384-KR-L,KURTA,L,Turquoise Blue,6.0
3828,JNE3384-KR-M,KURTA,M,Turquoise Blue,7.0
3829,JNE3384-KR-S,KURTA,S,Turquoise Blue,17.0
3830,JNE3384-KR-XL,KURTA,XL,Turquoise Blue,3.0
3831,JNE3384-KR-XS,KURTA,XS,Turquoise Blue,8.0
3832,JNE3384-KR-XXL,KURTA,XXL,Turquoise Blue,6.0
3833,JNE3384-KR-XXXL,KURTA,XXXL,Turquoise Blue,7.0
3834,JNE3385-KR-L,KURTA,L,Mustard,25.0
3835,JNE3385-KR-M,KURTA,M,Mustard,15.0
3836,JNE3385-KR-S,KURTA,S,Mustard,37.0
3837,JNE3385-KR-XL,KURTA,XL,Mustard,17.0
3838,JNE3385-KR-XXL,KURTA,XXL,Mustard,24.0
3839,JNE3386-KR-S,KURTA,S,Dark Blue,2.0
3840,JNE3386-KR-XS,KURTA,XS,Dark Blue,1.0
3841,JNE3386-KR-XXXL,KURTA,XXXL,Dark Blue,1.0
3842,JNE3387-KR-L,KURTA,L,Dark Green,39.0
3843,JNE3387-KR-M,KURTA,M,Dark Green,46.0
3844,JNE3387-KR-S,KURTA,S,Dark Green,45.0
3845,JNE3387-KR-XL,KURTA,XL,Dark Green,39.0
3846,JNE3387-KR-XXL,KURTA,XXL,Dark Green,29.0
3847,JNE3389-KR-L,KURTA,L,Blue,2.0
3848,JNE3389-KR-M,KURTA,M,Blue,2.0
3849,JNE3389-KR-S,KURTA,S,Blue,4.0
3850,JNE3389-KR-XL,KURTA,XL,Blue,4.0
3851,JNE3389-KR-XS,KURTA,XS,Blue,6.0
3852,JNE3389-KR-XXL,KURTA,XXL,Blue,4.0
3853,JNE3389-KR-XXXL,KURTA,XXXL,Blue,2.0
3854,JNE3390-KR-L,KURTA,L,White,1.0
3855,JNE3390-KR-M,KURTA,M,White,2.0
3856,JNE3390-KR-S,KURTA,S,White,2.0
3857,JNE3390-KR-XL,KURTA,XL,White,0.0
3858,JNE3390-KR-XS,KURTA,XS,White,2.0
3859,JNE3390-KR-XXL,KURTA,XXL,White,2.0
3860,JNE3391-KR-L,KURTA,L,Pink,2.0
3861,JNE3391-KR-M,KURTA,M,Pink,3.0
3862,JNE3391-KR-S,KURTA,S,Pink,6.0
3863,JNE3391-KR-XL,KURTA,XL,Pink,2.0
3864,JNE3391-KR-XS,KURTA,XS,Pink,17.0
3865,JNE3391-KR-XXL,KURTA,XXL,Pink,3.0
3866,JNE3391-KR-XXXL,KURTA,XXXL,Pink,3.0
3867,JNE3394-KR-L,KURTA,L,Cream,3.0
3868,JNE3394-KR-M,KURTA,M,Cream,0.0
3869,JNE3394-KR-S,KURTA,S,Cream,1.0
3870,JNE3394-KR-XL,KURTA,XL,Cream,1.0
3871,JNE3394-KR-XS,KURTA,XS,Cream,1.0
3872,JNE3394-KR-XXL,KURTA,XXL,Cream,1.0
3873,JNE3394-KR-XXXL,KURTA,XXXL,Cream,2.0
3874,JNE3395-KR-L,KURTA,L,Light Green,60.0
3875,JNE3395-KR-M,KURTA,M,Light Green,49.0
3876,JNE3395-KR-S,KURTA,S,Light Green,54.0
3877,JNE3395-KR-XL,KURTA,XL,Light Green,60.0
3878,JNE3395-KR-XS,KURTA,XS,Light Green,20.0
3879,JNE3395-KR-XXL,KURTA,XXL,Light Green,53.0
3880,JNE3395-KR-XXXL,KURTA,XXXL,Light Green,2.0
3881,JNE3396-KR-L,KURTA,L,Brown,60.0
3882,JNE3396-KR-M,KURTA,M,Brown,32.0
3883,JNE3396-KR-S,KURTA,S,Brown,45.0
3884,JNE3396-KR-XL,KURTA,XL,Brown,12.0
3885,JNE3396-KR-XS,KURTA,XS,Brown,44.0
3886,JNE3396-KR-XXL,KURTA,XXL,Brown,7.0
3887,JNE3396-KR-XXXL,KURTA,XXXL,Brown,43.0
3888,JNE3398-KR-L,KURTA,L,Yellow,2.0
3889,JNE3398-KR-M,KURTA,M,Yellow,0.0
3890,JNE3398-KR-S,KURTA,S,Yellow,0.0
3891,JNE3398-KR-XL,KURTA,XL,Yellow,2.0
3892,JNE3398-KR-XS,KURTA,XS,Yellow,7.0
3893,JNE3398-KR-XXXL,KURTA,XXXL,Yellow,3.0
3894,JNE3399-KR-L,KURTA,L,Turquoise Blue,94.0
3895,JNE3399-KR-M,KURTA,M,Turquoise Blue,230.0
3896,JNE3399-KR-S,KURTA,S,Turquoise Blue,43.0
3897,JNE3399-KR-XL,KURTA,XL,Turquoise Blue,16.0
3898,JNE3399-KR-XS,KURTA,XS,Turquoise Blue,198.0
3899,JNE3399-KR-XXL,KURTA,XXL,Turquoise Blue,131.0
3900,JNE3399-KR-XXXL,KURTA,XXXL,Turquoise Blue,19.0
3901,JNE3400-KR-L,KURTA,L,Brown,3.0
3902,JNE3400-KR-M,KURTA,M,Brown,2.0
3903,JNE3400-KR-S,KURTA,S,Brown,5.0
3904,JNE3400-KR-XL,KURTA,XL,Brown,2.0
3905,JNE3400-KR-XS,KURTA,XS,Brown,19.0
3906,JNE3400-KR-XXL,KURTA,XXL,Brown,2.0
3907,JNE3400-KR-XXXL,KURTA,XXXL,Brown,11.0
3908,JNE3401-KR-L,KURTA,L,Brown,3.0
3909,JNE3401-KR-M,KURTA,M,Brown,3.0
3910,JNE3401-KR-S,KURTA,S,Brown,4.0
3911,JNE3401-KR-XL,KURTA,XL,Brown,0.0
3912,JNE3401-KR-XS,KURTA,XS,Brown,8.0
3913,JNE3401-KR-XXL,KURTA,XXL,Brown,0.0
3914,JNE3401-KR-XXXL,KURTA,XXXL,Brown,1.0
3915,JNE3403-KR-L,KURTA,L,Maroon,2.0
3916,JNE3403-KR-M,KURTA,M,Maroon,2.0
3917,JNE3403-KR-S,KURTA,S,Maroon,8.0
3918,JNE3403-KR-XL,KURTA,XL,Maroon,1.0
3919,JNE3403-KR-XS,KURTA,XS,Maroon,39.0
3920,JNE3403-KR-XXL,KURTA,XXL,Maroon,4.0
3921,JNE3403-KR-XXXL,KURTA,XXXL,Maroon,2.0
3922,PJNE3404-KR-4XL,KURTA,4XL,Wine,0.0
3923,PJNE3404-KR-5XL,KURTA,5XL,Wine,0.0
3924,JNE3404-KR-L,KURTA,L,Wine,35.0
3925,JNE3404-KR-M,KURTA,M,Wine,64.0
3926,JNE3404-KR-S,KURTA,S,Wine,71.0
3927,JNE3404-KR-XL,KURTA,XL,Wine,44.0
3928,JNE3404-KR-XS,KURTA,XS,Wine,70.0
3929,JNE3404-KR-XXL,KURTA,XXL,Wine,6.0
3930,JNE3404-KR-XXXL,KURTA,XXXL,Wine,31.0
3931,PJNE3405-KR-5XL,KURTA,5XL,Pink,0.0
3932,PJNE3405-KR-6XL,KURTA,6XL,Pink,0.0
3933,JNE3405-KR-L,KURTA,L,Pink,446.0
3934,JNE3405-KR-M,KURTA,M,Pink,432.0
3935,JNE3405-KR-S,KURTA,S,Pink,423.0
3936,JNE3405-KR-XL,KURTA,XL,Pink,515.0
3937,JNE3405-KR-XS,KURTA,XS,Pink,1230.0
3938,JNE3405-KR-XXL,KURTA,XXL,Pink,1234.0
3939,JNE3405-KR-XXXL,KURTA,XXXL,Pink,677.0
3940,JNE3407-KR-L,KURTA,L,Olive Green,3.0
3941,JNE3407-KR-M,KURTA,M,Olive Green,1.0
3942,JNE3407-KR-S,KURTA,S,Olive Green,0.0
3943,JNE3407-KR-XL,KURTA,XL,Olive Green,2.0
3944,JNE3407-KR-XS,KURTA,XS,Olive Green,4.0
3945,JNE3407-KR-XXL,KURTA,XXL,Olive Green,2.0
3946,JNE3407-KR-XXXL,KURTA,XXXL,Olive Green,2.0
3947,JNE3408-KR-L,KURTA,L,Black,42.0
3948,JNE3408-KR-M,KURTA,M,Black,31.0
3949,JNE3408-KR-S,KURTA,S,Black,0.0
3950,JNE3408-KR-XL,KURTA,XL,Black,27.0
3951,JNE3408-KR-XS,KURTA,XS,Black,13.0
3952,JNE3408-KR-XXL,KURTA,XXL,Black,24.0
3953,JNE3408-KR-XXXL,KURTA,XXXL,Black,66.0
3954,JNE3412-KR-L,KURTA,L,Olive,42.0
3955,JNE3412-KR-M,KURTA,M,Olive,23.0
3956,JNE3412-KR-S,KURTA,S,Olive,54.0
3957,JNE3412-KR-XL,KURTA,XL,Olive,34.0
3958,JNE3412-KR-XS,KURTA,XS,Olive,23.0
3959,JNE3412-KR-XXL,KURTA,XXL,Olive,17.0
3960,JNE3412-KR-XXXL,KURTA,XXXL,Olive,4.0
3961,JNE3413-KR-L,KURTA,L,Navy Blue,11.0
3962,JNE3413-KR-M,KURTA,M,Navy Blue,4.0
3963,JNE3413-KR-S,KURTA,S,Navy Blue,22.0
3964,JNE3413-KR-XL,KURTA,XL,Navy Blue,31.0
3965,JNE3413-KR-XS,KURTA,XS,Navy Blue,3.0
3966,JNE3413-KR-XXL,KURTA,XXL,Navy Blue,41.0
3967,JNE3413-KR-XXXL,KURTA,XXXL,Navy Blue,3.0
3968,JNE3415-KR-L,KURTA,L,Red,6.0
3969,JNE3415-KR-M,KURTA,M,Red,2.0
3970,JNE3415-KR-S,KURTA,S,Red,4.0
3971,JNE3415-KR-XL,KURTA,XL,Red,2.0
3972,JNE3415-KR-XS,KURTA,XS,Red,10.0
3973,JNE3415-KR-XXL,KURTA,XXL,Red,4.0
3974,JNE3415-KR-XXXL,KURTA,XXXL,Red,3.0
3975,JNE3416-KR-L,KURTA,L,Brown,16.0
3976,JNE3416-KR-M,KURTA,M,Brown,38.0
3977,JNE3416-KR-S,KURTA,S,Brown,47.0
3978,JNE3416-KR-XL,KURTA,XL,Brown,26.0
3979,JNE3416-KR-XS,KURTA,XS,Brown,6.0
3980,JNE3416-KR-XXL,KURTA,XXL,Brown,32.0
3981,JNE3417-KR-L,KURTA,L,Red,20.0
3982,JNE3417-KR-M,KURTA,M,Red,27.0
3983,JNE3417-KR-S,KURTA,S,Red,45.0
3984,JNE3417-KR-XL,KURTA,XL,Red,27.0
3985,JNE3417-KR-XXL,KURTA,XXL,Red,21.0
3986,JNE3420-KR-L,KURTA,L,Pink,5.0
3987,JNE3420-KR-M,KURTA,M,Pink,6.0
3988,JNE3420-KR-S,KURTA,S,Pink,9.0
3989,JNE3420-KR-XL,KURTA,XL,Pink,4.0
3990,JNE3420-KR-XXL,KURTA,XXL,Pink,2.0
3991,,KURTA,4XL,Grey,0.0
3992,,KURTA,5XL,Grey,0.0
3993,,KURTA,6XL,Grey,0.0
3994,JNE3421-KR-L,KURTA,L,Grey,20.0
3995,JNE3421-KR-M,KURTA,M,Grey,10.0
3996,JNE3421-KR-S,KURTA,S,Grey,17.0
3997,JNE3421-KR-XL,KURTA,XL,Grey,8.0
3998,JNE3421-KR-XXL,KURTA,XXL,Grey,3.0
3999,JNE3421-KR-XXXL,KURTA,XXXL,Grey,122.0
4000,JNE3422-KR-L,KURTA,L,Pink,3.0
4001,JNE3422-KR-M,KURTA,M,Pink,6.0
4002,JNE3422-KR-S,KURTA,S,Pink,7.0
4003,JNE3422-KR-XL,KURTA,XL,Pink,4.0
4004,JNE3422-KR-XS,KURTA,XS,Pink,3.0
4005,JNE3422-KR-XXL,KURTA,XXL,Pink,5.0
4006,JNE3422-KR-XXXL,KURTA,XXXL,Pink,2.0
4007,JNE3423-KR-L,KURTA,L,Black,26.0
4008,JNE3423-KR-M,KURTA,M,Black,136.0
4009,JNE3423-KR-S,KURTA,S,Black,5.0
4010,JNE3423-KR-XL,KURTA,XL,Black,32.0
4011,JNE3423-KR-XS,KURTA,XS,Black,10.0
4012,JNE3423-KR-XXL,KURTA,XXL,Black,1.0
4013,JNE3423-KR-XXXL,KURTA,XXXL,Black,0.0
4014,JNE3424-KR-L,KURTA,L,Blue,14.0
4015,JNE3424-KR-M,KURTA,M,Blue,10.0
4016,JNE3424-KR-S,KURTA,S,Blue,11.0
4017,JNE3424-KR-XL,KURTA,XL,Blue,15.0
4018,JNE3424-KR-XS,KURTA,XS,Blue,4.0
4019,JNE3424-KR-XXL,KURTA,XXL,Blue,11.0
4020,JNE3424-KR-XXXL,KURTA,XXXL,Blue,1.0
4021,JNE3425-KR-L,KURTA,L,Pink,21.0
4022,JNE3425-KR-M,KURTA,M,Pink,28.0
4023,JNE3425-KR-S,KURTA,S,Pink,31.0
4024,JNE3425-KR-XL,KURTA,XL,Pink,12.0
4025,JNE3425-KR-XS,KURTA,XS,Pink,16.0
4026,JNE3425-KR-XXL,KURTA,XXL,Pink,15.0
4027,JNE3425-KR-XXXL,KURTA,XXXL,Pink,5.0
4028,JNE3426-KR-M,KURTA,M,Turquoise,2.0
4029,JNE3426-KR-S,KURTA,S,Turquoise,2.0
4030,JNE3426-KR-XL,KURTA,XL,Turquoise,2.0
4031,JNE3426-KR-XS,KURTA,XS,Turquoise,4.0
4032,JNE3427-KR-L,KURTA,L,Grey,3.0
4033,JNE3427-KR-M,KURTA,M,Grey,4.0
4034,JNE3427-KR-S,KURTA,S,Grey,5.0
4035,JNE3427-KR-XL,KURTA,XL,Grey,5.0
4036,JNE3427-KR-XS,KURTA,XS,Grey,1.0
4037,JNE3427-KR-XXL,KURTA,XXL,Grey,3.0
4038,JNE3427-KR-XXXL,KURTA,XXXL,Grey,0.0
4039,JNE3428-KR-L,KURTA,L,Dark Blue,1.0
4040,JNE3428-KR-M,KURTA,M,Dark Blue,3.0
4041,JNE3428-KR-S,KURTA,S,Dark Blue,9.0
4042,JNE3428-KR-XL,KURTA,XL,Dark Blue,3.0
4043,JNE3428-KR-XS,KURTA,XS,Dark Blue,2.0
4044,JNE3428-KR-XXL,KURTA,XXL,Dark Blue,2.0
4045,JNE3428-KR-XXXL,KURTA,XXXL,Dark Blue,0.0
4046,JNE3429-KR-L,KURTA,L,Light Green,10.0
4047,JNE3429-KR-M,KURTA,M,Light Green,18.0
4048,JNE3429-KR-S,KURTA,S,Light Green,29.0
4049,JNE3429-KR-XL,KURTA,XL,Light Green,15.0
4050,JNE3429-KR-XS,KURTA,XS,Light Green,7.0
4051,JNE3429-KR-XXL,KURTA,XXL,Light Green,13.0
4052,JNE3429-KR-XXXL,KURTA,XXXL,Light Green,3.0
4053,JNE3430-KR-L,KURTA,L,Yellow,13.0
4054,JNE3430-KR-M,KURTA,M,Yellow,9.0
4055,JNE3430-KR-S,KURTA,S,Yellow,15.0
4056,JNE3430-KR-XL,KURTA,XL,Yellow,8.0
4057,JNE3430-KR-XS,KURTA,XS,Yellow,2.0
4058,JNE3430-KR-XXL,KURTA,XXL,Yellow,11.0
4059,JNE3431-KR-L,KURTA,L,Maroon,32.0
4060,JNE3431-KR-M,KURTA,M,Maroon,40.0
4061,JNE3431-KR-S,KURTA,S,Maroon,32.0
4062,JNE3431-KR-XL,KURTA,XL,Maroon,13.0
4063,JNE3431-KR-XS,KURTA,XS,Maroon,8.0
4064,JNE3431-KR-XXL,KURTA,XXL,Maroon,5.0
4065,JNE3431-KR-XXXL,KURTA,XXXL,Maroon,2.0
4066,JNE3432-KR-L,KURTA,L,Red,12.0
4067,JNE3432-KR-M,KURTA,M,Red,23.0
4068,JNE3432-KR-S,KURTA,S,Red,5.0
4069,JNE3432-KR-XL,KURTA,XL,Red,8.0
4070,JNE3432-KR-XS,KURTA,XS,Red,12.0
4071,JNE3432-KR-XXL,KURTA,XXL,Red,4.0
4072,JNE3432-KR-XXXL,KURTA,XXXL,Red,21.0
4073,JNE3434-KR-L,KURTA,L,Mustard,2.0
4074,JNE3434-KR-M,KURTA,M,Mustard,5.0
4075,JNE3434-KR-S,KURTA,S,Mustard,6.0
4076,JNE3434-KR-XL,KURTA,XL,Mustard,5.0
4077,JNE3434-KR-XS,KURTA,XS,Mustard,6.0
4078,JNE3434-KR-XXL,KURTA,XXL,Mustard,3.0
4079,JNE3434-KR-XXXL,KURTA,XXXL,Mustard,2.0
4080,JNE3435-KR-L,KURTA,L,Pink,96.0
4081,JNE3435-KR-M,KURTA,M,Pink,268.0
4082,JNE3435-KR-S,KURTA,S,Pink,490.0
4083,JNE3435-KR-XL,KURTA,XL,Pink,107.0
4084,JNE3435-KR-XS,KURTA,XS,Pink,135.0
4085,JNE3435-KR-XXL,KURTA,XXL,Pink,65.0
4086,JNE3435-KR-XXXL,KURTA,XXXL,Pink,16.0
4087,JNE3436-KR-L,KURTA,L,White,5.0
4088,JNE3436-KR-M,KURTA,M,White,1.0
4089,JNE3436-KR-S,KURTA,S,White,3.0
4090,JNE3436-KR-XL,KURTA,XL,White,5.0
4091,JNE3436-KR-XS,KURTA,XS,White,3.0
4092,JNE3436-KR-XXL,KURTA,XXL,White,1.0
4093,JNE3436-KR-XXXL,KURTA,XXXL,White,5.0
4094,JNE3437-KR-L,KURTA,L,Mustard,11.0
4095,JNE3437-KR-M,KURTA,M,Mustard,47.0
4096,JNE3437-KR-S,KURTA,S,Mustard,88.0
4097,JNE3437-KR-XL,KURTA,XL,Mustard,31.0
4098,JNE3437-KR-XS,KURTA,XS,Mustard,47.0
4099,JNE3437-KR-XXL,KURTA,XXL,Mustard,59.0
4100,JNE3437-KR-XXXL,KURTA,XXXL,Mustard,122.0
4101,JNE3438-KR-L,KURTA,L,Light Green,3.0
4102,JNE3438-KR-M,KURTA,M,Light Green,7.0
4103,JNE3438-KR-S,KURTA,S,Light Green,28.0
4104,JNE3438-KR-XL,KURTA,XL,Light Green,4.0
4105,JNE3438-KR-XS,KURTA,XS,Light Green,7.0
4106,JNE3438-KR-XXL,KURTA,XXL,Light Green,6.0
4107,JNE3438-KR-XXXL,KURTA,XXXL,Light Green,1.0
4108,JNE3439-KR-4XL,KURTA,4XL,Blue,1.0
4109,JNE3439-KR-5XL,KURTA,5XL,Blue,0.0
4110,JNE3439-KR-L,KURTA,L,Blue,55.0
4111,JNE3439-KR-M,KURTA,M,Blue,99.0
4112,JNE3439-KR-S,KURTA,S,Blue,104.0
4113,JNE3439-KR-XL,KURTA,XL,Blue,49.0
4114,JNE3439-KR-XS,KURTA,XS,Blue,47.0
4115,JNE3439-KR-XXL,KURTA,XXL,Blue,94.0
4116,JNE3439-KR-XXXL,KURTA,XXXL,Blue,15.0
4117,,KURTA,5XL,White,0.0
4118,,KURTA,6XL,White,0.0
4119,JNE3440-KR-L,KURTA,L,White,156.0
4120,JNE3440-KR-M,KURTA,M,White,170.0
4121,JNE3440-KR-S,KURTA,S,White,345.0
4122,JNE3440-KR-XL,KURTA,XL,White,242.0
4123,JNE3440-KR-XS,KURTA,XS,White,16.0
4124,JNE3440-KR-XXL,KURTA,XXL,White,123.0
4125,JNE3440-KR-XXXL,KURTA,XXXL,White,37.0
4126,JNE3441-KR-L,KURTA,L,Pink,92.0
4127,JNE3441-KR-M,KURTA,M,Pink,77.0
4128,JNE3441-KR-S,KURTA,S,Pink,53.0
4129,JNE3441-KR-XL,KURTA,XL,Pink,18.0
4130,JNE3441-KR-XS,KURTA,XS,Pink,13.0
4131,JNE3441-KR-XXL,KURTA,XXL,Pink,17.0
4132,JNE3441-KR-XXXL,KURTA,XXXL,Pink,13.0
4133,JNE3443-KR-L,KURTA,L,Beige,99.0
4134,JNE3443-KR-M,KURTA,M,Beige,103.0
4135,JNE3443-KR-S,KURTA,S,Beige,176.0
4136,JNE3443-KR-XL,KURTA,XL,Beige,146.0
4137,JNE3443-KR-XS,KURTA,XS,Beige,4.0
4138,JNE3443-KR-XXL,KURTA,XXL,Beige,89.0
4139,JNE3443-KR-XXXL,KURTA,XXXL,Beige,32.0
4140,JNE3445-KR-L,KURTA,L,White,1.0
4141,JNE3445-KR-M,KURTA,M,White,1.0
4142,JNE3445-KR-S,KURTA,S,White,57.0
4143,JNE3445-KR-XL,KURTA,XL,White,4.0
4144,JNE3445-KR-XS,KURTA,XS,White,7.0
4145,JNE3445-KR-XXL,KURTA,XXL,White,7.0
4146,JNE3445-KR-XXXL,KURTA,XXXL,White,2.0
4147,JNE3446-KR-L,KURTA,L,Grey,2.0
4148,JNE3446-KR-M,KURTA,M,Grey,1.0
4149,JNE3446-KR-S,KURTA,S,Grey,3.0
4150,JNE3446-KR-XL,KURTA,XL,Grey,1.0
4151,JNE3446-KR-XS,KURTA,XS,Grey,1.0
4152,JNE3446-KR-XXL,KURTA,XXL,Grey,1.0
4153,JNE3446-KR-XXXL,KURTA,XXXL,Grey,0.0
4154,JNE3447-KR-L,KURTA,L,Beige,3.0
4155,JNE3447-KR-M,KURTA,M,Beige,4.0
4156,JNE3447-KR-S,KURTA,S,Beige,8.0
4157,JNE3447-KR-XL,KURTA,XL,Beige,0.0
4158,JNE3447-KR-XS,KURTA,XS,Beige,4.0
4159,JNE3447-KR-XXL,KURTA,XXL,Beige,2.0
4160,JNE3447-KR-XXXL,KURTA,XXXL,Beige,2.0
4161,JNE3449-KR-L,KURTA,L,Black,3.0
4162,JNE3449-KR-M,KURTA,M,Black,4.0
4163,JNE3449-KR-S,KURTA,S,Black,7.0
4164,JNE3449-KR-XL,KURTA,XL,Black,5.0
4165,JNE3449-KR-XS,KURTA,XS,Black,7.0
4166,JNE3449-KR-XXL,KURTA,XXL,Black,3.0
4167,JNE3449-KR-XXXL,KURTA,XXXL,Black,3.0
4168,JNE3450-KR-L,KURTA,L,Pink,6.0
4169,JNE3450-KR-M,KURTA,M,Pink,7.0
4170,JNE3450-KR-S,KURTA,S,Pink,42.0
4171,JNE3450-KR-XL,KURTA,XL,Pink,31.0
4172,JNE3450-KR-XS,KURTA,XS,Pink,17.0
4173,JNE3450-KR-XXL,KURTA,XXL,Pink,42.0
4174,JNE3450-KR-XXXL,KURTA,XXXL,Pink,1.0
4175,JNE3451-KR-L,KURTA,L,Light Pink,35.0
4176,JNE3451-KR-M,KURTA,M,Light Pink,57.0
4177,JNE3451-KR-S,KURTA,S,Light Pink,68.0
4178,JNE3451-KR-XL,KURTA,XL,Light Pink,58.0
4179,JNE3451-KR-XS,KURTA,XS,Light Pink,20.0
4180,JNE3451-KR-XXL,KURTA,XXL,Light Pink,40.0
4181,JNE3451-KR-XXXL,KURTA,XXXL,Light Pink,6.0
4182,JNE3452-KR-L,KURTA,L,Navy Blue,4.0
4183,JNE3452-KR-M,KURTA,M,Navy Blue,6.0
4184,JNE3452-KR-S,KURTA,S,Navy Blue,12.0
4185,JNE3452-KR-XL,KURTA,XL,Navy Blue,2.0
4186,JNE3452-KR-XS,KURTA,XS,Navy Blue,7.0
4187,JNE3452-KR-XXL,KURTA,XXL,Navy Blue,7.0
4188,JNE3452-KR-XXXL,KURTA,XXXL,Navy Blue,1.0
4189,JNE3453-KR-L,KURTA,L,Yellow,43.0
4190,JNE3453-KR-M,KURTA,M,Yellow,42.0
4191,JNE3453-KR-S,KURTA,S,Yellow,53.0
4192,JNE3453-KR-XL,KURTA,XL,Yellow,55.0
4193,JNE3453-KR-XS,KURTA,XS,Yellow,3.0
4194,JNE3453-KR-XXL,KURTA,XXL,Yellow,21.0
4195,JNE3454-KR-L,KURTA,L,Peach,28.0
4196,JNE3454-KR-M,KURTA,M,Peach,52.0
4197,JNE3454-KR-S,KURTA,S,Peach,83.0
4198,JNE3454-KR-XL,KURTA,XL,Peach,63.0
4199,JNE3454-KR-XS,KURTA,XS,Peach,24.0
4200,JNE3454-KR-XXL,KURTA,XXL,Peach,33.0
4201,JNE3454-KR-XXXL,KURTA,XXXL,Peach,9.0
4202,JNE3455-KR-L,KURTA,L,Black,7.0
4203,JNE3455-KR-M,KURTA,M,Black,18.0
4204,JNE3455-KR-S,KURTA,S,Black,16.0
4205,JNE3455-KR-XL,KURTA,XL,Black,15.0
4206,JNE3455-KR-XS,KURTA,XS,Black,1.0
4207,JNE3455-KR-XXL,KURTA,XXL,Black,13.0
4208,JNE3455-KR-XXXL,KURTA,XXXL,Black,1.0
4209,JNE3456-KR-L,KURTA,L,Brown,3.0
4210,JNE3456-KR-M,KURTA,M,Brown,3.0
4211,JNE3456-KR-S,KURTA,S,Brown,5.0
4212,JNE3456-KR-XL,KURTA,XL,Brown,5.0
4213,JNE3456-KR-XS,KURTA,XS,Brown,1.0
4214,JNE3456-KR-XXL,KURTA,XXL,Brown,3.0
4215,JNE3456-KR-XXXL,KURTA,XXXL,Brown,1.0
4216,JNE3457-KR-L,KURTA,L,Turquoise Blue,37.0
4217,JNE3457-KR-M,KURTA,M,Turquoise Blue,46.0
4218,JNE3457-KR-S,KURTA,S,Turquoise Blue,28.0
4219,JNE3457-KR-XL,KURTA,XL,Turquoise Blue,27.0
4220,JNE3457-KR-XS,KURTA,XS,Turquoise Blue,30.0
4221,JNE3457-KR-XXL,KURTA,XXL,Turquoise Blue,35.0
4222,JNE3457-KR-XXXL,KURTA,XXXL,Turquoise Blue,88.0
4223,JNE3458-KR-L,KURTA,L,Brown,3.0
4224,JNE3458-KR-M,KURTA,M,Brown,24.0
4225,JNE3458-KR-S,KURTA,S,Brown,35.0
4226,JNE3458-KR-XL,KURTA,XL,Brown,5.0
4227,JNE3458-KR-XS,KURTA,XS,Brown,53.0
4228,JNE3458-KR-XXL,KURTA,XXL,Brown,12.0
4229,JNE3458-KR-XXXL,KURTA,XXXL,Brown,9.0
4230,JNE3459-KR-L,KURTA,L,Navy Blue,21.0
4231,JNE3459-KR-M,KURTA,M,Navy Blue,33.0
4232,JNE3459-KR-S,KURTA,S,Navy Blue,8.0
4233,JNE3459-KR-XL,KURTA,XL,Navy Blue,2.0
4234,JNE3459-KR-XS,KURTA,XS,Navy Blue,11.0
4235,JNE3459-KR-XXL,KURTA,XXL,Navy Blue,6.0
4236,JNE3459-KR-XXXL,KURTA,XXXL,Navy Blue,5.0
4237,JNE3460-KR-L,KURTA,L,Maroon,24.0
4238,JNE3460-KR-M,KURTA,M,Maroon,32.0
4239,JNE3460-KR-S,KURTA,S,Maroon,60.0
4240,JNE3460-KR-XL,KURTA,XL,Maroon,32.0
4241,JNE3460-KR-XS,KURTA,XS,Maroon,21.0
4242,JNE3460-KR-XXL,KURTA,XXL,Maroon,27.0
4243,JNE3461-KR-L,KURTA,L,Teal,4.0
4244,JNE3461-KR-M,KURTA,M,Teal,5.0
4245,JNE3461-KR-S,KURTA,S,Teal,53.0
4246,JNE3461-KR-XL,KURTA,XL,Teal,2.0
4247,JNE3461-KR-XS,KURTA,XS,Teal,80.0
4248,JNE3461-KR-XXL,KURTA,XXL,Teal,2.0
4249,JNE3461-KR-XXXL,KURTA,XXXL,Teal,0.0
4250,JNE3462-KR-L,KURTA,L,Mustard,16.0
4251,JNE3462-KR-M,KURTA,M,Mustard,23.0
4252,JNE3462-KR-S,KURTA,S,Mustard,32.0
4253,JNE3462-KR-XL,KURTA,XL,Mustard,25.0
4254,JNE3462-KR-XS,KURTA,XS,Mustard,4.0
4255,JNE3462-KR-XXL,KURTA,XXL,Mustard,19.0
4256,JNE3462-KR-XXXL,KURTA,XXXL,Mustard,1.0
4257,JNE3463-KR-L,KURTA,L,Light Green,235.0
4258,JNE3463-KR-M,KURTA,M,Light Green,153.0
4259,JNE3463-KR-S,KURTA,S,Light Green,107.0
4260,JNE3463-KR-XL,KURTA,XL,Light Green,145.0
4261,JNE3463-KR-XS,KURTA,XS,Light Green,90.0
4262,JNE3463-KR-XXL,KURTA,XXL,Light Green,98.0
4263,JNE3463-KR-XXXL,KURTA,XXXL,Light Green,154.0
4264,JNE3464-KR-M,KURTA,M,Teal,2.0
4265,JNE3464-KR-S,KURTA,S,Teal,18.0
4266,JNE3464-KR-XL,KURTA,XL,Teal,6.0
4267,JNE3464-KR-XS,KURTA,XS,Teal,21.0
4268,JNE3465-KR-L,KURTA,L,Turquoise Blue,108.0
4269,JNE3465-KR-M,KURTA,M,Turquoise Blue,131.0
4270,JNE3465-KR-S,KURTA,S,Turquoise Blue,46.0
4271,JNE3465-KR-XL,KURTA,XL,Turquoise Blue,100.0
4272,JNE3465-KR-XS,KURTA,XS,Turquoise Blue,46.0
4273,JNE3465-KR-XXL,KURTA,XXL,Turquoise Blue,98.0
4274,JNE3465-KR-XXXL,KURTA,XXXL,Turquoise Blue,121.0
4275,JNE3466-KR-L,KURTA,L,Grey,4.0
4276,JNE3466-KR-M,KURTA,M,Grey,4.0
4277,JNE3466-KR-S,KURTA,S,Grey,12.0
4278,JNE3466-KR-XL,KURTA,XL,Grey,2.0
4279,JNE3466-KR-XS,KURTA,XS,Grey,11.0
4280,JNE3466-KR-XXL,KURTA,XXL,Grey,4.0
4281,JNE3466-KR-XXXL,KURTA,XXXL,Grey,2.0
4282,JNE3467-KR-L,KURTA,L,Black,2.0
4283,JNE3467-KR-M,KURTA,M,Black,5.0
4284,JNE3467-KR-S,KURTA,S,Black,4.0
4285,JNE3467-KR-XL,KURTA,XL,Black,4.0
4286,JNE3467-KR-XS,KURTA,XS,Black,9.0
4287,JNE3467-KR-XXL,KURTA,XXL,Black,2.0
4288,JNE3467-KR-XXXL,KURTA,XXXL,Black,4.0
4289,JNE3468-KR-L,KURTA,L,Teal,200.0
4290,JNE3468-KR-M,KURTA,M,Teal,192.0
4291,JNE3468-KR-S,KURTA,S,Teal,100.0
4292,JNE3468-KR-XL,KURTA,XL,Teal,197.0
4293,JNE3468-KR-XS,KURTA,XS,Teal,20.0
4294,JNE3468-KR-XXL,KURTA,XXL,Teal,139.0
4295,JNE3468-KR-XXXL,KURTA,XXXL,Teal,67.0
4296,JNE3469-KR-M,KURTA,M,Grey,1.0
4297,JNE3469-KR-S,KURTA,S,Grey,2.0
4298,JNE3469-KR-XL,KURTA,XL,Grey,2.0
4299,JNE3469-KR-XS,KURTA,XS,Grey,0.0
4300,JNE3469-KR-XXL,KURTA,XXL,Grey,1.0
4301,JNE3469-KR-XXXL,KURTA,XXXL,Grey,1.0
4302,JNE3470-KR-L,KURTA,L,Peach,33.0
4303,JNE3470-KR-M,KURTA,M,Peach,36.0
4304,JNE3470-KR-S,KURTA,S,Peach,49.0
4305,JNE3470-KR-XL,KURTA,XL,Peach,30.0
4306,JNE3470-KR-XS,KURTA,XS,Peach,23.0
4307,JNE3470-KR-XXL,KURTA,XXL,Peach,35.0
4308,JNE3470-KR-XXXL,KURTA,XXXL,Peach,2.0
4309,JNE3471-KR-L,KURTA,L,Maroon,2.0
4310,JNE3471-KR-M,KURTA,M,Maroon,3.0
4311,JNE3471-KR-S,KURTA,S,Maroon,11.0
4312,JNE3471-KR-XL,KURTA,XL,Maroon,1.0
4313,JNE3471-KR-XS,KURTA,XS,Maroon,41.0
4314,JNE3471-KR-XXL,KURTA,XXL,Maroon,0.0
4315,JNE3471-KR-XXXL,KURTA,XXXL,Maroon,0.0
4316,JNE3472-KR-M,KURTA,M,Maroon,2.0
4317,JNE3472-KR-S,KURTA,S,Maroon,7.0
4318,JNE3472-KR-XL,KURTA,XL,Maroon,1.0
4319,JNE3472-KR-XS,KURTA,XS,Maroon,6.0
4320,JNE3472-KR-XXXL,KURTA,XXXL,Maroon,1.0
4321,JNE3473-KR-L,KURTA,L,Light Green,46.0
4322,JNE3473-KR-M,KURTA,M,Light Green,78.0
4323,JNE3473-KR-S,KURTA,S,Light Green,75.0
4324,JNE3473-KR-XL,KURTA,XL,Light Green,64.0
4325,JNE3473-KR-XS,KURTA,XS,Light Green,63.0
4326,JNE3473-KR-XXL,KURTA,XXL,Light Green,54.0
4327,JNE3473-KR-XXXL,KURTA,XXXL,Light Green,5.0
4328,JNE3474-KR-L,KURTA,L,Turquoise Blue,23.0
4329,JNE3474-KR-M,KURTA,M,Turquoise Blue,54.0
4330,JNE3474-KR-S,KURTA,S,Turquoise Blue,26.0
4331,JNE3474-KR-XL,KURTA,XL,Turquoise Blue,44.0
4332,JNE3474-KR-XS,KURTA,XS,Turquoise Blue,11.0
4333,JNE3474-KR-XXL,KURTA,XXL,Turquoise Blue,34.0
4334,JNE3474-KR-XXXL,KURTA,XXXL,Turquoise Blue,26.0
4335,JNE3475-KR-L,KURTA,L,Powder Blue,7.0
4336,JNE3475-KR-M,KURTA,M,Powder Blue,8.0
4337,JNE3475-KR-S,KURTA,S,Powder Blue,18.0
4338,JNE3475-KR-XL,KURTA,XL,Powder Blue,4.0
4339,JNE3475-KR-XS,KURTA,XS,Powder Blue,4.0
4340,JNE3475-KR-XXL,KURTA,XXL,Powder Blue,8.0
4341,JNE3475-KR-XXXL,KURTA,XXXL,Powder Blue,2.0
4342,JNE3476-KR-L,KURTA,L,Peach,25.0
4343,JNE3476-KR-M,KURTA,M,Peach,9.0
4344,JNE3476-KR-S,KURTA,S,Peach,13.0
4345,JNE3476-KR-XL,KURTA,XL,Peach,1.0
4346,JNE3476-KR-XS,KURTA,XS,Peach,10.0
4347,JNE3476-KR-XXL,KURTA,XXL,Peach,6.0
4348,JNE3476-KR-XXXL,KURTA,XXXL,Peach,26.0
4349,JNE3477-KR-L,KURTA,L,Peach,8.0
4350,JNE3477-KR-M,KURTA,M,Peach,8.0
4351,JNE3477-KR-S,KURTA,S,Peach,4.0
4352,JNE3477-KR-XL,KURTA,XL,Peach,4.0
4353,JNE3477-KR-XS,KURTA,XS,Peach,1.0
4354,JNE3477-KR-XXL,KURTA,XXL,Peach,3.0
4355,JNE3479-KR-L,KURTA,L,Black,7.0
4356,JNE3479-KR-M,KURTA,M,Black,6.0
4357,JNE3479-KR-S,KURTA,S,Black,82.0
4358,JNE3479-KR-XL,KURTA,XL,Black,3.0
4359,JNE3479-KR-XS,KURTA,XS,Black,4.0
4360,JNE3479-KR-XXL,KURTA,XXL,Black,12.0
4361,JNE3479-KR-XXXL,KURTA,XXXL,Black,3.0
4362,JNE3480-KR-L,KURTA,L,Pink,6.0
4363,JNE3480-KR-M,KURTA,M,Pink,6.0
4364,JNE3480-KR-S,KURTA,S,Pink,7.0
4365,JNE3480-KR-XL,KURTA,XL,Pink,5.0
4366,JNE3480-KR-XS,KURTA,XS,Pink,8.0
4367,JNE3480-KR-XXL,KURTA,XXL,Pink,5.0
4368,JNE3480-KR-XXXL,KURTA,XXXL,Pink,2.0
4369,JNE3481-KR-L,KURTA,L,White,1.0
4370,JNE3481-KR-M,KURTA,M,White,1.0
4371,JNE3481-KR-S,KURTA,S,White,3.0
4372,JNE3481-KR-XL,KURTA,XL,White,2.0
4373,JNE3481-KR-XS,KURTA,XS,White,7.0
4374,JNE3481-KR-XXL,KURTA,XXL,White,1.0
4375,JNE3481-KR-XXXL,KURTA,XXXL,White,1.0
4376,JNE3482-KR-L,KURTA,L,Powder Blue,4.0
4377,JNE3482-KR-M,KURTA,M,Powder Blue,3.0
4378,JNE3482-KR-S,KURTA,S,Powder Blue,22.0
4379,JNE3482-KR-XL,KURTA,XL,Powder Blue,3.0
4380,JNE3482-KR-XS,KURTA,XS,Powder Blue,16.0
4381,JNE3482-KR-XXL,KURTA,XXL,Powder Blue,5.0
4382,JNE3482-KR-XXXL,KURTA,XXXL,Powder Blue,1.0
4383,JNE3483-KR-L,KURTA,L,Grey,32.0
4384,JNE3483-KR-M,KURTA,M,Grey,44.0
4385,JNE3483-KR-S,KURTA,S,Grey,48.0
4386,JNE3483-KR-XL,KURTA,XL,Grey,36.0
4387,JNE3483-KR-XS,KURTA,XS,Grey,33.0
4388,JNE3483-KR-XXL,KURTA,XXL,Grey,21.0
4389,JNE3483-KR-XXXL,KURTA,XXXL,Grey,4.0
4390,JNE3484-KR-L,KURTA,L,Olive,6.0
4391,JNE3484-KR-M,KURTA,M,Olive,32.0
4392,JNE3484-KR-S,KURTA,S,Olive,47.0
4393,JNE3484-KR-XL,KURTA,XL,Olive,7.0
4394,JNE3484-KR-XS,KURTA,XS,Olive,15.0
4395,JNE3484-KR-XXL,KURTA,XXL,Olive,11.0
4396,JNE3484-KR-XXXL,KURTA,XXXL,Olive,1.0
4397,JNE3485-KR-L,KURTA,L,Grey,71.0
4398,JNE3485-KR-M,KURTA,M,Grey,80.0
4399,JNE3485-KR-S,KURTA,S,Grey,81.0
4400,JNE3485-KR-XL,KURTA,XL,Grey,69.0
4401,JNE3485-KR-XS,KURTA,XS,Grey,71.0
4402,JNE3485-KR-XXL,KURTA,XXL,Grey,64.0
4403,JNE3485-KR-XXXL,KURTA,XXXL,Grey,21.0
4404,JNE3486-KR-L,KURTA,L,Light Green,90.0
4405,JNE3486-KR-M,KURTA,M,Light Green,83.0
4406,JNE3486-KR-S,KURTA,S,Light Green,102.0
4407,JNE3486-KR-XL,KURTA,XL,Light Green,89.0
4408,JNE3486-KR-XS,KURTA,XS,Light Green,32.0
4409,JNE3486-KR-XXL,KURTA,XXL,Light Green,97.0
4410,JNE3486-KR-XXXL,KURTA,XXXL,Light Green,6.0
4411,JNE3487-KR-L,KURTA,L,Peach,6.0
4412,JNE3487-KR-M,KURTA,M,Peach,23.0
4413,JNE3487-KR-S,KURTA,S,Peach,77.0
4414,JNE3487-KR-XL,KURTA,XL,Peach,7.0
4415,JNE3487-KR-XS,KURTA,XS,Peach,6.0
4416,JNE3487-KR-XXL,KURTA,XXL,Peach,13.0
4417,JNE3487-KR-XXXL,KURTA,XXXL,Peach,4.0
4418,JNE3488-KR-L,KURTA,L,White,2.0
4419,JNE3488-KR-M,KURTA,M,White,2.0
4420,JNE3488-KR-S,KURTA,S,White,4.0
4421,JNE3488-KR-XL,KURTA,XL,White,0.0
4422,JNE3488-KR-XS,KURTA,XS,White,7.0
4423,JNE3488-KR-XXL,KURTA,XXL,White,0.0
4424,JNE3488-KR-XXXL,KURTA,XXXL,White,3.0
4425,JNE3489-KR-L,KURTA,L,Maroon,140.0
4426,JNE3489-KR-M,KURTA,M,Maroon,87.0
4427,JNE3489-KR-S,KURTA,S,Maroon,114.0
4428,JNE3489-KR-XL,KURTA,XL,Maroon,70.0
4429,JNE3489-KR-XS,KURTA,XS,Maroon,38.0
4430,JNE3489-KR-XXL,KURTA,XXL,Maroon,166.0
4431,JNE3489-KR-XXXL,KURTA,XXXL,Maroon,10.0
4432,JNE3491-KR-L,KURTA,L,Blue,2.0
4433,JNE3491-KR-M,KURTA,M,Blue,3.0
4434,JNE3491-KR-S,KURTA,S,Blue,5.0
4435,JNE3491-KR-XL,KURTA,XL,Blue,4.0
4436,JNE3491-KR-XS,KURTA,XS,Blue,9.0
4437,JNE3491-KR-XXL,KURTA,XXL,Blue,4.0
4438,JNE3491-KR-XXXL,KURTA,XXXL,Blue,2.0
4439,JNE3497-KR-L,KURTA,L,Grey,1.0
4440,JNE3497-KR-M,KURTA,M,Grey,1.0
4441,JNE3497-KR-S,KURTA,S,Grey,2.0
4442,JNE3497-KR-XL,KURTA,XL,Grey,1.0
4443,JNE3497-KR-XS,KURTA,XS,Grey,3.0
4444,JNE3497-KR-XXL,KURTA,XXL,Grey,0.0
4445,JNE3497-KR-XXXL,KURTA,XXXL,Grey,1.0
4446,JNE3500-KR-L,KURTA,L,Grey,3.0
4447,JNE3500-KR-M,KURTA,M,Grey,1.0
4448,JNE3500-KR-S,KURTA,S,Grey,6.0
4449,JNE3500-KR-XL,KURTA,XL,Grey,2.0
4450,JNE3500-KR-XS,KURTA,XS,Grey,16.0
4451,JNE3500-KR-XXL,KURTA,XXL,Grey,2.0
4452,JNE3500-KR-XXXL,KURTA,XXXL,Grey,5.0
4453,JNE3501-KR-L,KURTA,L,Pink,5.0
4454,JNE3501-KR-M,KURTA,M,Pink,7.0
4455,JNE3501-KR-S,KURTA,S,Pink,29.0
4456,JNE3501-KR-XL,KURTA,XL,Pink,23.0
4457,JNE3501-KR-XS,KURTA,XS,Pink,27.0
4458,JNE3501-KR-XXL,KURTA,XXL,Pink,20.0
4459,JNE3501-KR-XXXL,KURTA,XXXL,Pink,14.0
4460,JNE3503-KR-L,KURTA,L,Light Green,1.0
4461,JNE3503-KR-M,KURTA,M,Light Green,1.0
4462,JNE3503-KR-S,KURTA,S,Light Green,1.0
4463,JNE3503-KR-XL,KURTA,XL,Light Green,0.0
4464,JNE3503-KR-XS,KURTA,XS,Light Green,2.0
4465,JNE3503-KR-XXL,KURTA,XXL,Light Green,2.0
4466,JNE3503-KR-XXXL,KURTA,XXXL,Light Green,3.0
4467,JNE3504-KR-L,KURTA,L,Green,3.0
4468,JNE3504-KR-M,KURTA,M,Green,3.0
4469,JNE3504-KR-S,KURTA,S,Green,3.0
4470,JNE3504-KR-XL,KURTA,XL,Green,11.0
4471,JNE3504-KR-XS,KURTA,XS,Green,10.0
4472,JNE3504-KR-XXL,KURTA,XXL,Green,2.0
4473,JNE3504-KR-XXXL,KURTA,XXXL,Green,3.0
4474,JNE3506-KR-L,KURTA,L,Peach,27.0
4475,JNE3506-KR-M,KURTA,M,Peach,19.0
4476,JNE3506-KR-S,KURTA,S,Peach,24.0
4477,JNE3506-KR-XL,KURTA,XL,Peach,18.0
4478,JNE3506-KR-XS,KURTA,XS,Peach,13.0
4479,JNE3506-KR-XXL,KURTA,XXL,Peach,3.0
4480,JNE3506-KR-XXXL,KURTA,XXXL,Peach,2.0
4481,JNE3507-KR-L,KURTA,L,Grey,1.0
4482,JNE3507-KR-M,KURTA,M,Grey,1.0
4483,JNE3507-KR-S,KURTA,S,Grey,0.0
4484,JNE3507-KR-XL,KURTA,XL,Grey,0.0
4485,JNE3507-KR-XS,KURTA,XS,Grey,1.0
4486,JNE3507-KR-XXL,KURTA,XXL,Grey,3.0
4487,JNE3507-KR-XXXL,KURTA,XXXL,Grey,0.0
4488,JNE3510-KR-L,KURTA,L,Grey,1.0
4489,JNE3510-KR-M,KURTA,M,Grey,0.0
4490,JNE3510-KR-S,KURTA,S,Grey,2.0
4491,JNE3510-KR-XL,KURTA,XL,Grey,4.0
4492,JNE3510-KR-XS,KURTA,XS,Grey,66.0
4493,JNE3510-KR-XXL,KURTA,XXL,Grey,6.0
4494,JNE3510-KR-XXXL,KURTA,XXXL,Grey,58.0
4495,JNE3515-KR-L,KURTA,L,CORAL ,62.0
4496,JNE3515-KR-M,KURTA,M,CORAL ,25.0
4497,JNE3515-KR-S,KURTA,S,CORAL ,5.0
4498,JNE3515-KR-XL,KURTA,XL,CORAL ,63.0
4499,JNE3515-KR-XS,KURTA,XS,CORAL ,25.0
4500,JNE3515-KR-XXL,KURTA,XXL,CORAL ,5.0
4501,JNE3515-KR-XXXL,KURTA,XXXL,CORAL ,55.0
4502,JNE3516-KR-L,KURTA,L,Mustard,6.0
4503,JNE3516-KR-M,KURTA,M,Mustard,9.0
4504,JNE3516-KR-S,KURTA,S,Mustard,25.0
4505,JNE3516-KR-XL,KURTA,XL,Mustard,13.0
4506,JNE3516-KR-XS,KURTA,XS,Mustard,3.0
4507,JNE3516-KR-XXL,KURTA,XXL,Mustard,10.0
4508,JNE3516-KR-XXXL,KURTA,XXXL,Mustard,1.0
4509,JNE3517-KR-L,KURTA,L,Peach,6.0
4510,JNE3517-KR-M,KURTA,M,Peach,4.0
4511,JNE3517-KR-S,KURTA,S,Peach,3.0
4512,JNE3517-KR-XL,KURTA,XL,Peach,4.0
4513,JNE3517-KR-XS,KURTA,XS,Peach,2.0
4514,JNE3517-KR-XXL,KURTA,XXL,Peach,4.0
4515,JNE3518-KR-L,KURTA,L,Turquoise,3.0
4516,JNE3518-KR-M,KURTA,M,Turquoise,6.0
4517,JNE3518-KR-S,KURTA,S,Turquoise,39.0
4518,JNE3518-KR-XL,KURTA,XL,Turquoise,6.0
4519,JNE3518-KR-XS,KURTA,XS,Turquoise,22.0
4520,JNE3518-KR-XXL,KURTA,XXL,Turquoise,12.0
4521,JNE3518-KR-XXXL,KURTA,XXXL,Turquoise,4.0
4522,JNE3520-KR-L,KURTA,L,Mustard,64.0
4523,JNE3520-KR-M,KURTA,M,Mustard,64.0
4524,JNE3520-KR-S,KURTA,S,Mustard,61.0
4525,JNE3520-KR-XL,KURTA,XL,Mustard,56.0
4526,JNE3520-KR-XS,KURTA,XS,Mustard,15.0
4527,JNE3520-KR-XXL,KURTA,XXL,Mustard,71.0
4528,JNE3520-KR-XXXL,KURTA,XXXL,Mustard,9.0
4529,JNE3521-KR-L,KURTA,L,Turquoise,22.0
4530,JNE3521-KR-M,KURTA,M,Turquoise,9.0
4531,JNE3521-KR-S,KURTA,S,Turquoise,0.0
4532,JNE3521-KR-XL,KURTA,XL,Turquoise,3.0
4533,JNE3521-KR-XS,KURTA,XS,Turquoise,2.0
4534,JNE3521-KR-XXL,KURTA,XXL,Turquoise,24.0
4535,JNE3522-KR-L,KURTA,L,Peach,18.0
4536,JNE3522-KR-M,KURTA,M,Peach,29.0
4537,JNE3522-KR-S,KURTA,S,Peach,83.0
4538,JNE3522-KR-XL,KURTA,XL,Peach,11.0
4539,JNE3522-KR-XS,KURTA,XS,Peach,17.0
4540,JNE3522-KR-XXL,KURTA,XXL,Peach,16.0
4541,JNE3522-KR-XXXL,KURTA,XXXL,Peach,1.0
4542,JNE3523-KR-L,KURTA,L,Navy Blue,0.0
4543,JNE3523-KR-M,KURTA,M,Navy Blue,0.0
4544,JNE3523-KR-S,KURTA,S,Navy Blue,0.0
4545,JNE3523-KR-XL,KURTA,XL,Navy Blue,0.0
4546,JNE3523-KR-XS,KURTA,XS,Navy Blue,19.0
4547,JNE3523-KR-XXL,KURTA,XXL,Navy Blue,0.0
4548,JNE3523-KR-XXXL,KURTA,XXXL,Navy Blue,0.0
4549,JNE3524-KR-L,KURTA,L,Blue,27.0
4550,JNE3524-KR-M,KURTA,M,Blue,26.0
4551,JNE3524-KR-S,KURTA,S,Blue,11.0
4552,JNE3524-KR-XL,KURTA,XL,Blue,33.0
4553,JNE3524-KR-XS,KURTA,XS,Blue,5.0
4554,JNE3524-KR-XXL,KURTA,XXL,Blue,22.0
4555,JNE3524-KR-XXXL,KURTA,XXXL,Blue,13.0
4556,JNE3526-KR-L,KURTA,L,Grey,2.0
4557,JNE3526-KR-M,KURTA,M,Grey,2.0
4558,JNE3526-KR-S,KURTA,S,Grey,5.0
4559,JNE3526-KR-XL,KURTA,XL,Grey,2.0
4560,JNE3526-KR-XS,KURTA,XS,Grey,3.0
4561,JNE3526-KR-XXL,KURTA,XXL,Grey,3.0
4562,JNE3526-KR-XXXL,KURTA,XXXL,Grey,2.0
4563,JNE3528-KR-L,KURTA,L,Sea Green,2.0
4564,JNE3528-KR-M,KURTA,M,Sea Green,0.0
4565,JNE3528-KR-S,KURTA,S,Sea Green,2.0
4566,JNE3528-KR-XL,KURTA,XL,Sea Green,0.0
4567,JNE3528-KR-XS,KURTA,XS,Sea Green,1.0
4568,JNE3528-KR-XXL,KURTA,XXL,Sea Green,3.0
4569,JNE3528-KR-XXXL,KURTA,XXXL,Sea Green,3.0
4570,JNE3530-KR-L,KURTA,L,Grey,2.0
4571,JNE3530-KR-M,KURTA,M,Grey,3.0
4572,JNE3530-KR-S,KURTA,S,Grey,4.0
4573,JNE3530-KR-XL,KURTA,XL,Grey,1.0
4574,JNE3530-KR-XS,KURTA,XS,Grey,8.0
4575,JNE3530-KR-XXL,KURTA,XXL,Grey,0.0
4576,JNE3530-KR-XXXL,KURTA,XXXL,Grey,3.0
4577,JNE3531-KR-L,KURTA,L,Cream,3.0
4578,JNE3531-KR-M,KURTA,M,Cream,4.0
4579,JNE3531-KR-S,KURTA,S,Cream,6.0
4580,JNE3531-KR-XL,KURTA,XL,Cream,2.0
4581,JNE3531-KR-XS,KURTA,XS,Cream,11.0
4582,JNE3531-KR-XXL,KURTA,XXL,Cream,6.0
4583,JNE3531-KR-XXXL,KURTA,XXXL,Cream,3.0
4584,JNE3532-KR-M,KURTA,M,Multicolor,1.0
4585,JNE3532-KR-S,KURTA,S,Multicolor,0.0
4586,JNE3533-KR-S,KURTA,S,Teal,1.0
4587,JNE3533-KR-XL,KURTA,XL,Teal,1.0
4588,JNE3534-KR-L,KURTA,L,Turquoise,2.0
4589,JNE3534-KR-M,KURTA,M,Turquoise,6.0
4590,JNE3534-KR-S,KURTA,S,Turquoise,7.0
4591,JNE3534-KR-XL,KURTA,XL,Turquoise,5.0
4592,JNE3534-KR-XS,KURTA,XS,Turquoise,14.0
4593,JNE3534-KR-XXL,KURTA,XXL,Turquoise,3.0
4594,JNE3534-KR-XXXL,KURTA,XXXL,Turquoise,3.0
4595,JNE3535-KR-L,KURTA,L,Turquoise,2.0
4596,JNE3535-KR-M,KURTA,M,Turquoise,0.0
4597,JNE3535-KR-S,KURTA,S,Turquoise,1.0
4598,JNE3535-KR-XL,KURTA,XL,Turquoise,2.0
4599,JNE3535-KR-XS,KURTA,XS,Turquoise,10.0
4600,JNE3535-KR-XXL,KURTA,XXL,Turquoise,6.0
4601,JNE3535-KR-XXXL,KURTA,XXXL,Turquoise,1.0
4602,JNE3537-KR-L,KURTA,L,Multicolor,0.0
4603,JNE3537-KR-M,KURTA,M,Multicolor,3.0
4604,JNE3537-KR-S,KURTA,S,Multicolor,2.0
4605,JNE3537-KR-XL,KURTA,XL,Multicolor,1.0
4606,JNE3537-KR-XS,KURTA,XS,Multicolor,6.0
4607,JNE3537-KR-XXL,KURTA,XXL,Multicolor,0.0
4608,JNE3537-KR-XXXL,KURTA,XXXL,Multicolor,0.0
4609,JNE3538-KR-L,KURTA,L,Navy Blue,0.0
4610,JNE3538-KR-M,KURTA,M,Navy Blue,1.0
4611,JNE3538-KR-S,KURTA,S,Navy Blue,2.0
4612,JNE3538-KR-XL,KURTA,XL,Navy Blue,1.0
4613,JNE3538-KR-XS,KURTA,XS,Navy Blue,2.0
4614,JNE3538-KR-XXL,KURTA,XXL,Navy Blue,1.0
4615,JNE3538-KR-XXXL,KURTA,XXXL,Navy Blue,0.0
4616,JNE3539-KR-L,KURTA,L,Cream,0.0
4617,JNE3539-KR-M,KURTA,M,Cream,2.0
4618,JNE3539-KR-S,KURTA,S,Cream,7.0
4619,JNE3539-KR-XL,KURTA,XL,Cream,3.0
4620,JNE3539-KR-XS,KURTA,XS,Cream,7.0
4621,JNE3539-KR-XXL,KURTA,XXL,Cream,2.0
4622,JNE3539-KR-XXXL,KURTA,XXXL,Cream,2.0
4623,JNE3541-KR-L,KURTA,L,Maroon,1.0
4624,JNE3541-KR-M,KURTA,M,Maroon,0.0
4625,JNE3541-KR-S,KURTA,S,Maroon,1.0
4626,JNE3541-KR-XL,KURTA,XL,Maroon,1.0
4627,JNE3541-KR-XS,KURTA,XS,Maroon,0.0
4628,JNE3541-KR-XXXL,KURTA,XXXL,Maroon,0.0
4629,JNE3542-KR-L,KURTA,L,Cream,3.0
4630,JNE3542-KR-M,KURTA,M,Cream,2.0
4631,JNE3542-KR-S,KURTA,S,Cream,6.0
4632,JNE3542-KR-XL,KURTA,XL,Cream,2.0
4633,JNE3542-KR-XS,KURTA,XS,Cream,6.0
4634,JNE3542-KR-XXL,KURTA,XXL,Cream,1.0
4635,JNE3542-KR-XXXL,KURTA,XXXL,Cream,1.0
4636,JNE3543-KR-L,KURTA,L,Cream,2.0
4637,JNE3543-KR-M,KURTA,M,Cream,4.0
4638,JNE3543-KR-S,KURTA,S,Cream,5.0
4639,JNE3543-KR-XL,KURTA,XL,Cream,3.0
4640,JNE3543-KR-XS,KURTA,XS,Cream,7.0
4641,JNE3543-KR-XXL,KURTA,XXL,Cream,3.0
4642,JNE3543-KR-XXXL,KURTA,XXXL,Cream,2.0
4643,JNE3544-KR-L,KURTA,L,Green,3.0
4644,JNE3544-KR-M,KURTA,M,Green,2.0
4645,JNE3544-KR-S,KURTA,S,Green,2.0
4646,JNE3544-KR-XL,KURTA,XL,Green,2.0
4647,JNE3544-KR-XS,KURTA,XS,Green,3.0
4648,JNE3544-KR-XXL,KURTA,XXL,Green,3.0
4649,JNE3544-KR-XXXL,KURTA,XXXL,Green,1.0
4650,JNE3545-KR-L,KURTA,L,Green,0.0
4651,JNE3545-KR-M,KURTA,M,Green,1.0
4652,JNE3545-KR-S,KURTA,S,Green,0.0
4653,JNE3545-KR-XL,KURTA,XL,Green,0.0
4654,JNE3545-KR-XS,KURTA,XS,Green,2.0
4655,JNE3545-KR-XXL,KURTA,XXL,Green,1.0
4656,JNE3545-KR-XXXL,KURTA,XXXL,Green,2.0
4657,JNE3546-KR-L,KURTA,L,Blue,10.0
4658,JNE3546-KR-M,KURTA,M,Blue,29.0
4659,JNE3546-KR-S,KURTA,S,Blue,7.0
4660,JNE3546-KR-XL,KURTA,XL,Blue,6.0
4661,JNE3546-KR-XS,KURTA,XS,Blue,17.0
4662,JNE3546-KR-XXL,KURTA,XXL,Blue,4.0
4663,JNE3546-KR-XXXL,KURTA,XXXL,Blue,2.0
4664,JNE3547-KR-L,KURTA,L,Turquoise Blue,26.0
4665,JNE3547-KR-M,KURTA,M,Turquoise Blue,26.0
4666,JNE3547-KR-S,KURTA,S,Turquoise Blue,5.0
4667,JNE3547-KR-XL,KURTA,XL,Turquoise Blue,66.0
4668,JNE3547-KR-XS,KURTA,XS,Turquoise Blue,5.0
4669,JNE3547-KR-XXL,KURTA,XXL,Turquoise Blue,19.0
4670,JNE3547-KR-XXXL,KURTA,XXXL,Turquoise Blue,46.0
4671,JNE3548-KR-L,KURTA,L,Dark Blue,146.0
4672,JNE3548-KR-M,KURTA,M,Dark Blue,112.0
4673,JNE3548-KR-S,KURTA,S,Dark Blue,87.0
4674,JNE3548-KR-XL,KURTA,XL,Dark Blue,154.0
4675,JNE3548-KR-XS,KURTA,XS,Dark Blue,38.0
4676,JNE3548-KR-XXL,KURTA,XXL,Dark Blue,112.0
4677,JNE3548-KR-XXXL,KURTA,XXXL,Dark Blue,84.0
4678,JNE3549-KR-L,KURTA,L,Maroon,25.0
4679,JNE3549-KR-M,KURTA,M,Maroon,13.0
4680,JNE3549-KR-S,KURTA,S,Maroon,54.0
4681,JNE3549-KR-XL,KURTA,XL,Maroon,7.0
4682,JNE3549-KR-XS,KURTA,XS,Maroon,27.0
4683,JNE3549-KR-XXL,KURTA,XXL,Maroon,8.0
4684,JNE3549-KR-XXXL,KURTA,XXXL,Maroon,3.0
4685,JNE3550-KR-L,KURTA,L,Dark Green,0.0
4686,JNE3550-KR-M,KURTA,M,Dark Green,1.0
4687,JNE3550-KR-S,KURTA,S,Dark Green,2.0
4688,JNE3550-KR-XL,KURTA,XL,Dark Green,0.0
4689,JNE3550-KR-XS,KURTA,XS,Dark Green,4.0
4690,JNE3550-KR-XXL,KURTA,XXL,Dark Green,2.0
4691,JNE3550-KR-XXXL,KURTA,XXXL,Dark Green,2.0
4692,JNE3553-KR-L,KURTA,L,Navy Blue,2.0
4693,JNE3553-KR-M,KURTA,M,Navy Blue,0.0
4694,JNE3553-KR-S,KURTA,S,Navy Blue,51.0
4695,JNE3553-KR-XL,KURTA,XL,Navy Blue,0.0
4696,JNE3553-KR-XS,KURTA,XS,Navy Blue,46.0
4697,JNE3553-KR-XXL,KURTA,XXL,Navy Blue,25.0
4698,JNE3553-KR-XXXL,KURTA,XXXL,Navy Blue,20.0
4699,JNE3554-KR-L,KURTA,L,Yellow,7.0
4700,JNE3554-KR-M,KURTA,M,Yellow,1.0
4701,JNE3554-KR-S,KURTA,S,Yellow,33.0
4702,JNE3554-KR-XL,KURTA,XL,Yellow,3.0
4703,JNE3554-KR-XXL,KURTA,XXL,Yellow,40.0
4704,JNE3554-KR-XXXL,KURTA,XXXL,Yellow,1.0
4705,JNE3555-KR-L,KURTA,L,Maroon,20.0
4706,JNE3555-KR-M,KURTA,M,Maroon,25.0
4707,JNE3555-KR-S,KURTA,S,Maroon,28.0
4708,JNE3555-KR-XL,KURTA,XL,Maroon,19.0
4709,JNE3555-KR-XS,KURTA,XS,Maroon,16.0
4710,JNE3555-KR-XXL,KURTA,XXL,Maroon,21.0
4711,JNE3555-KR-XXXL,KURTA,XXXL,Maroon,2.0
4712,JNE3556-KR-L,KURTA,L,Grey,20.0
4713,JNE3556-KR-M,KURTA,M,Grey,13.0
4714,JNE3556-KR-S,KURTA,S,Grey,14.0
4715,JNE3556-KR-XL,KURTA,XL,Grey,18.0
4716,JNE3556-KR-XS,KURTA,XS,Grey,21.0
4717,JNE3556-KR-XXL,KURTA,XXL,Grey,23.0
4718,JNE3556-KR-XXXL,KURTA,XXXL,Grey,23.0
4719,JNE3557-KR-L,KURTA,L,Black,44.0
4720,JNE3557-KR-M,KURTA,M,Black,44.0
4721,JNE3557-KR-S,KURTA,S,Black,20.0
4722,JNE3557-KR-XL,KURTA,XL,Black,36.0
4723,JNE3557-KR-XXL,KURTA,XXL,Black,14.0
4724,JNE3558-KR-L,KURTA,L,Pink,0.0
4725,JNE3558-KR-M,KURTA,M,Pink,1.0
4726,JNE3558-KR-S,KURTA,S,Pink,2.0
4727,JNE3558-KR-XL,KURTA,XL,Pink,2.0
4728,JNE3558-KR-XS,KURTA,XS,Pink,2.0
4729,JNE3558-KR-XXL,KURTA,XXL,Pink,2.0
4730,JNE3558-KR-XXXL,KURTA,XXXL,Pink,1.0
4731,JNE3559-KR-L,KURTA,L,Grey,11.0
4732,JNE3559-KR-M,KURTA,M,Grey,2.0
4733,JNE3559-KR-S,KURTA,S,Grey,13.0
4734,JNE3559-KR-XL,KURTA,XL,Grey,21.0
4735,JNE3559-KR-XS,KURTA,XS,Grey,13.0
4736,JNE3559-KR-XXL,KURTA,XXL,Grey,5.0
4737,JNE3559-KR-XXXL,KURTA,XXXL,Grey,3.0
4738,JNE3560-KR-L,KURTA,L,Blue,138.0
4739,JNE3560-KR-M,KURTA,M,Blue,106.0
4740,JNE3560-KR-S,KURTA,S,Blue,199.0
4741,JNE3560-KR-XL,KURTA,XL,Blue,223.0
4742,JNE3560-KR-XS,KURTA,XS,Blue,48.0
4743,JNE3560-KR-XXL,KURTA,XXL,Blue,168.0
4744,JNE3560-KR-XXXL,KURTA,XXXL,Blue,87.0
4745,JNE3561-KR-L,KURTA,L,Beige,1.0
4746,JNE3561-KR-M,KURTA,M,Beige,4.0
4747,JNE3561-KR-S,KURTA,S,Beige,8.0
4748,JNE3561-KR-XL,KURTA,XL,Beige,4.0
4749,JNE3561-KR-XS,KURTA,XS,Beige,53.0
4750,JNE3561-KR-XXL,KURTA,XXL,Beige,6.0
4751,JNE3561-KR-XXXL,KURTA,XXXL,Beige,3.0
4752,JNE3562-KR-L,KURTA,L,Peach,2.0
4753,JNE3562-KR-M,KURTA,M,Peach,4.0
4754,JNE3562-KR-S,KURTA,S,Peach,17.0
4755,JNE3562-KR-XL,KURTA,XL,Peach,1.0
4756,JNE3562-KR-XXL,KURTA,XXL,Peach,5.0
4757,,KURTA,XXXL,Peach,1.0
4758,JNE3563-KR-L,KURTA,L,Pink,1.0
4759,JNE3563-KR-M,KURTA,M,Pink,2.0
4760,JNE3563-KR-S,KURTA,S,Pink,4.0
4761,JNE3563-KR-XL,KURTA,XL,Pink,2.0
4762,JNE3563-KR-XS,KURTA,XS,Pink,4.0
4763,JNE3563-KR-XXL,KURTA,XXL,Pink,1.0
4764,JNE3563-KR-XXXL,KURTA,XXXL,Pink,1.0
4765,JNE3564-KR-L,KURTA,L,Black,90.0
4766,JNE3564-KR-M,KURTA,M,Black,107.0
4767,JNE3564-KR-S,KURTA,S,Black,105.0
4768,JNE3564-KR-XL,KURTA,XL,Black,105.0
4769,JNE3564-KR-XS,KURTA,XS,Black,64.0
4770,JNE3564-KR-XXL,KURTA,XXL,Black,51.0
4771,JNE3564-KR-XXXL,KURTA,XXXL,Black,12.0
4772,JNE3565-KR-L,KURTA,L,Brown,4.0
4773,JNE3565-KR-M,KURTA,M,Brown,5.0
4774,JNE3565-KR-S,KURTA,S,Brown,6.0
4775,JNE3565-KR-XL,KURTA,XL,Brown,2.0
4776,JNE3565-KR-XS,KURTA,XS,Brown,16.0
4777,JNE3565-KR-XXL,KURTA,XXL,Brown,3.0
4778,JNE3565-KR-XXXL,KURTA,XXXL,Brown,2.0
4779,JNE3566-KR-L,KURTA,L,Dark Green,11.0
4780,JNE3566-KR-M,KURTA,M,Dark Green,20.0
4781,JNE3566-KR-S,KURTA,S,Dark Green,44.0
4782,JNE3566-KR-XL,KURTA,XL,Dark Green,25.0
4783,JNE3566-KR-XXL,KURTA,XXL,Dark Green,11.0
4784,JNE3567-KR-L,KURTA,L,Blue,377.0
4785,JNE3567-KR-M,KURTA,M,Blue,186.0
4786,JNE3567-KR-S,KURTA,S,Blue,210.0
4787,JNE3567-KR-XL,KURTA,XL,Blue,336.0
4788,JNE3567-KR-XS,KURTA,XS,Blue,181.0
4789,JNE3567-KR-XXL,KURTA,XXL,Blue,295.0
4790,JNE3567-KR-XXXL,KURTA,XXXL,Blue,235.0
4791,,KURTA,5XL,Yellow,0.0
4792,JNE3568-KR-L,KURTA,L,Yellow,147.0
4793,JNE3568-KR-M,KURTA,M,Yellow,197.0
4794,JNE3568-KR-S,KURTA,S,Yellow,155.0
4795,JNE3568-KR-XL,KURTA,XL,Yellow,94.0
4796,JNE3568-KR-XS,KURTA,XS,Yellow,118.0
4797,JNE3568-KR-XXL,KURTA,XXL,Yellow,29.0
4798,JNE3568-KR-XXXL,KURTA,XXXL,Yellow,28.0
4799,JNE3570-KR-L,KURTA,L,Light Green,1.0
4800,JNE3570-KR-M,KURTA,M,Light Green,0.0
4801,JNE3570-KR-S,KURTA,S,Light Green,3.0
4802,JNE3570-KR-XL,KURTA,XL,Light Green,1.0
4803,JNE3570-KR-XS,KURTA,XS,Light Green,3.0
4804,JNE3570-KR-XXL,KURTA,XXL,Light Green,2.0
4805,JNE3570-KR-XXXL,KURTA,XXXL,Light Green,0.0
4806,JNE3571-KR-L,KURTA,L,Sea Green,123.0
4807,JNE3571-KR-M,KURTA,M,Sea Green,113.0
4808,JNE3571-KR-S,KURTA,S,Sea Green,30.0
4809,JNE3571-KR-XL,KURTA,XL,Sea Green,63.0
4810,JNE3571-KR-XS,KURTA,XS,Sea Green,13.0
4811,JNE3571-KR-XXL,KURTA,XXL,Sea Green,19.0
4812,JNE3571-KR-XXXL,KURTA,XXXL,Sea Green,6.0
4813,JNE3572-KR-XL,KURTA,XL,Pink,0.0
4814,JNE3573-KR-L,KURTA,L,Grey,1.0
4815,JNE3573-KR-M,KURTA,M,Grey,0.0
4816,JNE3573-KR-S,KURTA,S,Grey,5.0
4817,JNE3573-KR-XL,KURTA,XL,Grey,2.0
4818,JNE3573-KR-XS,KURTA,XS,Grey,2.0
4819,JNE3573-KR-XXL,KURTA,XXL,Grey,4.0
4820,JNE3573-KR-XXXL,KURTA,XXXL,Grey,3.0
4821,JNE3574-KR-L,KURTA,L,Light Green,2.0
4822,JNE3574-KR-M,KURTA,M,Light Green,1.0
4823,JNE3574-KR-S,KURTA,S,Light Green,4.0
4824,JNE3574-KR-XL,KURTA,XL,Light Green,1.0
4825,JNE3574-KR-XS,KURTA,XS,Light Green,1.0
4826,JNE3574-KR-XXL,KURTA,XXL,Light Green,1.0
4827,JNE3574-KR-XXXL,KURTA,XXXL,Light Green,2.0
4828,JNE3575-KR-L,KURTA,L,Pink,1.0
4829,JNE3575-KR-M,KURTA,M,Pink,4.0
4830,JNE3575-KR-S,KURTA,S,Pink,28.0
4831,JNE3575-KR-XL,KURTA,XL,Pink,3.0
4832,JNE3575-KR-XS,KURTA,XS,Pink,21.0
4833,JNE3575-KR-XXL,KURTA,XXL,Pink,13.0
4834,JNE3575-KR-XXXL,KURTA,XXXL,Pink,9.0
4835,JNE3576-KR-L,KURTA,L,Black,56.0
4836,JNE3576-KR-M,KURTA,M,Black,39.0
4837,JNE3576-KR-S,KURTA,S,Black,21.0
4838,JNE3576-KR-XL,KURTA,XL,Black,5.0
4839,JNE3576-KR-XS,KURTA,XS,Black,8.0
4840,JNE3576-KR-XXL,KURTA,XXL,Black,6.0
4841,JNE3576-KR-XXXL,KURTA,XXXL,Black,3.0
4842,JNE3577-KR-L,KURTA,L,Pink,17.0
4843,JNE3577-KR-M,KURTA,M,Pink,17.0
4844,JNE3577-KR-S,KURTA,S,Pink,14.0
4845,JNE3577-KR-XL,KURTA,XL,Pink,17.0
4846,JNE3577-KR-XS,KURTA,XS,Pink,26.0
4847,JNE3577-KR-XXL,KURTA,XXL,Pink,36.0
4848,JNE3577-KR-XXXL,KURTA,XXXL,Pink,26.0
4849,JNE3578-KR-L,KURTA,L,Yellow,5.0
4850,JNE3578-KR-M,KURTA,M,Yellow,1.0
4851,JNE3578-KR-S,KURTA,S,Yellow,3.0
4852,JNE3578-KR-XL,KURTA,XL,Yellow,8.0
4853,JNE3578-KR-XS,KURTA,XS,Yellow,6.0
4854,JNE3578-KR-XXL,KURTA,XXL,Yellow,25.0
4855,JNE3578-KR-XXXL,KURTA,XXXL,Yellow,2.0
4856,JNE3579-KR-L,KURTA,L,Grey,2.0
4857,JNE3579-KR-M,KURTA,M,Grey,6.0
4858,JNE3579-KR-S,KURTA,S,Grey,8.0
4859,JNE3579-KR-XL,KURTA,XL,Grey,3.0
4860,JNE3579-KR-XS,KURTA,XS,Grey,2.0
4861,JNE3579-KR-XXL,KURTA,XXL,Grey,3.0
4862,JNE3579-KR-XXXL,KURTA,XXXL,Grey,4.0
4863,JNE3580-DR-L,DRESS,L,Pink,2.0
4864,JNE3580-DR-M,DRESS,M,Pink,1.0
4865,JNE3580-DR-S,DRESS,S,Pink,0.0
4866,JNE3580-DR-XL,DRESS,XL,Pink,0.0
4867,JNE3580-DR-XS,DRESS,XS,Pink,3.0
4868,JNE3580-DR-XXL,DRESS,XXL,Pink,2.0
4869,JNE3580-DR-XXXL,DRESS,XXXL,Pink,2.0
4870,JNE3581-KR-L,KURTA,L,Pink,0.0
4871,JNE3581-KR-M,KURTA,M,Pink,13.0
4872,JNE3581-KR-S,KURTA,S,Pink,48.0
4873,JNE3581-KR-XL,KURTA,XL,Pink,23.0
4874,JNE3581-KR-XXL,KURTA,XXL,Pink,35.0
4875,JNE3601-KR-L,KURTA,L,Light Green,70.0
4876,JNE3601-KR-M,KURTA,M,Light Green,83.0
4877,JNE3601-KR-S,KURTA,S,Light Green,56.0
4878,JNE3601-KR-XL,KURTA,XL,Light Green,75.0
4879,JNE3601-KR-XS,KURTA,XS,Light Green,1.0
4880,JNE3601-KR-XXL,KURTA,XXL,Light Green,15.0
4881,JNE3601-KR-XXXL,KURTA,XXXL,Light Green,1.0
4882,JNE3602-KR-L,KURTA,L,Pink,128.0
4883,JNE3602-KR-M,KURTA,M,Pink,93.0
4884,JNE3602-KR-S,KURTA,S,Pink,42.0
4885,JNE3602-KR-XL,KURTA,XL,Pink,154.0
4886,JNE3602-KR-XS,KURTA,XS,Pink,22.0
4887,JNE3602-KR-XXL,KURTA,XXL,Pink,76.0
4888,JNE3602-KR-XXXL,KURTA,XXXL,Pink,78.0
4889,JNE3603-KR-L,KURTA,L,Wine,8.0
4890,JNE3603-KR-M,KURTA,M,Wine,9.0
4891,JNE3603-KR-S,KURTA,S,Wine,20.0
4892,JNE3603-KR-XL,KURTA,XL,Wine,5.0
4893,JNE3603-KR-XS,KURTA,XS,Wine,56.0
4894,JNE3603-KR-XXL,KURTA,XXL,Wine,6.0
4895,JNE3603-KR-XXXL,KURTA,XXXL,Wine,1.0
4896,JNE3604-KR-L,KURTA,L,Magenta,75.0
4897,JNE3604-KR-M,KURTA,M,Magenta,67.0
4898,JNE3604-KR-S,KURTA,S,Magenta,90.0
4899,JNE3604-KR-XL,KURTA,XL,Magenta,62.0
4900,JNE3604-KR-XS,KURTA,XS,Magenta,15.0
4901,JNE3604-KR-XXL,KURTA,XXL,Magenta,74.0
4902,JNE3604-KR-XXXL,KURTA,XXXL,Magenta,2.0
4903,JNE3605-KR-L,KURTA,L,Pink,3.0
4904,JNE3605-KR-M,KURTA,M,Pink,3.0
4905,JNE3605-KR-S,KURTA,S,Pink,12.0
4906,JNE3605-KR-XL,KURTA,XL,Pink,7.0
4907,JNE3605-KR-XS,KURTA,XS,Pink,9.0
4908,JNE3605-KR-XXL,KURTA,XXL,Pink,2.0
4909,JNE3605-KR-XXXL,KURTA,XXXL,Pink,15.0
4910,JNE3606-KR-L,KURTA,L,Beige,5.0
4911,JNE3606-KR-M,KURTA,M,Beige,2.0
4912,JNE3606-KR-S,KURTA,S,Beige,12.0
4913,JNE3606-KR-XL,KURTA,XL,Beige,4.0
4914,JNE3606-KR-XS,KURTA,XS,Beige,7.0
4915,JNE3606-KR-XXL,KURTA,XXL,Beige,15.0
4916,JNE3606-KR-XXXL,KURTA,XXXL,Beige,4.0
4917,JNE3607-KR-L,KURTA,L,Maroon,350.0
4918,JNE3607-KR-M,KURTA,M,Maroon,257.0
4919,JNE3607-KR-S,KURTA,S,Maroon,72.0
4920,JNE3607-KR-XL,KURTA,XL,Maroon,317.0
4921,JNE3607-KR-XS,KURTA,XS,Maroon,244.0
4922,JNE3607-KR-XXL,KURTA,XXL,Maroon,281.0
4923,JNE3607-KR-XXXL,KURTA,XXXL,Maroon,181.0
4924,JNE3608-KR-L,KURTA,L,Maroon,9.0
4925,JNE3608-KR-M,KURTA,M,Maroon,30.0
4926,JNE3608-KR-S,KURTA,S,Maroon,30.0
4927,JNE3608-KR-XL,KURTA,XL,Maroon,13.0
4928,JNE3608-KR-XS,KURTA,XS,Maroon,9.0
4929,JNE3608-KR-XXL,KURTA,XXL,Maroon,24.0
4930,JNE3608-KR-XXXL,KURTA,XXXL,Maroon,2.0
4931,JNE3609-KR-L,KURTA,L,White,13.0
4932,JNE3609-KR-M,KURTA,M,White,34.0
4933,JNE3609-KR-S,KURTA,S,White,7.0
4934,JNE3609-KR-XL,KURTA,XL,White,7.0
4935,JNE3609-KR-XS,KURTA,XS,White,28.0
4936,JNE3609-KR-XXL,KURTA,XXL,White,10.0
4937,JNE3609-KR-XXXL,KURTA,XXXL,White,10.0
4938,JNE3610-KR-L,KURTA,L,TEAL GREEN ,32.0
4939,JNE3610-KR-M,KURTA,M,TEAL GREEN ,41.0
4940,JNE3610-KR-S,KURTA,S,TEAL GREEN ,50.0
4941,JNE3610-KR-XL,KURTA,XL,TEAL GREEN ,40.0
4942,JNE3610-KR-XS,KURTA,XS,TEAL GREEN ,20.0
4943,JNE3610-KR-XXL,KURTA,XXL,TEAL GREEN ,17.0
4944,JNE3610-KR-XXXL,KURTA,XXXL,TEAL GREEN ,3.0
4945,JNE3611-KR-L,KURTA,L,Black,267.0
4946,JNE3611-KR-M,KURTA,M,Black,217.0
4947,JNE3611-KR-S,KURTA,S,Black,304.0
4948,JNE3611-KR-XL,KURTA,XL,Black,140.0
4949,JNE3611-KR-XS,KURTA,XS,Black,260.0
4950,JNE3611-KR-XXL,KURTA,XXL,Black,98.0
4951,JNE3611-KR-XXXL,KURTA,XXXL,Black,207.0
4952,JNE3612-KR-L,KURTA,L,Light Green,14.0
4953,JNE3612-KR-M,KURTA,M,Light Green,45.0
4954,JNE3612-KR-S,KURTA,S,Light Green,15.0
4955,JNE3612-KR-XL,KURTA,XL,Light Green,7.0
4956,JNE3612-KR-XS,KURTA,XS,Light Green,8.0
4957,JNE3612-KR-XXL,KURTA,XXL,Light Green,19.0
4958,JNE3612-KR-XXXL,KURTA,XXXL,Light Green,2.0
4959,JNE3613-KR-L,KURTA,L,Teal,779.0
4960,JNE3613-KR-M,KURTA,M,Teal,485.0
4961,JNE3613-KR-S,KURTA,S,Teal,259.0
4962,JNE3613-KR-XL,KURTA,XL,Teal,593.0
4963,JNE3613-KR-XS,KURTA,XS,Teal,192.0
4964,JNE3613-KR-XXL,KURTA,XXL,Teal,504.0
4965,JNE3613-KR-XXXL,KURTA,XXXL,Teal,609.0
4966,JNE3614-KR-L,KURTA,L,TEAL GREEN ,57.0
4967,JNE3614-KR-M,KURTA,M,TEAL GREEN ,76.0
4968,JNE3614-KR-S,KURTA,S,TEAL GREEN ,81.0
4969,JNE3614-KR-XL,KURTA,XL,TEAL GREEN ,54.0
4970,JNE3614-KR-XS,KURTA,XS,TEAL GREEN ,17.0
4971,JNE3614-KR-XXL,KURTA,XXL,TEAL GREEN ,39.0
4972,JNE3614-KR-XXXL,KURTA,XXXL,TEAL GREEN ,27.0
4973,JNE3615-KR-L,KURTA,L,Navy Blue,91.0
4974,JNE3615-KR-M,KURTA,M,Navy Blue,57.0
4975,JNE3615-KR-S,KURTA,S,Navy Blue,68.0
4976,JNE3615-KR-XL,KURTA,XL,Navy Blue,22.0
4977,JNE3615-KR-XS,KURTA,XS,Navy Blue,8.0
4978,JNE3615-KR-XXL,KURTA,XXL,Navy Blue,13.0
4979,JNE3615-KR-XXXL,KURTA,XXXL,Navy Blue,0.0
4980,JNE3616-KR-L,KURTA,L,Maroon,5.0
4981,JNE3616-KR-M,KURTA,M,Maroon,7.0
4982,JNE3616-KR-S,KURTA,S,Maroon,16.0
4983,JNE3616-KR-XL,KURTA,XL,Maroon,4.0
4984,JNE3616-KR-XS,KURTA,XS,Maroon,5.0
4985,JNE3616-KR-XXL,KURTA,XXL,Maroon,3.0
4986,JNE3616-KR-XXXL,KURTA,XXXL,Maroon,6.0
4987,JNE3617-KR-L,KURTA,L,Black,44.0
4988,JNE3617-KR-M,KURTA,M,Black,47.0
4989,JNE3617-KR-S,KURTA,S,Black,120.0
4990,JNE3617-KR-XL,KURTA,XL,Black,45.0
4991,JNE3617-KR-XS,KURTA,XS,Black,13.0
4992,JNE3617-KR-XXL,KURTA,XXL,Black,91.0
4993,JNE3617-KR-XXXL,KURTA,XXXL,Black,3.0
4994,JNE3618-KR-L,KURTA,L,Teal,1.0
4995,JNE3618-KR-M,KURTA,M,Teal,9.0
4996,JNE3618-KR-S,KURTA,S,Teal,7.0
4997,JNE3618-KR-XL,KURTA,XL,Teal,5.0
4998,JNE3618-KR-XS,KURTA,XS,Teal,8.0
4999,JNE3618-KR-XXL,KURTA,XXL,Teal,2.0
5000,JNE3618-KR-XXXL,KURTA,XXXL,Teal,13.0
5001,JNE3619-KR-L,KURTA,L,Black,10.0
5002,JNE3619-KR-M,KURTA,M,Black,9.0
5003,JNE3619-KR-S,KURTA,S,Black,24.0
5004,JNE3619-KR-XL,KURTA,XL,Black,10.0
5005,JNE3619-KR-XS,KURTA,XS,Black,3.0
5006,JNE3619-KR-XXL,KURTA,XXL,Black,4.0
5007,JNE3619-KR-XXXL,KURTA,XXXL,Black,1.0
5008,JNE3620-KR-L,KURTA,L,Magenta,14.0
5009,JNE3620-KR-M,KURTA,M,Magenta,23.0
5010,JNE3620-KR-S,KURTA,S,Magenta,21.0
5011,JNE3620-KR-XL,KURTA,XL,Magenta,20.0
5012,JNE3620-KR-XS,KURTA,XS,Magenta,1.0
5013,JNE3620-KR-XXL,KURTA,XXL,Magenta,2.0
5014,JNE3620-KR-XXXL,KURTA,XXXL,Magenta,2.0
5015,JNE3621-KR-L,KURTA,L,OFF WHITE,9.0
5016,JNE3621-KR-M,KURTA,M,OFF WHITE,4.0
5017,JNE3621-KR-S,KURTA,S,OFF WHITE,8.0
5018,JNE3621-KR-XL,KURTA,XL,OFF WHITE,5.0
5019,JNE3621-KR-XS,KURTA,XS,OFF WHITE,18.0
5020,JNE3621-KR-XXL,KURTA,XXL,OFF WHITE,5.0
5021,JNE3621-KR-XXXL,KURTA,XXXL,OFF WHITE,17.0
5022,JNE3622-KR-L,KURTA,L,Black,5.0
5023,JNE3622-KR-M,KURTA,M,Black,2.0
5024,JNE3622-KR-S,KURTA,S,Black,38.0
5025,JNE3622-KR-XL,KURTA,XL,Black,1.0
5026,JNE3622-KR-XS,KURTA,XS,Black,25.0
5027,JNE3622-KR-XXL,KURTA,XXL,Black,6.0
5028,JNE3622-KR-XXXL,KURTA,XXXL,Black,2.0
5029,JNE3623-KR-L,KURTA,L,Green,0.0
5030,JNE3623-KR-M,KURTA,M,Green,2.0
5031,JNE3623-KR-S,KURTA,S,Green,2.0
5032,JNE3623-KR-XL,KURTA,XL,Green,0.0
5033,JNE3623-KR-XS,KURTA,XS,Green,6.0
5034,JNE3623-KR-XXL,KURTA,XXL,Green,0.0
5035,JNE3623-KR-XXXL,KURTA,XXXL,Green,8.0
5036,JNE3624-KR-L,KURTA,L,Taupe,0.0
5037,JNE3624-KR-M,KURTA,M,Taupe,0.0
5038,JNE3624-KR-S,KURTA,S,Taupe,3.0
5039,JNE3624-KR-XL,KURTA,XL,Taupe,1.0
5040,,KURTA,XS,Taupe,1.0
5041,JNE3624-KR-XXL,KURTA,XXL,Taupe,1.0
5042,JNE3625-DR-L,DRESS,L,Peach,5.0
5043,JNE3625-DR-M,DRESS,M,Peach,9.0
5044,JNE3625-DR-S,DRESS,S,Peach,32.0
5045,JNE3625-DR-XL,DRESS,XL,Peach,8.0
5046,JNE3625-DR-XS,DRESS,XS,Peach,38.0
5047,JNE3625-DR-XXL,DRESS,XXL,Peach,21.0
5048,JNE3625-DR-XXXL,DRESS,XXXL,Peach,31.0
5049,JNE3626-KR-L,KURTA,L,Black,1.0
5050,JNE3626-KR-M,KURTA,M,Black,2.0
5051,JNE3626-KR-S,KURTA,S,Black,4.0
5052,JNE3626-KR-XL,KURTA,XL,Black,1.0
5053,JNE3626-KR-XXL,KURTA,XXL,Black,2.0
5054,JNE3627-KR-L,KURTA,L,Turquoise Blue,2.0
5055,JNE3627-KR-M,KURTA,M,Turquoise Blue,4.0
5056,JNE3627-KR-S,KURTA,S,Turquoise Blue,3.0
5057,JNE3627-KR-XL,KURTA,XL,Turquoise Blue,4.0
5058,JNE3627-KR-XS,KURTA,XS,Turquoise Blue,7.0
5059,JNE3627-KR-XXL,KURTA,XXL,Turquoise Blue,3.0
5060,JNE3627-KR-XXXL,KURTA,XXXL,Turquoise Blue,2.0
5061,JNE3628-KR-L,KURTA,L,Brown,3.0
5062,JNE3628-KR-M,KURTA,M,Brown,2.0
5063,JNE3628-KR-S,KURTA,S,Brown,37.0
5064,JNE3628-KR-XL,KURTA,XL,Brown,2.0
5065,JNE3628-KR-XS,KURTA,XS,Brown,56.0
5066,JNE3628-KR-XXL,KURTA,XXL,Brown,6.0
5067,JNE3628-KR-XXXL,KURTA,XXXL,Brown,34.0
5068,JNE3629-KR-L,KURTA,L,Green,3.0
5069,JNE3629-KR-M,KURTA,M,Green,1.0
5070,JNE3629-KR-S,KURTA,S,Green,10.0
5071,JNE3629-KR-XL,KURTA,XL,Green,2.0
5072,JNE3629-KR-XS,KURTA,XS,Green,21.0
5073,JNE3629-KR-XXL,KURTA,XXL,Green,1.0
5074,JNE3629-KR-XXXL,KURTA,XXXL,Green,7.0
5075,JNE3630-KR-L,KURTA,L,Blue,11.0
5076,JNE3630-KR-M,KURTA,M,Blue,9.0
5077,JNE3630-KR-S,KURTA,S,Blue,16.0
5078,JNE3630-KR-XL,KURTA,XL,Blue,8.0
5079,JNE3630-KR-XS,KURTA,XS,Blue,17.0
5080,JNE3630-KR-XXL,KURTA,XXL,Blue,4.0
5081,JNE3630-KR-XXXL,KURTA,XXXL,Blue,4.0
5082,JNE3631-DR-L,DRESS,L,Blue,1.0
5083,JNE3631-DR-M,DRESS,M,Blue,2.0
5084,JNE3631-DR-S,DRESS,S,Blue,5.0
5085,JNE3631-DR-XL,DRESS,XL,Blue,2.0
5086,JNE3631-DR-XS,DRESS,XS,Blue,4.0
5087,JNE3631-DR-XXL,DRESS,XXL,Blue,2.0
5088,JNE3631-DR-XXXL,DRESS,XXXL,Blue,2.0
5089,JNE3633-KR-L,KURTA,L,Green,52.0
5090,JNE3633-KR-M,KURTA,M,Green,55.0
5091,JNE3633-KR-S,KURTA,S,Green,30.0
5092,JNE3633-KR-XL,KURTA,XL,Green,27.0
5093,JNE3633-KR-XS,KURTA,XS,Green,8.0
5094,JNE3633-KR-XXL,KURTA,XXL,Green,11.0
5095,JNE3633-KR-XXXL,KURTA,XXXL,Green,13.0
5096,JNE3634-KR-L,KURTA,L,Teal,19.0
5097,JNE3634-KR-M,KURTA,M,Teal,21.0
5098,JNE3634-KR-S,KURTA,S,Teal,54.0
5099,JNE3634-KR-XL,KURTA,XL,Teal,9.0
5100,JNE3634-KR-XS,KURTA,XS,Teal,29.0
5101,JNE3634-KR-XXL,KURTA,XXL,Teal,103.0
5102,JNE3634-KR-XXXL,KURTA,XXXL,Teal,3.0
5103,JNE3635-KR-L,KURTA,L,Maroon,105.0
5104,JNE3635-KR-M,KURTA,M,Maroon,102.0
5105,JNE3635-KR-S,KURTA,S,Maroon,101.0
5106,JNE3635-KR-XL,KURTA,XL,Maroon,88.0
5107,JNE3635-KR-XS,KURTA,XS,Maroon,23.0
5108,JNE3635-KR-XXL,KURTA,XXL,Maroon,87.0
5109,JNE3635-KR-XXXL,KURTA,XXXL,Maroon,7.0
5110,JNE3636-KR-L,KURTA,L,Maroon,51.0
5111,JNE3636-KR-M,KURTA,M,Maroon,62.0
5112,JNE3636-KR-S,KURTA,S,Maroon,14.0
5113,JNE3636-KR-XL,KURTA,XL,Maroon,61.0
5114,JNE3636-KR-XS,KURTA,XS,Maroon,7.0
5115,JNE3636-KR-XXL,KURTA,XXL,Maroon,74.0
5116,JNE3636-KR-XXXL,KURTA,XXXL,Maroon,8.0
5117,JNE3637-KR-L,KURTA,L,Charcoal,2.0
5118,JNE3637-KR-M,KURTA,M,Charcoal,11.0
5119,JNE3637-KR-S,KURTA,S,Charcoal,53.0
5120,JNE3637-KR-XL,KURTA,XL,Charcoal,1.0
5121,JNE3637-KR-XS,KURTA,XS,Charcoal,27.0
5122,JNE3637-KR-XXL,KURTA,XXL,Charcoal,2.0
5123,JNE3637-KR-XXXL,KURTA,XXXL,Charcoal,12.0
5124,JNE3638-KR-L,KURTA,L,Orange,58.0
5125,JNE3638-KR-M,KURTA,M,Orange,72.0
5126,JNE3638-KR-S,KURTA,S,Orange,28.0
5127,JNE3638-KR-XL,KURTA,XL,Orange,73.0
5128,JNE3638-KR-XS,KURTA,XS,Orange,37.0
5129,JNE3638-KR-XXL,KURTA,XXL,Orange,21.0
5130,JNE3638-KR-XXXL,KURTA,XXXL,Orange,29.0
5131,JNE3639-TP-L,TOP,L,Maroon,30.0
5132,JNE3639-TP-M,TOP,M,Maroon,8.0
5133,JNE3639-TP-S,TOP,S,Maroon,10.0
5134,JNE3639-TP-XL,TOP,XL,Maroon,5.0
5135,JNE3639-TP-XS,TOP,XS,Maroon,21.0
5136,JNE3639-TP-XXL,TOP,XXL,Maroon,15.0
5137,,TOP,XXXL,Maroon,1.0
5138,JNE3640-TP-L,TOP,L,Green,61.0
5139,JNE3640-TP-M,TOP,M,Green,56.0
5140,JNE3640-TP-S,TOP,S,Green,6.0
5141,JNE3640-TP-XL,TOP,XL,Green,6.0
5142,JNE3640-TP-XS,TOP,XS,Green,18.0
5143,JNE3640-TP-XXL,TOP,XXL,Green,3.0
5144,JNE3641-TP-L,TOP,L,Black,0.0
5145,JNE3641-TP-M,TOP,M,Black,0.0
5146,JNE3641-TP-S,TOP,S,Black,4.0
5147,JNE3641-TP-XL,TOP,XL,Black,0.0
5148,JNE3641-TP-XS,TOP,XS,Black,3.0
5149,JNE3641-TP-XXL,TOP,XXL,Black,2.0
5150,JNE3642-TP-L,TOP,L,Peach,2.0
5151,JNE3642-TP-M,TOP,M,Peach,0.0
5152,JNE3642-TP-S,TOP,S,Peach,0.0
5153,JNE3642-TP-XL,TOP,XL,Peach,3.0
5154,JNE3642-TP-XS,TOP,XS,Peach,3.0
5155,JNE3642-TP-XXL,TOP,XXL,Peach,3.0
5156,JNE3643-TP-L,TOP,L,Cream,0.0
5157,JNE3643-TP-M,TOP,M,Cream,1.0
5158,JNE3643-TP-S,TOP,S,Cream,2.0
5159,JNE3643-TP-XL,TOP,XL,Cream,2.0
5160,JNE3643-TP-XS,TOP,XS,Cream,4.0
5161,JNE3643-TP-XXL,TOP,XXL,Cream,2.0
5162,JNE3644-TP-L,TOP,L,Blue,1.0
5163,JNE3644-TP-M,TOP,M,Blue,0.0
5164,JNE3644-TP-S,TOP,S,Blue,1.0
5165,JNE3644-TP-XL,TOP,XL,Blue,3.0
5166,JNE3644-TP-XS,TOP,XS,Blue,1.0
5167,JNE3644-TP-XXL,TOP,XXL,Blue,3.0
5168,JNE3645-TP-L,TOP,L,Red,205.0
5169,JNE3645-TP-M,TOP,M,Red,214.0
5170,JNE3645-TP-S,TOP,S,Red,315.0
5171,JNE3645-TP-XL,TOP,XL,Red,81.0
5172,JNE3645-TP-XS,TOP,XS,Red,288.0
5173,JNE3645-TP-XXL,TOP,XXL,Red,99.0
5174,,TOP,XXXL,Red,0.0
5175,JNE3647-TP-L,TOP,L,Pink,1.0
5176,JNE3647-TP-M,TOP,M,Pink,2.0
5177,JNE3647-TP-S,TOP,S,Pink,2.0
5178,JNE3647-TP-XL,TOP,XL,Pink,1.0
5179,JNE3647-TP-XS,TOP,XS,Pink,6.0
5180,JNE3647-TP-XXL,TOP,XXL,Pink,1.0
5181,JNE3648-TP-L,TOP,L,Cream,6.0
5182,JNE3648-TP-M,TOP,M,Cream,3.0
5183,JNE3648-TP-S,TOP,S,Cream,7.0
5184,JNE3648-TP-XL,TOP,XL,Cream,5.0
5185,JNE3648-TP-XS,TOP,XS,Cream,4.0
5186,JNE3648-TP-XXL,TOP,XXL,Cream,7.0
5187,JNE3649-TP-L,TOP,L,Black,1.0
5188,JNE3649-TP-M,TOP,M,Black,0.0
5189,JNE3649-TP-S,TOP,S,Black,2.0
5190,JNE3649-TP-XL,TOP,XL,Black,3.0
5191,JNE3649-TP-XS,TOP,XS,Black,4.0
5192,JNE3649-TP-XXL,TOP,XXL,Black,2.0
5193,JNE3651-TP-L,TOP,L,Maroon,19.0
5194,JNE3651-TP-M,TOP,M,Maroon,7.0
5195,JNE3651-TP-S,TOP,S,Maroon,11.0
5196,JNE3651-TP-XL,TOP,XL,Maroon,3.0
5197,JNE3651-TP-XS,TOP,XS,Maroon,19.0
5198,JNE3651-TP-XXL,TOP,XXL,Maroon,6.0
5199,JNE3652-TP-L,TOP,L,OFF WHITE,9.0
5200,JNE3652-TP-M,TOP,M,OFF WHITE,3.0
5201,JNE3652-TP-S,TOP,S,OFF WHITE,2.0
5202,JNE3652-TP-XL,TOP,XL,OFF WHITE,5.0
5203,JNE3652-TP-XS,TOP,XS,OFF WHITE,2.0
5204,JNE3652-TP-XXL,TOP,XXL,OFF WHITE,4.0
5205,JNE3652-TP-XXXL,TOP,XXXL,OFF WHITE,1.0
5206,JNE3653-TP-L,TOP,L,Cream,2.0
5207,JNE3653-TP-M,TOP,M,Cream,1.0
5208,JNE3653-TP-S,TOP,S,Cream,0.0
5209,JNE3653-TP-XL,TOP,XL,Cream,4.0
5210,JNE3653-TP-XS,TOP,XS,Cream,3.0
5211,JNE3653-TP-XXL,TOP,XXL,Cream,3.0
5212,JNE3654-TP-L,TOP,L,Blue,7.0
5213,JNE3654-TP-M,TOP,M,Blue,4.0
5214,JNE3654-TP-S,TOP,S,Blue,2.0
5215,JNE3654-TP-XL,TOP,XL,Blue,11.0
5216,JNE3654-TP-XS,TOP,XS,Blue,3.0
5217,JNE3654-TP-XXL,TOP,XXL,Blue,4.0
5218,JNE3655-TP-L,TOP,L,Blue,27.0
5219,JNE3655-TP-M,TOP,M,Blue,1.0
5220,JNE3655-TP-S,TOP,S,Blue,12.0
5221,JNE3655-TP-XL,TOP,XL,Blue,33.0
5222,JNE3655-TP-XS,TOP,XS,Blue,8.0
5223,JNE3655-TP-XXL,TOP,XXL,Blue,35.0
5224,JNE3656-TP-L,TOP,L,Black,70.0
5225,JNE3656-TP-M,TOP,M,Black,52.0
5226,JNE3656-TP-S,TOP,S,Black,49.0
5227,JNE3656-TP-XL,TOP,XL,Black,67.0
5228,JNE3656-TP-XS,TOP,XS,Black,26.0
5229,JNE3656-TP-XXL,TOP,XXL,Black,54.0
5230,JNE3657-TP-L,TOP,L,Black,2.0
5231,JNE3657-TP-M,TOP,M,Black,2.0
5232,JNE3657-TP-S,TOP,S,Black,0.0
5233,JNE3657-TP-XL,TOP,XL,Black,2.0
5234,JNE3657-TP-XS,TOP,XS,Black,3.0
5235,JNE3657-TP-XXL,TOP,XXL,Black,2.0
5236,,TOP,XXXL,Black,0.0
5237,JNE3658-TP-L,TOP,L,White,6.0
5238,JNE3658-TP-M,TOP,M,White,3.0
5239,JNE3658-TP-S,TOP,S,White,5.0
5240,JNE3658-TP-XL,TOP,XL,White,21.0
5241,JNE3658-TP-XS,TOP,XS,White,2.0
5242,JNE3658-TP-XXL,TOP,XXL,White,4.0
5243,JNE3659-TP-L,TOP,L,Teal,29.0
5244,JNE3659-TP-M,TOP,M,Teal,123.0
5245,JNE3659-TP-S,TOP,S,Teal,77.0
5246,JNE3659-TP-XL,TOP,XL,Teal,76.0
5247,JNE3659-TP-XS,TOP,XS,Teal,12.0
5248,JNE3659-TP-XXL,TOP,XXL,Teal,47.0
5249,JNE3660-TP-L,TOP,L,Sky Blue,16.0
5250,JNE3660-TP-M,TOP,M,Sky Blue,11.0
5251,JNE3660-TP-S,TOP,S,Sky Blue,17.0
5252,JNE3660-TP-XL,TOP,XL,Sky Blue,19.0
5253,JNE3660-TP-XS,TOP,XS,Sky Blue,10.0
5254,JNE3660-TP-XXL,TOP,XXL,Sky Blue,11.0
5255,JNE3661-TP-L,TOP,L,Pink,2.0
5256,JNE3661-TP-M,TOP,M,Pink,0.0
5257,JNE3661-TP-S,TOP,S,Pink,0.0
5258,JNE3661-TP-XL,TOP,XL,Pink,5.0
5259,JNE3661-TP-XS,TOP,XS,Pink,2.0
5260,JNE3661-TP-XXL,TOP,XXL,Pink,5.0
5261,JNE3662-TP-L,TOP,L,Peach,1.0
5262,JNE3662-TP-M,TOP,M,Peach,2.0
5263,JNE3662-TP-S,TOP,S,Peach,4.0
5264,JNE3662-TP-XL,TOP,XL,Peach,2.0
5265,JNE3662-TP-XS,TOP,XS,Peach,6.0
5266,JNE3662-TP-XXL,TOP,XXL,Peach,4.0
5267,JNE3663-TP-L,TOP,L,Grey,2.0
5268,JNE3663-TP-M,TOP,M,Grey,3.0
5269,JNE3663-TP-S,TOP,S,Grey,1.0
5270,JNE3663-TP-XL,TOP,XL,Grey,1.0
5271,JNE3663-TP-XS,TOP,XS,Grey,0.0
5272,JNE3663-TP-XXL,TOP,XXL,Grey,2.0
5273,JNE3664-TP-L,TOP,L,Green,2.0
5274,JNE3664-TP-M,TOP,M,Green,2.0
5275,JNE3664-TP-S,TOP,S,Green,8.0
5276,JNE3664-TP-XL,TOP,XL,Green,2.0
5277,JNE3664-TP-XS,TOP,XS,Green,11.0
5278,JNE3664-TP-XXL,TOP,XXL,Green,0.0
5279,JNE3665-TP-L,TOP,L,Grey,43.0
5280,JNE3665-TP-M,TOP,M,Grey,39.0
5281,JNE3665-TP-S,TOP,S,Grey,1.0
5282,JNE3665-TP-XL,TOP,XL,Grey,5.0
5283,JNE3665-TP-XS,TOP,XS,Grey,8.0
5284,JNE3665-TP-XXL,TOP,XXL,Grey,5.0
5285,JNE3666-TP-L,TOP,L,Beige,2.0
5286,JNE3666-TP-M,TOP,M,Beige,2.0
5287,JNE3666-TP-S,TOP,S,Beige,3.0
5288,JNE3666-TP-XL,TOP,XL,Beige,5.0
5289,JNE3666-TP-XS,TOP,XS,Beige,0.0
5290,JNE3666-TP-XXL,TOP,XXL,Beige,17.0
5291,JNE3667-TP-L,TOP,L,Mustard,3.0
5292,JNE3667-TP-M,TOP,M,Mustard,4.0
5293,JNE3667-TP-S,TOP,S,Mustard,6.0
5294,JNE3667-TP-XL,TOP,XL,Mustard,7.0
5295,JNE3667-TP-XS,TOP,XS,Mustard,5.0
5296,JNE3667-TP-XXL,TOP,XXL,Mustard,4.0
5297,JNE3668-TP-L,TOP,L,Maroon,2.0
5298,JNE3668-TP-M,TOP,M,Maroon,7.0
5299,JNE3668-TP-S,TOP,S,Maroon,6.0
5300,JNE3668-TP-XL,TOP,XL,Maroon,2.0
5301,JNE3668-TP-XS,TOP,XS,Maroon,13.0
5302,JNE3668-TP-XXL,TOP,XXL,Maroon,2.0
5303,JNE3669-TU-L,TUNIC,L,Blue,1.0
5304,JNE3669-TU-M,TUNIC,M,Blue,2.0
5305,JNE3669-TU-S,TUNIC,S,Blue,3.0
5306,JNE3669-TU-XL,TUNIC,XL,Blue,3.0
5307,JNE3669-TU-XS,TUNIC,XS,Blue,2.0
5308,JNE3669-TU-XXL,TUNIC,XXL,Blue,3.0
5309,JNE3669-TU-XXXL,TUNIC,XXXL,Blue,3.0
5310,JNE3670-TU-L,TUNIC,L,White,3.0
5311,JNE3670-TU-M,TUNIC,M,White,2.0
5312,JNE3670-TU-S,TUNIC,S,White,3.0
5313,JNE3670-TU-XL,TUNIC,XL,White,4.0
5314,JNE3670-TU-XS,TUNIC,XS,White,5.0
5315,JNE3670-TU-XXL,TUNIC,XXL,White,2.0
5316,JNE3670-TU-XXXL,TUNIC,XXXL,White,2.0
5317,JNE3671-TU-L,TUNIC,L,Pink,3.0
5318,JNE3671-TU-M,TUNIC,M,Pink,7.0
5319,JNE3671-TU-S,TUNIC,S,Pink,8.0
5320,JNE3671-TU-XL,TUNIC,XL,Pink,14.0
5321,JNE3671-TU-XS,TUNIC,XS,Pink,4.0
5322,JNE3671-TU-XXL,TUNIC,XXL,Pink,3.0
5323,JNE3671-TU-XXXL,TUNIC,XXXL,Pink,6.0
5324,JNE3672-TU-L,TOP,L,Red,2.0
5325,JNE3672-TU-M,TOP,M,Red,1.0
5326,JNE3672-TU-S,TOP,S,Red,3.0
5327,JNE3672-TU-XL,TOP,XL,Red,0.0
5328,JNE3672-TU-XS,TOP,XS,Red,10.0
5329,JNE3672-TU-XXL,TOP,XXL,Red,3.0
5330,JNE3672-TU-XXXL,TOP,XXXL,Red,3.0
5331,JNE3673-TU-L,TOP,L,Mustard,1.0
5332,JNE3673-TU-M,TOP,M,Mustard,6.0
5333,JNE3673-TU-S,TOP,S,Mustard,3.0
5334,JNE3673-TU-XL,TOP,XL,Mustard,3.0
5335,JNE3673-TU-XS,TOP,XS,Mustard,11.0
5336,JNE3673-TU-XXL,TOP,XXL,Mustard,2.0
5337,JNE3673-TU-XXXL,TOP,XXXL,Mustard,2.0
5338,JNE3674-TU-L,TOP,L,Black,29.0
5339,JNE3674-TU-M,TOP,M,Black,130.0
5340,JNE3674-TU-S,TOP,S,Black,12.0
5341,JNE3674-TU-XL,TOP,XL,Black,63.0
5342,JNE3674-TU-XS,TOP,XS,Black,9.0
5343,JNE3674-TU-XXL,TOP,XXL,Black,38.0
5344,JNE3674-TU-XXXL,TOP,XXXL,Black,32.0
5345,JNE3675-TU-L,TUNIC,L,Pink,37.0
5346,JNE3675-TU-M,TUNIC,M,Pink,16.0
5347,JNE3675-TU-S,TUNIC,S,Pink,30.0
5348,JNE3675-TU-XL,TUNIC,XL,Pink,23.0
5349,JNE3675-TU-XS,TUNIC,XS,Pink,20.0
5350,JNE3675-TU-XXL,TUNIC,XXL,Pink,17.0
5351,JNE3675-TU-XXXL,TUNIC,XXXL,Pink,35.0
5352,JNE3676-TU-L,TUNIC,L,Red,79.0
5353,JNE3676-TU-M,TUNIC,M,Red,4.0
5354,JNE3676-TU-S,TUNIC,S,Red,42.0
5355,JNE3676-TU-XL,TUNIC,XL,Red,43.0
5356,JNE3676-TU-XS,TUNIC,XS,Red,10.0
5357,JNE3676-TU-XXL,TUNIC,XXL,Red,4.0
5358,JNE3676-TU-XXXL,TUNIC,XXXL,Red,1.0
5359,JNE3678-TU-L,TUNIC,L,Blue,3.0
5360,JNE3678-TU-M,TUNIC,M,Blue,2.0
5361,JNE3678-TU-S,TUNIC,S,Blue,7.0
5362,JNE3678-TU-XL,TUNIC,XL,Blue,4.0
5363,JNE3678-TU-XS,TUNIC,XS,Blue,7.0
5364,JNE3678-TU-XXL,TUNIC,XXL,Blue,3.0
5365,JNE3678-TU-XXXL,TUNIC,XXXL,Blue,3.0
5366,JNE3679-TU-L,TUNIC,L,Blue,3.0
5367,JNE3679-TU-M,TUNIC,M,Blue,1.0
5368,JNE3679-TU-S,TUNIC,S,Blue,2.0
5369,JNE3679-TU-XL,TUNIC,XL,Blue,2.0
5370,JNE3679-TU-XS,TUNIC,XS,Blue,2.0
5371,JNE3679-TU-XXL,TUNIC,XXL,Blue,2.0
5372,JNE3679-TU-XXXL,TUNIC,XXXL,Blue,2.0
5373,JNE3680-TU-L,TUNIC,L,Grey,157.0
5374,JNE3680-TU-M,TUNIC,M,Grey,106.0
5375,JNE3680-TU-S,TUNIC,S,Grey,73.0
5376,JNE3680-TU-XL,TUNIC,XL,Grey,145.0
5377,JNE3680-TU-XS,TUNIC,XS,Grey,51.0
5378,JNE3680-TU-XXL,TUNIC,XXL,Grey,78.0
5379,JNE3680-TU-XXXL,TUNIC,XXXL,Grey,9.0
5380,JNE3683-TU-L,TUNIC,L,Pink,0.0
5381,JNE3683-TU-M,TUNIC,M,Pink,2.0
5382,JNE3683-TU-S,TUNIC,S,Pink,1.0
5383,JNE3683-TU-XL,TUNIC,XL,Pink,1.0
5384,JNE3683-TU-XS,TUNIC,XS,Pink,7.0
5385,JNE3683-TU-XXL,TUNIC,XXL,Pink,2.0
5386,JNE3683-TU-XXXL,TUNIC,XXXL,Pink,3.0
5387,JNE3684-TU-L,TUNIC,L,Red,2.0
5388,JNE3684-TU-M,TUNIC,M,Red,3.0
5389,JNE3684-TU-S,TUNIC,S,Red,5.0
5390,JNE3684-TU-XL,TUNIC,XL,Red,2.0
5391,JNE3684-TU-XS,TUNIC,XS,Red,9.0
5392,JNE3684-TU-XXL,TUNIC,XXL,Red,0.0
5393,JNE3684-TU-XXXL,TUNIC,XXXL,Red,1.0
5394,JNE3686-TU-L,TUNIC,L,White,3.0
5395,JNE3686-TU-M,TUNIC,M,White,2.0
5396,JNE3686-TU-S,TUNIC,S,White,3.0
5397,JNE3686-TU-XL,TUNIC,XL,White,2.0
5398,JNE3686-TU-XS,TUNIC,XS,White,1.0
5399,JNE3686-TU-XXL,TUNIC,XXL,White,5.0
5400,JNE3686-TU-XXXL,TUNIC,XXXL,White,2.0
5401,JNE3687-TU-L,TUNIC,L,Black,37.0
5402,JNE3687-TU-M,TUNIC,M,Black,41.0
5403,JNE3687-TU-S,TUNIC,S,Black,35.0
5404,JNE3687-TU-XL,TUNIC,XL,Black,9.0
5405,JNE3687-TU-XS,TUNIC,XS,Black,19.0
5406,JNE3687-TU-XXL,TUNIC,XXL,Black,11.0
5407,JNE3687-TU-XXXL,TUNIC,XXXL,Black,22.0
5408,JNE3688-TU-L,TUNIC,L,Green,38.0
5409,JNE3688-TU-M,TUNIC,M,Green,49.0
5410,JNE3688-TU-S,TUNIC,S,Green,57.0
5411,JNE3688-TU-XL,TUNIC,XL,Green,39.0
5412,JNE3688-TU-XS,TUNIC,XS,Green,2.0
5413,JNE3688-TU-XXL,TUNIC,XXL,Green,22.0
5414,JNE3688-TU-XXXL,TUNIC,XXXL,Green,22.0
5415,JNE3689-TU-L,TUNIC,L,Navy Blue,0.0
5416,JNE3689-TU-M,TUNIC,M,Navy Blue,3.0
5417,JNE3689-TU-S,TUNIC,S,Navy Blue,3.0
5418,JNE3689-TU-XL,TUNIC,XL,Navy Blue,17.0
5419,JNE3689-TU-XS,TUNIC,XS,Navy Blue,3.0
5420,JNE3689-TU-XXL,TUNIC,XXL,Navy Blue,12.0
5421,JNE3689-TU-XXXL,TUNIC,XXXL,Navy Blue,15.0
5422,JNE3690-TU-L,TUNIC,L,Maroon,38.0
5423,JNE3690-TU-M,TUNIC,M,Maroon,51.0
5424,JNE3690-TU-S,TUNIC,S,Maroon,144.0
5425,JNE3690-TU-XL,TUNIC,XL,Maroon,38.0
5426,JNE3690-TU-XS,TUNIC,XS,Maroon,105.0
5427,JNE3690-TU-XXL,TUNIC,XXL,Maroon,11.0
5428,JNE3690-TU-XXXL,TUNIC,XXXL,Maroon,6.0
5429,JNE3691-TU-L,TUNIC,L,Maroon,9.0
5430,JNE3691-TU-M,TUNIC,M,Maroon,7.0
5431,JNE3691-TU-S,TUNIC,S,Maroon,6.0
5432,JNE3691-TU-XL,TUNIC,XL,Maroon,3.0
5433,JNE3691-TU-XS,TUNIC,XS,Maroon,11.0
5434,JNE3691-TU-XXL,TUNIC,XXL,Maroon,6.0
5435,JNE3691-TU-XXXL,TUNIC,XXXL,Maroon,12.0
5436,JNE3693-KR-L,KURTA,L,Grey,1.0
5437,JNE3693-KR-M,KURTA,M,Grey,2.0
5438,JNE3693-KR-S,KURTA,S,Grey,2.0
5439,JNE3693-KR-XL,KURTA,XL,Grey,1.0
5440,JNE3693-KR-XXL,KURTA,XXL,Grey,2.0
5441,JNE3694-KR-L,KURTA,L,Cream,1.0
5442,JNE3694-KR-M,KURTA,M,Cream,7.0
5443,JNE3694-KR-S,KURTA,S,Cream,6.0
5444,JNE3694-KR-XL,KURTA,XL,Cream,4.0
5445,JNE3694-KR-XXL,KURTA,XXL,Cream,6.0
5446,JNE3695-KR-L,KURTA,L,Yellow,2.0
5447,JNE3695-KR-M,KURTA,M,Yellow,5.0
5448,JNE3695-KR-S,KURTA,S,Yellow,6.0
5449,JNE3695-KR-XL,KURTA,XL,Yellow,3.0
5450,JNE3695-KR-XXL,KURTA,XXL,Yellow,2.0
5451,JNE3697-KR-L,KURTA,L,Mauve,40.0
5452,JNE3697-KR-M,KURTA,M,Mauve,81.0
5453,JNE3697-KR-S,KURTA,S,Mauve,18.0
5454,JNE3697-KR-XL,KURTA,XL,Mauve,69.0
5455,JNE3697-KR-XS,KURTA,XS,Mauve,0.0
5456,JNE3697-KR-XXL,KURTA,XXL,Mauve,81.0
5457,JNE3698-KR-L,KURTA,L,White,2.0
5458,JNE3698-KR-M,KURTA,M,White,3.0
5459,JNE3698-KR-S,KURTA,S,White,38.0
5460,JNE3698-KR-XL,KURTA,XL,White,6.0
5461,JNE3698-KR-XXL,KURTA,XXL,White,16.0
5462,JNE3700-KR-L,KURTA,L,Green,12.0
5463,JNE3700-KR-M,KURTA,M,Green,26.0
5464,JNE3700-KR-S,KURTA,S,Green,20.0
5465,JNE3700-KR-XL,KURTA,XL,Green,22.0
5466,JNE3700-KR-XS,KURTA,XS,Green,0.0
5467,JNE3700-KR-XXL,KURTA,XXL,Green,32.0
5468,JNE3700-KR-XXXL,KURTA,XXXL,Green,0.0
5469,JNE3701-KR-L,KURTA,L,Orange,111.0
5470,JNE3701-KR-M,KURTA,M,Orange,129.0
5471,JNE3701-KR-S,KURTA,S,Orange,123.0
5472,JNE3701-KR-XL,KURTA,XL,Orange,80.0
5473,JNE3701-KR-XS,KURTA,XS,Orange,43.0
5474,JNE3701-KR-XXL,KURTA,XXL,Orange,88.0
5475,JNE3701-KR-XXXL,KURTA,XXXL,Orange,9.0
5476,JNE3702-KR-L,KURTA,L,Light Green,29.0
5477,JNE3702-KR-M,KURTA,M,Light Green,36.0
5478,JNE3702-KR-S,KURTA,S,Light Green,57.0
5479,JNE3702-KR-XL,KURTA,XL,Light Green,29.0
5480,JNE3702-KR-XS,KURTA,XS,Light Green,66.0
5481,JNE3702-KR-XXL,KURTA,XXL,Light Green,51.0
5482,JNE3702-KR-XXXL,KURTA,XXXL,Light Green,9.0
5483,JNE3703-KR-L,KURTA,L,Green,3.0
5484,JNE3703-KR-M,KURTA,M,Green,5.0
5485,JNE3703-KR-S,KURTA,S,Green,14.0
5486,JNE3703-KR-XL,KURTA,XL,Green,6.0
5487,JNE3703-KR-XS,KURTA,XS,Green,4.0
5488,JNE3703-KR-XXL,KURTA,XXL,Green,5.0
5489,JNE3703-KR-XXXL,KURTA,XXXL,Green,3.0
5490,JNE3704-KR-L,KURTA,L,Brown,19.0
5491,JNE3704-KR-M,KURTA,M,Brown,19.0
5492,JNE3704-KR-S,KURTA,S,Brown,4.0
5493,JNE3704-KR-XL,KURTA,XL,Brown,17.0
5494,JNE3704-KR-XS,KURTA,XS,Brown,19.0
5495,JNE3704-KR-XXL,KURTA,XXL,Brown,10.0
5496,JNE3704-KR-XXXL,KURTA,XXXL,Brown,2.0
5497,JNE3706-DR-L,DRESS,L,Cream,3.0
5498,JNE3706-DR-M,DRESS,M,Cream,3.0
5499,JNE3706-DR-S,DRESS,S,Cream,24.0
5500,JNE3706-DR-XL,DRESS,XL,Cream,5.0
5501,JNE3706-DR-XS,DRESS,XS,Cream,38.0
5502,JNE3706-DR-XXL,DRESS,XXL,Cream,3.0
5503,JNE3706-DR-XXXL,DRESS,XXXL,Cream,2.0
5504,JNE3707-DR-L,DRESS,L,Cream,9.0
5505,JNE3707-DR-M,DRESS,M,Cream,5.0
5506,JNE3707-DR-S,DRESS,S,Cream,27.0
5507,JNE3707-DR-XL,DRESS,XL,Cream,19.0
5508,JNE3707-DR-XS,DRESS,XS,Cream,40.0
5509,JNE3707-DR-XXL,DRESS,XXL,Cream,19.0
5510,JNE3707-DR-XXXL,DRESS,XXXL,Cream,5.0
5511,JNE3708-TU-L,TUNIC,L,White,72.0
5512,JNE3708-TU-M,TUNIC,M,White,96.0
5513,JNE3708-TU-S,TUNIC,S,White,27.0
5514,JNE3708-TU-XL,TUNIC,XL,White,45.0
5515,JNE3708-TU-XS,TUNIC,XS,White,24.0
5516,JNE3708-TU-XXL,TUNIC,XXL,White,11.0
5517,JNE3708-TU-XXXL,TUNIC,XXXL,White,27.0
5518,JNE3709-DR-L,DRESS,L,Mustard,2.0
5519,JNE3709-DR-M,DRESS,M,Mustard,1.0
5520,JNE3709-DR-S,DRESS,S,Mustard,3.0
5521,JNE3709-DR-XL,DRESS,XL,Mustard,3.0
5522,JNE3709-DR-XS,DRESS,XS,Mustard,2.0
5523,JNE3709-DR-XXL,DRESS,XXL,Mustard,2.0
5524,JNE3709-DR-XXXL,DRESS,XXXL,Mustard,3.0
5525,JNE3710-DR-L,DRESS,L,Blue,2.0
5526,JNE3710-DR-M,DRESS,M,Blue,4.0
5527,JNE3710-DR-S,DRESS,S,Blue,5.0
5528,JNE3710-DR-XL,DRESS,XL,Blue,2.0
5529,JNE3710-DR-XS,DRESS,XS,Blue,4.0
5530,JNE3710-DR-XXL,DRESS,XXL,Blue,5.0
5531,JNE3710-DR-XXXL,DRESS,XXXL,Blue,2.0
5532,JNE3712-TP-L,TOP,L,White,6.0
5533,JNE3712-TP-M,TOP,M,White,7.0
5534,JNE3712-TP-S,TOP,S,White,6.0
5535,JNE3712-TP-XL,TOP,XL,White,11.0
5536,JNE3712-TP-XS,TOP,XS,White,24.0
5537,JNE3712-TP-XXL,TOP,XXL,White,24.0
5538,JNE3713-TP-L,TOP,L,Grey,2.0
5539,JNE3713-TP-M,TOP,M,Grey,0.0
5540,JNE3713-TP-S,TOP,S,Grey,1.0
5541,JNE3713-TP-XL,TOP,XL,Grey,3.0
5542,JNE3713-TP-XS,TOP,XS,Grey,3.0
5543,JNE3713-TP-XXL,TOP,XXL,Grey,23.0
5544,JNE3714-KR-L,KURTA,L,TEAL GREEN ,14.0
5545,JNE3714-KR-M,KURTA,M,TEAL GREEN ,53.0
5546,JNE3714-KR-S,KURTA,S,TEAL GREEN ,10.0
5547,JNE3714-KR-XL,KURTA,XL,TEAL GREEN ,14.0
5548,JNE3714-KR-XS,KURTA,XS,TEAL GREEN ,26.0
5549,JNE3714-KR-XXL,KURTA,XXL,TEAL GREEN ,6.0
5550,JNE3714-KR-XXXL,KURTA,XXXL,TEAL GREEN ,9.0
5551,JNE3715-KR-L,KURTA,L,Yellow,16.0
5552,JNE3715-KR-M,KURTA,M,Yellow,63.0
5553,JNE3715-KR-S,KURTA,S,Yellow,99.0
5554,JNE3715-KR-XL,KURTA,XL,Yellow,24.0
5555,JNE3715-KR-XS,KURTA,XS,Yellow,16.0
5556,JNE3715-KR-XXL,KURTA,XXL,Yellow,25.0
5557,JNE3715-KR-XXXL,KURTA,XXXL,Yellow,2.0
5558,JNE3716-KR-L,KURTA,L,Teal,104.0
5559,JNE3716-KR-M,KURTA,M,Teal,109.0
5560,JNE3716-KR-S,KURTA,S,Teal,99.0
5561,JNE3716-KR-XL,KURTA,XL,Teal,144.0
5562,JNE3716-KR-XS,KURTA,XS,Teal,17.0
5563,JNE3716-KR-XXL,KURTA,XXL,Teal,138.0
5564,JNE3716-KR-XXXL,KURTA,XXXL,Teal,129.0
5565,JNE3717-KR-L,KURTA,L,Light Green,41.0
5566,JNE3717-KR-M,KURTA,M,Light Green,74.0
5567,JNE3717-KR-S,KURTA,S,Light Green,69.0
5568,JNE3717-KR-XL,KURTA,XL,Light Green,7.0
5569,JNE3717-KR-XS,KURTA,XS,Light Green,10.0
5570,JNE3717-KR-XXL,KURTA,XXL,Light Green,25.0
5571,JNE3717-KR-XXXL,KURTA,XXXL,Light Green,4.0
5572,JNE3718-KR-L,KURTA,L,Navy Blue,104.0
5573,JNE3718-KR-M,KURTA,M,Navy Blue,216.0
5574,JNE3718-KR-S,KURTA,S,Navy Blue,205.0
5575,JNE3718-KR-XL,KURTA,XL,Navy Blue,197.0
5576,JNE3718-KR-XS,KURTA,XS,Navy Blue,101.0
5577,JNE3718-KR-XXL,KURTA,XXL,Navy Blue,132.0
5578,JNE3718-KR-XXXL,KURTA,XXXL,Navy Blue,154.0
5579,JNE3719-KR-L,KURTA,L,TEAL GREEN ,56.0
5580,JNE3719-KR-M,KURTA,M,TEAL GREEN ,5.0
5581,JNE3719-KR-S,KURTA,S,TEAL GREEN ,24.0
5582,JNE3719-KR-XL,KURTA,XL,TEAL GREEN ,89.0
5583,JNE3719-KR-XS,KURTA,XS,TEAL GREEN ,4.0
5584,JNE3719-KR-XXL,KURTA,XXL,TEAL GREEN ,38.0
5585,JNE3719-KR-XXXL,KURTA,XXXL,TEAL GREEN ,2.0
5586,JNE3720-KR-L,KURTA,L,Navy Blue,312.0
5587,JNE3720-KR-M,KURTA,M,Navy Blue,326.0
5588,JNE3720-KR-S,KURTA,S,Navy Blue,197.0
5589,JNE3720-KR-XL,KURTA,XL,Navy Blue,255.0
5590,JNE3720-KR-XS,KURTA,XS,Navy Blue,182.0
5591,JNE3720-KR-XXL,KURTA,XXL,Navy Blue,133.0
5592,JNE3720-KR-XXXL,KURTA,XXXL,Navy Blue,78.0
5593,JNE3721-KR-L,KURTA,L,Magenta,4.0
5594,JNE3721-KR-M,KURTA,M,Magenta,6.0
5595,JNE3721-KR-S,KURTA,S,Magenta,4.0
5596,JNE3721-KR-XL,KURTA,XL,Magenta,2.0
5597,JNE3721-KR-XS,KURTA,XS,Magenta,3.0
5598,JNE3721-KR-XXL,KURTA,XXL,Magenta,7.0
5599,JNE3721-KR-XXXL,KURTA,XXXL,Magenta,3.0
5600,JNE3722-KR-L,KURTA,L,Navy Blue,4.0
5601,JNE3722-KR-M,KURTA,M,Navy Blue,5.0
5602,JNE3722-KR-S,KURTA,S,Navy Blue,4.0
5603,JNE3722-KR-XL,KURTA,XL,Navy Blue,2.0
5604,JNE3722-KR-XS,KURTA,XS,Navy Blue,0.0
5605,JNE3722-KR-XXL,KURTA,XXL,Navy Blue,6.0
5606,JNE3722-KR-XXXL,KURTA,XXXL,Navy Blue,2.0
5607,JNE3724-KR-L,KURTA,L,Pink,8.0
5608,JNE3724-KR-M,KURTA,M,Pink,4.0
5609,JNE3724-KR-S,KURTA,S,Pink,0.0
5610,JNE3724-KR-XL,KURTA,XL,Pink,10.0
5611,JNE3724-KR-XS,KURTA,XS,Pink,2.0
5612,JNE3724-KR-XXL,KURTA,XXL,Pink,3.0
5613,JNE3724-KR-XXXL,KURTA,XXXL,Pink,1.0
5614,JNE3725-KR-L,KURTA,L,Brown,3.0
5615,JNE3725-KR-M,KURTA,M,Brown,5.0
5616,JNE3725-KR-S,KURTA,S,Brown,2.0
5617,JNE3725-KR-XL,KURTA,XL,Brown,3.0
5618,JNE3725-KR-XXL,KURTA,XXL,Brown,9.0
5619,JNE3725-KR-XXXL,KURTA,XXXL,Brown,20.0
5620,JNE3726-KR-L,KURTA,L,Turquoise,4.0
5621,JNE3726-KR-M,KURTA,M,Turquoise,5.0
5622,JNE3726-KR-S,KURTA,S,Turquoise,21.0
5623,JNE3726-KR-XL,KURTA,XL,Turquoise,5.0
5624,JNE3726-KR-XS,KURTA,XS,Turquoise,9.0
5625,JNE3726-KR-XXL,KURTA,XXL,Turquoise,6.0
5626,JNE3726-KR-XXXL,KURTA,XXXL,Turquoise,2.0
5627,JNE3727-KR-L,KURTA,L,Blue,12.0
5628,JNE3727-KR-M,KURTA,M,Blue,22.0
5629,JNE3727-KR-S,KURTA,S,Blue,31.0
5630,JNE3727-KR-XL,KURTA,XL,Blue,29.0
5631,JNE3727-KR-XS,KURTA,XS,Blue,57.0
5632,JNE3727-KR-XXL,KURTA,XXL,Blue,32.0
5633,JNE3727-KR-XXXL,KURTA,XXXL,Blue,36.0
5634,JNE3728-KR-L,KURTA,L,Light Green,2.0
5635,JNE3728-KR-M,KURTA,M,Light Green,5.0
5636,JNE3728-KR-S,KURTA,S,Light Green,16.0
5637,JNE3728-KR-XL,KURTA,XL,Light Green,3.0
5638,JNE3728-KR-XXL,KURTA,XXL,Light Green,3.0
5639,JNE3729-KR-L,KURTA,L,Yellow,3.0
5640,JNE3729-KR-M,KURTA,M,Yellow,5.0
5641,JNE3729-KR-S,KURTA,S,Yellow,3.0
5642,JNE3729-KR-XL,KURTA,XL,Yellow,3.0
5643,JNE3729-KR-XS,KURTA,XS,Yellow,8.0
5644,JNE3729-KR-XXL,KURTA,XXL,Yellow,8.0
5645,JNE3729-KR-XXXL,KURTA,XXXL,Yellow,3.0
5646,JNE3730-KR-L,KURTA,L,Olive,11.0
5647,JNE3730-KR-M,KURTA,M,Olive,15.0
5648,JNE3730-KR-S,KURTA,S,Olive,73.0
5649,JNE3730-KR-XL,KURTA,XL,Olive,9.0
5650,JNE3730-KR-XS,KURTA,XS,Olive,11.0
5651,JNE3730-KR-XXL,KURTA,XXL,Olive,10.0
5652,JNE3730-KR-XXXL,KURTA,XXXL,Olive,2.0
5653,JNE3732-KR-L,KURTA,L,Black,13.0
5654,JNE3732-KR-M,KURTA,M,Black,15.0
5655,JNE3732-KR-S,KURTA,S,Black,35.0
5656,JNE3732-KR-XL,KURTA,XL,Black,14.0
5657,JNE3732-KR-XS,KURTA,XS,Black,65.0
5658,JNE3732-KR-XXL,KURTA,XXL,Black,26.0
5659,JNE3732-KR-XXXL,KURTA,XXXL,Black,42.0
5660,JNE3733-KR-L,KURTA,L,Turquoise Blue,3.0
5661,JNE3733-KR-M,KURTA,M,Turquoise Blue,3.0
5662,JNE3733-KR-S,KURTA,S,Turquoise Blue,3.0
5663,JNE3733-KR-XL,KURTA,XL,Turquoise Blue,3.0
5664,JNE3733-KR-XS,KURTA,XS,Turquoise Blue,28.0
5665,JNE3733-KR-XXL,KURTA,XXL,Turquoise Blue,6.0
5666,JNE3733-KR-XXXL,KURTA,XXXL,Turquoise Blue,2.0
5667,JNE3734-KR-L,KURTA,L,Sky Blue,11.0
5668,JNE3734-KR-M,KURTA,M,Sky Blue,17.0
5669,JNE3734-KR-S,KURTA,S,Sky Blue,52.0
5670,JNE3734-KR-XL,KURTA,XL,Sky Blue,7.0
5671,JNE3734-KR-XS,KURTA,XS,Sky Blue,62.0
5672,JNE3734-KR-XXL,KURTA,XXL,Sky Blue,11.0
5673,JNE3734-KR-XXXL,KURTA,XXXL,Sky Blue,18.0
5674,JNE3735-KR-L,KURTA,L,Beige,6.0
5675,JNE3735-KR-M,KURTA,M,Beige,11.0
5676,JNE3735-KR-S,KURTA,S,Beige,29.0
5677,JNE3735-KR-XL,KURTA,XL,Beige,3.0
5678,JNE3735-KR-XS,KURTA,XS,Beige,65.0
5679,JNE3735-KR-XXL,KURTA,XXL,Beige,3.0
5680,JNE3735-KR-XXXL,KURTA,XXXL,Beige,8.0
5681,JNE3736-KR-L,KURTA,L,Pink,11.0
5682,JNE3736-KR-M,KURTA,M,Pink,11.0
5683,JNE3736-KR-S,KURTA,S,Pink,32.0
5684,JNE3736-KR-XL,KURTA,XL,Pink,21.0
5685,JNE3736-KR-XS,KURTA,XS,Pink,10.0
5686,JNE3736-KR-XXL,KURTA,XXL,Pink,4.0
5687,JNE3736-KR-XXXL,KURTA,XXXL,Pink,6.0
5688,JNE3738-KR-L,KURTA,L,Green,35.0
5689,JNE3738-KR-M,KURTA,M,Green,59.0
5690,JNE3738-KR-S,KURTA,S,Green,101.0
5691,JNE3738-KR-XL,KURTA,XL,Green,40.0
5692,JNE3738-KR-XS,KURTA,XS,Green,10.0
5693,JNE3738-KR-XXL,KURTA,XXL,Green,5.0
5694,JNE3738-KR-XXXL,KURTA,XXXL,Green,4.0
5695,JNE3739-KR-L,KURTA,L,Maroon,15.0
5696,JNE3739-KR-M,KURTA,M,Maroon,95.0
5697,JNE3739-KR-S,KURTA,S,Maroon,71.0
5698,JNE3739-KR-XL,KURTA,XL,Maroon,21.0
5699,JNE3739-KR-XS,KURTA,XS,Maroon,60.0
5700,JNE3739-KR-XXL,KURTA,XXL,Maroon,9.0
5701,JNE3739-KR-XXXL,KURTA,XXXL,Maroon,14.0
5702,JNE3740-KR-L,KURTA,L,Red,8.0
5703,JNE3740-KR-M,KURTA,M,Red,41.0
5704,JNE3740-KR-S,KURTA,S,Red,72.0
5705,JNE3740-KR-XL,KURTA,XL,Red,17.0
5706,JNE3740-KR-XS,KURTA,XS,Red,26.0
5707,JNE3740-KR-XXL,KURTA,XXL,Red,15.0
5708,JNE3740-KR-XXXL,KURTA,XXXL,Red,3.0
5709,JNE3741-KR-L,KURTA,L,TEAL GREEN ,1.0
5710,JNE3741-KR-M,KURTA,M,TEAL GREEN ,69.0
5711,JNE3741-KR-S,KURTA,S,TEAL GREEN ,143.0
5712,JNE3741-KR-XL,KURTA,XL,TEAL GREEN ,37.0
5713,JNE3741-KR-XS,KURTA,XS,TEAL GREEN ,26.0
5714,JNE3741-KR-XXL,KURTA,XXL,TEAL GREEN ,62.0
5715,JNE3741-KR-XXXL,KURTA,XXXL,TEAL GREEN ,8.0
5716,JNE3742-KR-L,KURTA,L,Green,34.0
5717,JNE3742-KR-M,KURTA,M,Green,51.0
5718,JNE3742-KR-S,KURTA,S,Green,78.0
5719,JNE3742-KR-XL,KURTA,XL,Green,68.0
5720,JNE3742-KR-XS,KURTA,XS,Green,31.0
5721,JNE3742-KR-XXL,KURTA,XXL,Green,74.0
5722,JNE3742-KR-XXXL,KURTA,XXXL,Green,6.0
5723,JNE3743-TP-L,TOP,L,Light Green,9.0
5724,JNE3743-TP-M,TOP,M,Light Green,21.0
5725,JNE3743-TP-S,TOP,S,Light Green,7.0
5726,JNE3743-TP-XL,TOP,XL,Light Green,48.0
5727,JNE3743-TP-XS,TOP,XS,Light Green,11.0
5728,JNE3743-TP-XXL,TOP,XXL,Light Green,21.0
5729,JNE3744-TU-L,TUNIC,L,Navy Blue,61.0
5730,JNE3744-TU-M,TUNIC,M,Navy Blue,70.0
5731,JNE3744-TU-S,TUNIC,S,Navy Blue,39.0
5732,JNE3744-TU-XL,TUNIC,XL,Navy Blue,96.0
5733,JNE3744-TU-XS,TUNIC,XS,Navy Blue,19.0
5734,JNE3744-TU-XXL,TUNIC,XXL,Navy Blue,11.0
5735,JNE3744-TU-XXXL,TUNIC,XXXL,Navy Blue,27.0
5736,JNE3745-KR-L,KURTA,L,Teal Green,55.0
5737,JNE3745-KR-M,KURTA,M,Teal Green,61.0
5738,JNE3745-KR-S,KURTA,S,Teal Green,89.0
5739,JNE3745-KR-XL,KURTA,XL,Teal Green,99.0
5740,JNE3745-KR-XS,KURTA,XS,Teal Green,4.0
5741,JNE3745-KR-XXL,KURTA,XXL,Teal Green,99.0
5742,JNE3745-KR-XXXL,KURTA,XXXL,Teal Green,3.0
5743,JNE3748-KR-L,KURTA,L,Blue,4.0
5744,JNE3748-KR-M,KURTA,M,Blue,17.0
5745,JNE3748-KR-S,KURTA,S,Blue,51.0
5746,JNE3748-KR-XL,KURTA,XL,Blue,7.0
5747,JNE3748-KR-XS,KURTA,XS,Blue,79.0
5748,JNE3748-KR-XXL,KURTA,XXL,Blue,33.0
5749,JNE3748-KR-XXXL,KURTA,XXXL,Blue,15.0
5750,JNE3749-KR-L,KURTA,L,Blue,6.0
5751,JNE3749-KR-M,KURTA,M,Blue,2.0
5752,JNE3749-KR-S,KURTA,S,Blue,8.0
5753,JNE3749-KR-XL,KURTA,XL,Blue,6.0
5754,JNE3749-KR-XS,KURTA,XS,Blue,24.0
5755,JNE3749-KR-XXL,KURTA,XXL,Blue,5.0
5756,JNE3749-KR-XXXL,KURTA,XXXL,Blue,12.0
5757,JNE3750-KR-L,KURTA,L,Navy Blue,30.0
5758,JNE3750-KR-M,KURTA,M,Navy Blue,19.0
5759,JNE3750-KR-S,KURTA,S,Navy Blue,29.0
5760,JNE3750-KR-XL,KURTA,XL,Navy Blue,9.0
5761,JNE3750-KR-XS,KURTA,XS,Navy Blue,19.0
5762,JNE3750-KR-XXL,KURTA,XXL,Navy Blue,2.0
5763,JNE3750-KR-XXXL,KURTA,XXXL,Navy Blue,25.0
5764,JNE3751-KR-L,KURTA,L,White,2.0
5765,JNE3751-KR-M,KURTA,M,White,3.0
5766,JNE3751-KR-S,KURTA,S,White,23.0
5767,JNE3751-KR-XL,KURTA,XL,White,4.0
5768,JNE3751-KR-XS,KURTA,XS,White,59.0
5769,JNE3751-KR-XXL,KURTA,XXL,White,6.0
5770,JNE3751-KR-XXXL,KURTA,XXXL,White,11.0
5771,JNE3752-KR-L,KURTA,L,Blue,5.0
5772,JNE3752-KR-M,KURTA,M,Blue,4.0
5773,JNE3752-KR-S,KURTA,S,Blue,7.0
5774,JNE3752-KR-XL,KURTA,XL,Blue,1.0
5775,JNE3752-KR-XS,KURTA,XS,Blue,10.0
5776,JNE3752-KR-XXL,KURTA,XXL,Blue,1.0
5777,JNE3752-KR-XXXL,KURTA,XXXL,Blue,3.0
5778,JNE3753-KR-L,KURTA,L,Brown,5.0
5779,JNE3753-KR-M,KURTA,M,Brown,5.0
5780,JNE3753-KR-S,KURTA,S,Brown,17.0
5781,JNE3753-KR-XL,KURTA,XL,Brown,4.0
5782,JNE3753-KR-XS,KURTA,XS,Brown,43.0
5783,JNE3753-KR-XXL,KURTA,XXL,Brown,6.0
5784,JNE3753-KR-XXXL,KURTA,XXXL,Brown,5.0
5785,JNE3756-KR-L,KURTA,L,Olive Green,70.0
5786,JNE3756-KR-M,KURTA,M,Olive Green,78.0
5787,JNE3756-KR-S,KURTA,S,Olive Green,48.0
5788,JNE3756-KR-XL,KURTA,XL,Olive Green,68.0
5789,JNE3756-KR-XS,KURTA,XS,Olive Green,26.0
5790,JNE3756-KR-XXL,KURTA,XXL,Olive Green,43.0
5791,JNE3756-KR-XXXL,KURTA,XXXL,Olive Green,8.0
5792,JNE3757-KR-L,KURTA,L,Light Green,29.0
5793,JNE3757-KR-M,KURTA,M,Light Green,34.0
5794,JNE3757-KR-S,KURTA,S,Light Green,57.0
5795,JNE3757-KR-XL,KURTA,XL,Light Green,18.0
5796,JNE3757-KR-XS,KURTA,XS,Light Green,5.0
5797,JNE3757-KR-XXL,KURTA,XXL,Light Green,18.0
5798,JNE3757-KR-XXXL,KURTA,XXXL,Light Green,37.0
5799,JNE3758-KR-L,KURTA,L,Maroon,36.0
5800,JNE3758-KR-M,KURTA,M,Maroon,49.0
5801,JNE3758-KR-S,KURTA,S,Maroon,44.0
5802,JNE3758-KR-XL,KURTA,XL,Maroon,82.0
5803,JNE3758-KR-XS,KURTA,XS,Maroon,3.0
5804,JNE3758-KR-XXL,KURTA,XXL,Maroon,50.0
5805,JNE3758-KR-XXXL,KURTA,XXXL,Maroon,3.0
5806,JNE3759-KR-L,KURTA,L,Pink,113.0
5807,JNE3759-KR-M,KURTA,M,Pink,134.0
5808,JNE3759-KR-S,KURTA,S,Pink,128.0
5809,JNE3759-KR-XL,KURTA,XL,Pink,46.0
5810,,KURTA,XS,Pink,0.0
5811,JNE3759-KR-XXL,KURTA,XXL,Pink,57.0
5812,JNE3760-KR-L,KURTA,L,Teal,12.0
5813,JNE3760-KR-M,KURTA,M,Teal,22.0
5814,JNE3760-KR-S,KURTA,S,Teal,55.0
5815,JNE3760-KR-XL,KURTA,XL,Teal,23.0
5816,JNE3760-KR-XS,KURTA,XS,Teal,10.0
5817,JNE3760-KR-XXL,KURTA,XXL,Teal,76.0
5818,JNE3760-KR-XXXL,KURTA,XXXL,Teal,7.0
5819,JNE3761-KR-L,KURTA,L,Olive Green,104.0
5820,JNE3761-KR-M,KURTA,M,Olive Green,138.0
5821,JNE3761-KR-S,KURTA,S,Olive Green,226.0
5822,JNE3761-KR-XL,KURTA,XL,Olive Green,69.0
5823,JNE3761-KR-XS,KURTA,XS,Olive Green,30.0
5824,JNE3761-KR-XXL,KURTA,XXL,Olive Green,36.0
5825,JNE3761-KR-XXXL,KURTA,XXXL,Olive Green,4.0
5826,JNE3762-KR-L,KURTA,L,Maroon,51.0
5827,JNE3762-KR-M,KURTA,M,Maroon,72.0
5828,JNE3762-KR-S,KURTA,S,Maroon,80.0
5829,JNE3762-KR-XL,KURTA,XL,Maroon,52.0
5830,JNE3762-KR-XS,KURTA,XS,Maroon,14.0
5831,JNE3762-KR-XXL,KURTA,XXL,Maroon,52.0
5832,JNE3762-KR-XXXL,KURTA,XXXL,Maroon,3.0
5833,JNE3763-KR-L,KURTA,L,Teal,13.0
5834,JNE3763-KR-M,KURTA,M,Teal,16.0
5835,JNE3763-KR-S,KURTA,S,Teal,90.0
5836,JNE3763-KR-XL,KURTA,XL,Teal,69.0
5837,JNE3763-KR-XS,KURTA,XS,Teal,68.0
5838,JNE3763-KR-XXL,KURTA,XXL,Teal,113.0
5839,JNE3763-KR-XXXL,KURTA,XXXL,Teal,24.0
5840,JNE3764-KR-L,KURTA,L,Magenta,75.0
5841,JNE3764-KR-M,KURTA,M,Magenta,38.0
5842,JNE3764-KR-S,KURTA,S,Magenta,18.0
5843,JNE3764-KR-XL,KURTA,XL,Magenta,33.0
5844,JNE3764-KR-XS,KURTA,XS,Magenta,3.0
5845,JNE3764-KR-XXL,KURTA,XXL,Magenta,5.0
5846,JNE3764-KR-XXXL,KURTA,XXXL,Magenta,2.0
5847,JNE3765-KR-L,KURTA,L,Mustard,141.0
5848,JNE3765-KR-M,KURTA,M,Mustard,103.0
5849,JNE3765-KR-S,KURTA,S,Mustard,112.0
5850,JNE3765-KR-XL,KURTA,XL,Mustard,131.0
5851,JNE3765-KR-XS,KURTA,XS,Mustard,78.0
5852,JNE3765-KR-XXL,KURTA,XXL,Mustard,100.0
5853,JNE3765-KR-XXXL,KURTA,XXXL,Mustard,74.0
5854,JNE3766-KR-L,KURTA,L,Grey,17.0
5855,JNE3766-KR-M,KURTA,M,Grey,21.0
5856,JNE3766-KR-S,KURTA,S,Grey,24.0
5857,JNE3766-KR-XL,KURTA,XL,Grey,19.0
5858,JNE3766-KR-XS,KURTA,XS,Grey,25.0
5859,JNE3766-KR-XXL,KURTA,XXL,Grey,26.0
5860,JNE3766-KR-XXXL,KURTA,XXXL,Grey,13.0
5861,JNE3767-KR-L,KURTA,L,Red,164.0
5862,JNE3767-KR-M,KURTA,M,Red,99.0
5863,JNE3767-KR-S,KURTA,S,Red,73.0
5864,JNE3767-KR-XL,KURTA,XL,Red,150.0
5865,JNE3767-KR-XS,KURTA,XS,Red,21.0
5866,JNE3767-KR-XXL,KURTA,XXL,Red,77.0
5867,JNE3767-KR-XXXL,KURTA,XXXL,Red,17.0
5868,JNE3768-KR-L,KURTA,L,Peach,70.0
5869,JNE3768-KR-M,KURTA,M,Peach,47.0
5870,JNE3768-KR-S,KURTA,S,Peach,30.0
5871,JNE3768-KR-XL,KURTA,XL,Peach,52.0
5872,JNE3768-KR-XS,KURTA,XS,Peach,22.0
5873,JNE3768-KR-XXL,KURTA,XXL,Peach,15.0
5874,JNE3768-KR-XXXL,KURTA,XXXL,Peach,19.0
5875,JNE3769-KR-L,KURTA,L,Blue,3.0
5876,JNE3769-KR-M,KURTA,M,Blue,13.0
5877,JNE3769-KR-S,KURTA,S,Blue,33.0
5878,JNE3769-KR-XL,KURTA,XL,Blue,9.0
5879,JNE3769-KR-XS,KURTA,XS,Blue,8.0
5880,JNE3769-KR-XXL,KURTA,XXL,Blue,19.0
5881,JNE3769-KR-XXXL,KURTA,XXXL,Blue,9.0
5882,JNE3770-KR-L,KURTA,L,Blue,135.0
5883,JNE3770-KR-M,KURTA,M,Blue,72.0
5884,JNE3770-KR-S,KURTA,S,Blue,15.0
5885,JNE3770-KR-XL,KURTA,XL,Blue,41.0
5886,JNE3770-KR-XS,KURTA,XS,Blue,82.0
5887,JNE3770-KR-XXL,KURTA,XXL,Blue,81.0
5888,JNE3770-KR-XXXL,KURTA,XXXL,Blue,62.0
5889,JNE3771-KR-L,KURTA,L,Maroon,37.0
5890,JNE3771-KR-M,KURTA,M,Maroon,32.0
5891,JNE3771-KR-S,KURTA,S,Maroon,10.0
5892,JNE3771-KR-XL,KURTA,XL,Maroon,51.0
5893,JNE3771-KR-XS,KURTA,XS,Maroon,14.0
5894,JNE3771-KR-XXL,KURTA,XXL,Maroon,47.0
5895,JNE3771-KR-XXXL,KURTA,XXXL,Maroon,11.0
5896,JNE3773-KR-L,KURTA,L,Grey,3.0
5897,JNE3773-KR-M,KURTA,M,Grey,3.0
5898,JNE3773-KR-S,KURTA,S,Grey,4.0
5899,JNE3773-KR-XL,KURTA,XL,Grey,3.0
5900,JNE3773-KR-XS,KURTA,XS,Grey,6.0
5901,JNE3773-KR-XXL,KURTA,XXL,Grey,5.0
5902,JNE3773-KR-XXXL,KURTA,XXXL,Grey,2.0
5903,JNE3774-KR-L,KURTA,L,Teal,3.0
5904,JNE3774-KR-M,KURTA,M,Teal,7.0
5905,JNE3774-KR-S,KURTA,S,Teal,10.0
5906,JNE3774-KR-XL,KURTA,XL,Teal,4.0
5907,JNE3774-KR-XS,KURTA,XS,Teal,14.0
5908,JNE3774-KR-XXL,KURTA,XXL,Teal,10.0
5909,JNE3774-KR-XXXL,KURTA,XXXL,Teal,9.0
5910,JNE3775-KR-L,KURTA,L,Teal,72.0
5911,JNE3775-KR-M,KURTA,M,Teal,70.0
5912,JNE3775-KR-S,KURTA,S,Teal,99.0
5913,JNE3775-KR-XL,KURTA,XL,Teal,59.0
5914,JNE3775-KR-XS,KURTA,XS,Teal,56.0
5915,JNE3775-KR-XXL,KURTA,XXL,Teal,72.0
5916,JNE3775-KR-XXXL,KURTA,XXXL,Teal,6.0
5917,JNE3776-KR-L,KURTA,L,Green,3.0
5918,JNE3776-KR-M,KURTA,M,Green,6.0
5919,JNE3776-KR-S,KURTA,S,Green,6.0
5920,JNE3776-KR-XL,KURTA,XL,Green,4.0
5921,JNE3776-KR-XS,KURTA,XS,Green,3.0
5922,JNE3776-KR-XXL,KURTA,XXL,Green,8.0
5923,JNE3776-KR-XXXL,KURTA,XXXL,Green,2.0
5924,JNE3777-KR-L,KURTA,L,Maroon,7.0
5925,JNE3777-KR-M,KURTA,M,Maroon,9.0
5926,JNE3777-KR-S,KURTA,S,Maroon,44.0
5927,JNE3777-KR-XL,KURTA,XL,Maroon,15.0
5928,JNE3777-KR-XS,KURTA,XS,Maroon,45.0
5929,JNE3777-KR-XXL,KURTA,XXL,Maroon,56.0
5930,JNE3777-KR-XXXL,KURTA,XXXL,Maroon,8.0
5931,JNE3778-KR-L,KURTA,L,Green,38.0
5932,JNE3778-KR-M,KURTA,M,Green,47.0
5933,JNE3778-KR-S,KURTA,S,Green,57.0
5934,JNE3778-KR-XL,KURTA,XL,Green,26.0
5935,JNE3778-KR-XS,KURTA,XS,Green,81.0
5936,JNE3778-KR-XXL,KURTA,XXL,Green,40.0
5937,JNE3778-KR-XXXL,KURTA,XXXL,Green,22.0
5938,JNE3779-KR-L,KURTA,L,Teal,15.0
5939,JNE3779-KR-M,KURTA,M,Teal,15.0
5940,JNE3779-KR-S,KURTA,S,Teal,34.0
5941,JNE3779-KR-XL,KURTA,XL,Teal,18.0
5942,JNE3779-KR-XS,KURTA,XS,Teal,31.0
5943,JNE3779-KR-XXL,KURTA,XXL,Teal,27.0
5944,JNE3779-KR-XXXL,KURTA,XXXL,Teal,33.0
5945,JNE3780-KR-L,KURTA,L,Navy Blue,110.0
5946,JNE3780-KR-M,KURTA,M,Navy Blue,112.0
5947,JNE3780-KR-S,KURTA,S,Navy Blue,121.0
5948,JNE3780-KR-XL,KURTA,XL,Navy Blue,99.0
5949,JNE3780-KR-XS,KURTA,XS,Navy Blue,54.0
5950,JNE3780-KR-XXL,KURTA,XXL,Navy Blue,112.0
5951,JNE3780-KR-XXXL,KURTA,XXXL,Navy Blue,40.0
5952,JNE3781-KR-L,KURTA,L,Green,86.0
5953,JNE3781-KR-M,KURTA,M,Green,52.0
5954,JNE3781-KR-S,KURTA,S,Green,26.0
5955,JNE3781-KR-XL,KURTA,XL,Green,83.0
5956,JNE3781-KR-XS,KURTA,XS,Green,49.0
5957,JNE3781-KR-XXL,KURTA,XXL,Green,112.0
5958,JNE3781-KR-XXXL,KURTA,XXXL,Green,96.0
5959,JNE3782-KR-L,KURTA,L,Green,135.0
5960,JNE3782-KR-M,KURTA,M,Green,170.0
5961,JNE3782-KR-S,KURTA,S,Green,105.0
5962,JNE3782-KR-XL,KURTA,XL,Green,198.0
5963,JNE3782-KR-XS,KURTA,XS,Green,39.0
5964,JNE3782-KR-XXL,KURTA,XXL,Green,60.0
5965,JNE3782-KR-XXXL,KURTA,XXXL,Green,71.0
5966,JNE3783-KR-L,KURTA,L,Brown,0.0
5967,JNE3783-KR-M,KURTA,M,Brown,0.0
5968,JNE3783-KR-S,KURTA,S,Brown,0.0
5969,JNE3783-KR-XL,KURTA,XL,Brown,0.0
5970,JNE3783-KR-XS,KURTA,XS,Brown,0.0
5971,JNE3783-KR-XXL,KURTA,XXL,Brown,0.0
5972,JNE3783-KR-XXXL,KURTA,XXXL,Brown,0.0
5973,JNE3784-KR-L,KURTA,L,Green,139.0
5974,JNE3784-KR-M,KURTA,M,Green,90.0
5975,JNE3784-KR-S,KURTA,S,Green,116.0
5976,JNE3784-KR-XL,KURTA,XL,Green,163.0
5977,JNE3784-KR-XS,KURTA,XS,Green,89.0
5978,JNE3784-KR-XXL,KURTA,XXL,Green,112.0
5979,JNE3784-KR-XXXL,KURTA,XXXL,Green,137.0
5980,JNE3785-KR-L,KURTA,L,CORAL ,4.0
5981,JNE3785-KR-M,KURTA,M,CORAL ,5.0
5982,JNE3785-KR-S,KURTA,S,CORAL ,8.0
5983,JNE3785-KR-XL,KURTA,XL,CORAL ,5.0
5984,JNE3785-KR-XS,KURTA,XS,CORAL ,45.0
5985,JNE3785-KR-XXL,KURTA,XXL,CORAL ,5.0
5986,JNE3785-KR-XXXL,KURTA,XXXL,CORAL ,4.0
5987,JNE3786-KR-L,KURTA,L,Black,2.0
5988,JNE3786-KR-M,KURTA,M,Black,0.0
5989,JNE3786-KR-S,KURTA,S,Black,56.0
5990,JNE3786-KR-XL,KURTA,XL,Black,2.0
5991,JNE3786-KR-XS,KURTA,XS,Black,63.0
5992,JNE3786-KR-XXL,KURTA,XXL,Black,19.0
5993,JNE3786-KR-XXXL,KURTA,XXXL,Black,4.0
5994,JNE3787-KR-L,KURTA,L,Blue,3.0
5995,JNE3787-KR-M,KURTA,M,Blue,2.0
5996,JNE3787-KR-S,KURTA,S,Blue,0.0
5997,JNE3787-KR-XL,KURTA,XL,Blue,6.0
5998,JNE3787-KR-XS,KURTA,XS,Blue,9.0
5999,JNE3787-KR-XXL,KURTA,XXL,Blue,5.0
6000,JNE3787-KR-XXXL,KURTA,XXXL,Blue,7.0
6001,JNE3788-KR-L,KURTA,L,Black,9.0
6002,JNE3788-KR-M,KURTA,M,Black,12.0
6003,JNE3788-KR-S,KURTA,S,Black,46.0
6004,JNE3788-KR-XL,KURTA,XL,Black,18.0
6005,JNE3788-KR-XS,KURTA,XS,Black,23.0
6006,JNE3788-KR-XXL,KURTA,XXL,Black,25.0
6007,JNE3788-KR-XXXL,KURTA,XXXL,Black,6.0
6008,JNE3789-KR-L,KURTA,L,Teal,42.0
6009,JNE3789-KR-M,KURTA,M,Teal,73.0
6010,JNE3789-KR-S,KURTA,S,Teal,34.0
6011,JNE3789-KR-XL,KURTA,XL,Teal,35.0
6012,JNE3789-KR-XS,KURTA,XS,Teal,9.0
6013,JNE3789-KR-XXL,KURTA,XXL,Teal,56.0
6014,JNE3789-KR-XXXL,KURTA,XXXL,Teal,7.0
6015,JNE3790-KR-L,KURTA,L,Navy Blue,20.0
6016,JNE3790-KR-M,KURTA,M,Navy Blue,42.0
6017,JNE3790-KR-S,KURTA,S,Navy Blue,68.0
6018,JNE3790-KR-XL,KURTA,XL,Navy Blue,12.0
6019,JNE3790-KR-XS,KURTA,XS,Navy Blue,45.0
6020,JNE3790-KR-XXL,KURTA,XXL,Navy Blue,34.0
6021,JNE3790-KR-XXXL,KURTA,XXXL,Navy Blue,5.0
6022,JNE3791-DR-L,DRESS,L,Light Green,8.0
6023,JNE3791-DR-M,DRESS,M,Light Green,14.0
6024,JNE3791-DR-S,DRESS,S,Light Green,6.0
6025,JNE3791-DR-XL,DRESS,XL,Light Green,38.0
6026,JNE3791-DR-XS,DRESS,XS,Light Green,17.0
6027,JNE3791-DR-XXL,DRESS,XXL,Light Green,33.0
6028,JNE3791-DR-XXXL,DRESS,XXXL,Light Green,12.0
6029,JNE3792-KR-L,KURTA,L,Green,35.0
6030,JNE3792-KR-M,KURTA,M,Green,45.0
6031,JNE3792-KR-S,KURTA,S,Green,69.0
6032,JNE3792-KR-XL,KURTA,XL,Green,49.0
6033,JNE3792-KR-XS,KURTA,XS,Green,28.0
6034,JNE3792-KR-XXL,KURTA,XXL,Green,42.0
6035,JNE3792-KR-XXXL,KURTA,XXXL,Green,14.0
6036,JNE3793-KR-L,KURTA,L,Maroon,31.0
6037,JNE3793-KR-M,KURTA,M,Maroon,67.0
6038,JNE3793-KR-S,KURTA,S,Maroon,98.0
6039,JNE3793-KR-XL,KURTA,XL,Maroon,42.0
6040,JNE3793-KR-XS,KURTA,XS,Maroon,75.0
6041,JNE3793-KR-XXL,KURTA,XXL,Maroon,12.0
6042,JNE3793-KR-XXXL,KURTA,XXXL,Maroon,5.0
6043,JNE3794-KR-L,KURTA,L,Peach,75.0
6044,JNE3794-KR-M,KURTA,M,Peach,101.0
6045,JNE3794-KR-S,KURTA,S,Peach,94.0
6046,JNE3794-KR-XL,KURTA,XL,Peach,104.0
6047,JNE3794-KR-XS,KURTA,XS,Peach,26.0
6048,JNE3794-KR-XXL,KURTA,XXL,Peach,101.0
6049,JNE3794-KR-XXXL,KURTA,XXXL,Peach,104.0
6050,JNE3795-KR-L,KURTA,L,Blue,118.0
6051,JNE3795-KR-M,KURTA,M,Blue,163.0
6052,JNE3795-KR-S,KURTA,S,Blue,47.0
6053,JNE3795-KR-XL,KURTA,XL,Blue,180.0
6054,JNE3795-KR-XS,KURTA,XS,Blue,57.0
6055,JNE3795-KR-XXL,KURTA,XXL,Blue,151.0
6056,JNE3795-KR-XXXL,KURTA,XXXL,Blue,122.0
6057,JNE3796-KR-L,KURTA,L,Peach,5.0
6058,JNE3796-KR-M,KURTA,M,Peach,5.0
6059,JNE3796-KR-S,KURTA,S,Peach,6.0
6060,JNE3796-KR-XL,KURTA,XL,Peach,5.0
6061,JNE3796-KR-XS,KURTA,XS,Peach,12.0
6062,JNE3796-KR-XXL,KURTA,XXL,Peach,9.0
6063,JNE3796-KR-XXXL,KURTA,XXXL,Peach,3.0
6064,JNE3797-KR-L,KURTA,L,Green,5.0
6065,JNE3797-KR-M,KURTA,M,Green,6.0
6066,JNE3797-KR-S,KURTA,S,Green,2.0
6067,JNE3797-KR-XL,KURTA,XL,Green,13.0
6068,JNE3797-KR-XS,KURTA,XS,Green,101.0
6069,JNE3797-KR-XXL,KURTA,XXL,Green,0.0
6070,JNE3797-KR-XXXL,KURTA,XXXL,Green,4.0
6071,JNE3798-KR-L,KURTA,L,Teal,3.0
6072,JNE3798-KR-M,KURTA,M,Teal,2.0
6073,JNE3798-KR-S,KURTA,S,Teal,5.0
6074,JNE3798-KR-XL,KURTA,XL,Teal,4.0
6075,JNE3798-KR-XS,KURTA,XS,Teal,13.0
6076,JNE3798-KR-XXL,KURTA,XXL,Teal,8.0
6077,JNE3798-KR-XXXL,KURTA,XXXL,Teal,9.0
6078,JNE3799-KR-L,KURTA,L,Wine,48.0
6079,JNE3799-KR-M,KURTA,M,Wine,28.0
6080,JNE3799-KR-S,KURTA,S,Wine,41.0
6081,JNE3799-KR-XL,KURTA,XL,Wine,8.0
6082,JNE3799-KR-XS,KURTA,XS,Wine,17.0
6083,JNE3799-KR-XXL,KURTA,XXL,Wine,7.0
6084,JNE3799-KR-XXXL,KURTA,XXXL,Wine,14.0
6085,JNE3800-KR-L,KURTA,L,Mustard,37.0
6086,JNE3800-KR-M,KURTA,M,Mustard,3.0
6087,JNE3800-KR-S,KURTA,S,Mustard,13.0
6088,JNE3800-KR-XL,KURTA,XL,Mustard,62.0
6089,JNE3800-KR-XS,KURTA,XS,Mustard,89.0
6090,JNE3800-KR-XXL,KURTA,XXL,Mustard,0.0
6091,JNE3800-KR-XXXL,KURTA,XXXL,Mustard,93.0
6092,JNE3801-KR-L,KURTA,L,Pink,3.0
6093,JNE3801-KR-M,KURTA,M,Pink,4.0
6094,JNE3801-KR-S,KURTA,S,Pink,3.0
6095,JNE3801-KR-XL,KURTA,XL,Pink,1.0
6096,JNE3801-KR-XS,KURTA,XS,Pink,5.0
6097,JNE3801-KR-XXL,KURTA,XXL,Pink,2.0
6098,JNE3801-KR-XXXL,KURTA,XXXL,Pink,8.0
6099,JNE3802-KR-L,KURTA,L,Orange,6.0
6100,JNE3802-KR-M,KURTA,M,Orange,7.0
6101,JNE3802-KR-S,KURTA,S,Orange,4.0
6102,JNE3802-KR-XL,KURTA,XL,Orange,6.0
6103,JNE3802-KR-XS,KURTA,XS,Orange,46.0
6104,JNE3802-KR-XXL,KURTA,XXL,Orange,15.0
6105,JNE3802-KR-XXXL,KURTA,XXXL,Orange,7.0
6106,JNE3803-KR-L,KURTA,L,Pink,15.0
6107,JNE3803-KR-M,KURTA,M,Pink,16.0
6108,JNE3803-KR-S,KURTA,S,Pink,20.0
6109,JNE3803-KR-XL,KURTA,XL,Pink,9.0
6110,JNE3803-KR-XS,KURTA,XS,Pink,13.0
6111,JNE3803-KR-XXL,KURTA,XXL,Pink,46.0
6112,JNE3803-KR-XXXL,KURTA,XXXL,Pink,74.0
6113,JNE3804-KR-L,KURTA,L,Grey,130.0
6114,JNE3804-KR-M,KURTA,M,Grey,55.0
6115,JNE3804-KR-S,KURTA,S,Grey,23.0
6116,JNE3804-KR-XL,KURTA,XL,Grey,64.0
6117,JNE3804-KR-XS,KURTA,XS,Grey,28.0
6118,JNE3804-KR-XXL,KURTA,XXL,Grey,30.0
6119,JNE3804-KR-XXXL,KURTA,XXXL,Grey,7.0
6120,JNE3805-KR-L,KURTA,L,Green,68.0
6121,JNE3805-KR-M,KURTA,M,Green,89.0
6122,JNE3805-KR-S,KURTA,S,Green,106.0
6123,JNE3805-KR-XL,KURTA,XL,Green,95.0
6124,JNE3805-KR-XS,KURTA,XS,Green,84.0
6125,JNE3805-KR-XXL,KURTA,XXL,Green,116.0
6126,JNE3805-KR-XXXL,KURTA,XXXL,Green,77.0
6127,JNE3806-KR-L,KURTA,L,Blue,10.0
6128,JNE3806-KR-M,KURTA,M,Blue,9.0
6129,JNE3806-KR-S,KURTA,S,Blue,37.0
6130,JNE3806-KR-XL,KURTA,XL,Blue,4.0
6131,JNE3806-KR-XS,KURTA,XS,Blue,36.0
6132,JNE3806-KR-XXL,KURTA,XXL,Blue,11.0
6133,JNE3806-KR-XXXL,KURTA,XXXL,Blue,6.0
6134,JNE3807-KR-L,KURTA,L,Beige,9.0
6135,JNE3807-KR-M,KURTA,M,Beige,62.0
6136,JNE3807-KR-S,KURTA,S,Beige,10.0
6137,JNE3807-KR-XL,KURTA,XL,Beige,7.0
6138,JNE3807-KR-XS,KURTA,XS,Beige,5.0
6139,JNE3807-KR-XXL,KURTA,XXL,Beige,2.0
6140,JNE3807-KR-XXXL,KURTA,XXXL,Beige,12.0
6141,JNE3810-KR-L,KURTA,L,Black,0.0
6142,JNE3810-KR-M,KURTA,M,Black,13.0
6143,JNE3810-KR-S,KURTA,S,Black,37.0
6144,JNE3810-KR-XL,KURTA,XL,Black,1.0
6145,JNE3810-KR-XS,KURTA,XS,Black,37.0
6146,JNE3810-KR-XXL,KURTA,XXL,Black,16.0
6147,JNE3810-KR-XXXL,KURTA,XXXL,Black,21.0
6148,JNE3811-KR-L,KURTA,L,Navy Blue,7.0
6149,JNE3811-KR-M,KURTA,M,Navy Blue,6.0
6150,JNE3811-KR-S,KURTA,S,Navy Blue,5.0
6151,JNE3811-KR-XL,KURTA,XL,Navy Blue,7.0
6152,JNE3811-KR-XS,KURTA,XS,Navy Blue,5.0
6153,JNE3811-KR-XXL,KURTA,XXL,Navy Blue,18.0
6154,JNE3811-KR-XXXL,KURTA,XXXL,Navy Blue,12.0
6155,JNE3813-KR-L,KURTA,L,Teal,1.0
6156,JNE3813-KR-M,KURTA,M,Teal,0.0
6157,JNE3813-KR-S,KURTA,S,Teal,15.0
6158,JNE3813-KR-XL,KURTA,XL,Teal,0.0
6159,JNE3813-KR-XS,KURTA,XS,Teal,17.0
6160,JNE3813-KR-XXL,KURTA,XXL,Teal,2.0
6161,JNE3813-KR-XXXL,KURTA,XXXL,Teal,0.0
6162,JNE3816-KR-L,KURTA,L,Sea Green,5.0
6163,JNE3816-KR-M,KURTA,M,Sea Green,7.0
6164,JNE3816-KR-S,KURTA,S,Sea Green,6.0
6165,JNE3816-KR-XL,KURTA,XL,Sea Green,2.0
6166,JNE3816-KR-XS,KURTA,XS,Sea Green,9.0
6167,JNE3816-KR-XXL,KURTA,XXL,Sea Green,7.0
6168,JNE3816-KR-XXXL,KURTA,XXXL,Sea Green,4.0
6169,JNE3817-KR-L,KURTA,L,Cream,4.0
6170,JNE3817-KR-M,KURTA,M,Cream,4.0
6171,JNE3817-KR-S,KURTA,S,Cream,4.0
6172,JNE3817-KR-XL,KURTA,XL,Cream,4.0
6173,JNE3817-KR-XS,KURTA,XS,Cream,4.0
6174,JNE3817-KR-XXL,KURTA,XXL,Cream,4.0
6175,JNE3817-KR-XXXL,KURTA,XXXL,Cream,1.0
6176,JNE3818-KR-L,KURTA,L,Orange,4.0
6177,JNE3818-KR-M,KURTA,M,Orange,5.0
6178,JNE3818-KR-S,KURTA,S,Orange,4.0
6179,JNE3818-KR-XL,KURTA,XL,Orange,3.0
6180,JNE3818-KR-XS,KURTA,XS,Orange,16.0
6181,JNE3818-KR-XXL,KURTA,XXL,Orange,2.0
6182,JNE3818-KR-XXXL,KURTA,XXXL,Orange,4.0
6183,JNE3819-KR-L,KURTA,L,Blue,8.0
6184,JNE3819-KR-M,KURTA,M,Blue,7.0
6185,JNE3819-KR-S,KURTA,S,Blue,11.0
6186,JNE3819-KR-XL,KURTA,XL,Blue,2.0
6187,JNE3819-KR-XS,KURTA,XS,Blue,6.0
6188,JNE3819-KR-XXL,KURTA,XXL,Blue,9.0
6189,JNE3819-KR-XXXL,KURTA,XXXL,Blue,3.0
6190,JNE3820-KR-L,KURTA,L,Green,3.0
6191,JNE3820-KR-M,KURTA,M,Green,3.0
6192,JNE3820-KR-S,KURTA,S,Green,10.0
6193,JNE3820-KR-XL,KURTA,XL,Green,2.0
6194,JNE3820-KR-XS,KURTA,XS,Green,16.0
6195,JNE3820-KR-XXL,KURTA,XXL,Green,3.0
6196,JNE3820-KR-XXXL,KURTA,XXXL,Green,2.0
6197,JNE3821-KR-L,KURTA,L,Sea Green,4.0
6198,JNE3821-KR-M,KURTA,M,Sea Green,4.0
6199,JNE3821-KR-S,KURTA,S,Sea Green,4.0
6200,JNE3821-KR-XL,KURTA,XL,Sea Green,2.0
6201,JNE3821-KR-XS,KURTA,XS,Sea Green,7.0
6202,JNE3821-KR-XXL,KURTA,XXL,Sea Green,4.0
6203,JNE3821-KR-XXXL,KURTA,XXXL,Sea Green,4.0
6204,JNE3822-KR-L,KURTA,L,Blue,6.0
6205,JNE3822-KR-M,KURTA,M,Blue,6.0
6206,JNE3822-KR-S,KURTA,S,Blue,67.0
6207,JNE3822-KR-XL,KURTA,XL,Blue,18.0
6208,JNE3822-KR-XS,KURTA,XS,Blue,51.0
6209,JNE3822-KR-XXL,KURTA,XXL,Blue,7.0
6210,JNE3822-KR-XXXL,KURTA,XXXL,Blue,2.0
6211,JNE3823-KR-L,KURTA,L,Blue,4.0
6212,JNE3823-KR-M,KURTA,M,Blue,3.0
6213,JNE3823-KR-S,KURTA,S,Blue,6.0
6214,JNE3823-KR-XL,KURTA,XL,Blue,2.0
6215,JNE3823-KR-XS,KURTA,XS,Blue,9.0
6216,JNE3823-KR-XXL,KURTA,XXL,Blue,3.0
6217,JNE3823-KR-XXXL,KURTA,XXXL,Blue,2.0
6218,JNE3825-KR-L,KURTA,L,Yellow,2.0
6219,JNE3825-KR-M,KURTA,M,Yellow,4.0
6220,JNE3825-KR-S,KURTA,S,Yellow,6.0
6221,JNE3825-KR-XL,KURTA,XL,Yellow,0.0
6222,JNE3825-KR-XS,KURTA,XS,Yellow,10.0
6223,JNE3825-KR-XXL,KURTA,XXL,Yellow,2.0
6224,JNE3825-KR-XXXL,KURTA,XXXL,Yellow,1.0
6225,JNE3826-KR-L,KURTA,L,Black,19.0
6226,JNE3826-KR-M,KURTA,M,Black,14.0
6227,JNE3826-KR-S,KURTA,S,Black,22.0
6228,JNE3826-KR-XL,KURTA,XL,Black,14.0
6229,JNE3826-KR-XXL,KURTA,XXL,Black,21.0
6230,JNE3827-KR-L,KURTA,L,Peach,14.0
6231,JNE3827-KR-M,KURTA,M,Peach,12.0
6232,JNE3827-KR-S,KURTA,S,Peach,8.0
6233,JNE3827-KR-XL,KURTA,XL,Peach,20.0
6234,JNE3827-KR-XXL,KURTA,XXL,Peach,2.0
6235,JNE3828-KR-L,KURTA,L,Navy Blue,7.0
6236,JNE3828-KR-M,KURTA,M,Navy Blue,26.0
6237,JNE3828-KR-S,KURTA,S,Navy Blue,18.0
6238,JNE3828-KR-XL,KURTA,XL,Navy Blue,1.0
6239,JNE3828-KR-XXL,KURTA,XXL,Navy Blue,1.0
6240,JNE3829-KR-L,KURTA,L,Brown,20.0
6241,JNE3829-KR-M,KURTA,M,Brown,4.0
6242,JNE3829-KR-S,KURTA,S,Brown,5.0
6243,JNE3829-KR-XL,KURTA,XL,Brown,7.0
6244,JNE3829-KR-XXL,KURTA,XXL,Brown,3.0
6245,JNE3830-KR-L,KURTA,L,Peach,2.0
6246,JNE3830-KR-M,KURTA,M,Peach,1.0
6247,JNE3830-KR-S,KURTA,S,Peach,3.0
6248,JNE3830-KR-XL,KURTA,XL,Peach,3.0
6249,JNE3830-KR-XXL,KURTA,XXL,Peach,12.0
6250,JNE3831-KR-L,KURTA,L,Teal,1.0
6251,JNE3831-KR-M,KURTA,M,Teal,4.0
6252,JNE3831-KR-S,KURTA,S,Teal,9.0
6253,JNE3831-KR-XL,KURTA,XL,Teal,7.0
6254,JNE3831-KR-XXL,KURTA,XXL,Teal,3.0
6255,JNE3832-KR-L,KURTA,L,Green,14.0
6256,JNE3832-KR-M,KURTA,M,Green,42.0
6257,JNE3832-KR-S,KURTA,S,Green,34.0
6258,JNE3832-KR-XL,KURTA,XL,Green,7.0
6259,JNE3832-KR-XXL,KURTA,XXL,Green,9.0
6260,JNE3833-KR-L,KURTA,L,Blue,45.0
6261,JNE3833-KR-M,KURTA,M,Blue,42.0
6262,JNE3833-KR-S,KURTA,S,Blue,43.0
6263,JNE3833-KR-XL,KURTA,XL,Blue,42.0
6264,JNE3833-KR-XS,KURTA,XS,Blue,43.0
6265,JNE3833-KR-XXL,KURTA,XXL,Blue,46.0
6266,JNE3833-KR-XXXL,KURTA,XXXL,Blue,35.0
6267,JNE3834-KR-L,KURTA,L,Orange,49.0
6268,JNE3834-KR-M,KURTA,M,Orange,41.0
6269,JNE3834-KR-S,KURTA,S,Orange,54.0
6270,JNE3834-KR-XL,KURTA,XL,Orange,51.0
6271,JNE3834-KR-XS,KURTA,XS,Orange,42.0
6272,JNE3834-KR-XXL,KURTA,XXL,Orange,44.0
6273,JNE3834-KR-XXXL,KURTA,XXXL,Orange,10.0
6274,JNE3835-KR-L,KURTA,L,Black,35.0
6275,JNE3835-KR-M,KURTA,M,Black,46.0
6276,JNE3835-KR-S,KURTA,S,Black,37.0
6277,JNE3835-KR-XL,KURTA,XL,Black,25.0
6278,JNE3835-KR-XS,KURTA,XS,Black,44.0
6279,JNE3835-KR-XXL,KURTA,XXL,Black,55.0
6280,JNE3835-KR-XXXL,KURTA,XXXL,Black,42.0
6281,JNE3836-KR-L,KURTA,L,Sea Green,49.0
6282,JNE3836-KR-M,KURTA,M,Sea Green,47.0
6283,JNE3836-KR-S,KURTA,S,Sea Green,21.0
6284,JNE3836-KR-XL,KURTA,XL,Sea Green,47.0
6285,JNE3836-KR-XS,KURTA,XS,Sea Green,36.0
6286,JNE3836-KR-XXL,KURTA,XXL,Sea Green,25.0
6287,JNE3836-KR-XXXL,KURTA,XXXL,Sea Green,34.0
6288,JNE3837-KR-L,KURTA,L,Black,16.0
6289,JNE3837-KR-M,KURTA,M,Black,9.0
6290,JNE3837-KR-S,KURTA,S,Black,40.0
6291,JNE3837-KR-XL,KURTA,XL,Black,19.0
6292,JNE3837-KR-XS,KURTA,XS,Black,55.0
6293,JNE3837-KR-XXL,KURTA,XXL,Black,29.0
6294,JNE3837-KR-XXXL,KURTA,XXXL,Black,18.0
6295,JNE3838-KR-L,KURTA,L,Black,5.0
6296,JNE3838-KR-M,KURTA,M,Black,5.0
6297,JNE3838-KR-S,KURTA,S,Black,41.0
6298,JNE3838-KR-XL,KURTA,XL,Black,2.0
6299,JNE3838-KR-XS,KURTA,XS,Black,35.0
6300,JNE3838-KR-XXL,KURTA,XXL,Black,2.0
6301,JNE3838-KR-XXXL,KURTA,XXXL,Black,2.0
6302,JNE3839-KR-L,KURTA,L,Rust,27.0
6303,JNE3839-KR-M,KURTA,M,Rust,27.0
6304,JNE3839-KR-S,KURTA,S,Rust,65.0
6305,JNE3839-KR-XL,KURTA,XL,Rust,28.0
6306,JNE3839-KR-XXL,KURTA,XXL,Rust,32.0
6307,JNE3840-KR-L,KURTA,L,Wine,10.0
6308,JNE3840-KR-M,KURTA,M,Wine,6.0
6309,JNE3840-KR-S,KURTA,S,Wine,9.0
6310,JNE3840-KR-XL,KURTA,XL,Wine,10.0
6311,JNE3840-KR-XXL,KURTA,XXL,Wine,9.0
6312,JNE3841-KR-L,KURTA,L,Yellow,3.0
6313,JNE3841-KR-M,KURTA,M,Yellow,5.0
6314,JNE3841-KR-S,KURTA,S,Yellow,6.0
6315,JNE3841-KR-XL,KURTA,XL,Yellow,5.0
6316,JNE3841-KR-XXL,KURTA,XXL,Yellow,5.0
6317,JNE3842-KR-L,KURTA,L,Green,27.0
6318,JNE3842-KR-M,KURTA,M,Green,27.0
6319,JNE3842-KR-S,KURTA,S,Green,29.0
6320,JNE3842-KR-XL,KURTA,XL,Green,25.0
6321,JNE3842-KR-XXL,KURTA,XXL,Green,28.0
6322,JNE3843-KR-L,KURTA,L,Green,13.0
6323,JNE3843-KR-M,KURTA,M,Green,13.0
6324,JNE3843-KR-S,KURTA,S,Green,17.0
6325,JNE3843-KR-XL,KURTA,XL,Green,10.0
6326,JNE3843-KR-XXL,KURTA,XXL,Green,9.0
6327,JNE3844-KR-L,KURTA,L,Teal,5.0
6328,JNE3844-KR-M,KURTA,M,Teal,7.0
6329,JNE3844-KR-S,KURTA,S,Teal,12.0
6330,JNE3844-KR-XL,KURTA,XL,Teal,10.0
6331,JNE3844-KR-XXL,KURTA,XXL,Teal,7.0
6332,JNE3845-KR-L,KURTA,L,Pink,12.0
6333,JNE3845-KR-M,KURTA,M,Pink,9.0
6334,JNE3845-KR-S,KURTA,S,Pink,13.0
6335,JNE3845-KR-XL,KURTA,XL,Pink,14.0
6336,JNE3845-KR-XXL,KURTA,XXL,Pink,14.0
6337,JNE3846-KR-L,KURTA,L,Magenta,9.0
6338,JNE3846-KR-M,KURTA,M,Magenta,12.0
6339,JNE3846-KR-S,KURTA,S,Magenta,20.0
6340,JNE3846-KR-XL,KURTA,XL,Magenta,8.0
6341,JNE3846-KR-XXL,KURTA,XXL,Magenta,5.0
6342,JNE3847-KR-L,KURTA,L,Teal Green,2.0
6343,JNE3847-KR-M,KURTA,M,Teal Green,4.0
6344,JNE3847-KR-S,KURTA,S,Teal Green,6.0
6345,JNE3847-KR-XL,KURTA,XL,Teal Green,6.0
6346,JNE3847-KR-XXL,KURTA,XXL,Teal Green,5.0
6347,JNE3848-KR-L,KURTA,L,Black,6.0
6348,JNE3848-KR-M,KURTA,M,Black,9.0
6349,JNE3848-KR-S,KURTA,S,Black,9.0
6350,JNE3848-KR-XL,KURTA,XL,Black,17.0
6351,JNE3848-KR-XXL,KURTA,XXL,Black,13.0
6352,JNE3849-KR-L,KURTA,L,Navy Blue,3.0
6353,JNE3849-KR-M,KURTA,M,Navy Blue,8.0
6354,JNE3849-KR-S,KURTA,S,Navy Blue,15.0
6355,JNE3849-KR-XL,KURTA,XL,Navy Blue,5.0
6356,JNE3849-KR-XXL,KURTA,XXL,Navy Blue,2.0
6357,JNE3850-KR-L,KURTA,L,Green,16.0
6358,JNE3850-KR-M,KURTA,M,Green,17.0
6359,JNE3850-KR-S,KURTA,S,Green,3.0
6360,JNE3850-KR-XL,KURTA,XL,Green,1.0
6361,JNE3850-KR-XXL,KURTA,XXL,Green,6.0
6362,JNE3851-KR-L,KURTA,L,Green,7.0
6363,JNE3851-KR-M,KURTA,M,Green,24.0
6364,JNE3851-KR-S,KURTA,S,Green,35.0
6365,JNE3851-KR-XL,KURTA,XL,Green,6.0
6366,JNE3851-KR-XXL,KURTA,XXL,Green,3.0
6367,JNE3852-KR-L,KURTA,L,Wine,8.0
6368,JNE3852-KR-M,KURTA,M,Wine,30.0
6369,JNE3852-KR-S,KURTA,S,Wine,27.0
6370,JNE3852-KR-XXL,KURTA,XXL,Wine,33.0
6371,JNE3853-KR-L,KURTA,L,Magenta,8.0
6372,JNE3853-KR-M,KURTA,M,Magenta,14.0
6373,JNE3853-KR-S,KURTA,S,Magenta,30.0
6374,JNE3853-KR-XXL,KURTA,XXL,Magenta,6.0
6375,JNE3854-KR-L,KURTA,L,Olive Green,4.0
6376,JNE3854-KR-M,KURTA,M,Olive Green,14.0
6377,JNE3854-KR-S,KURTA,S,Olive Green,9.0
6378,JNE3854-KR-XL,KURTA,XL,Olive Green,16.0
6379,JNE3854-KR-XXL,KURTA,XXL,Olive Green,5.0
6380,JNE3855-KR-L,KURTA,L,Green,5.0
6381,JNE3855-KR-M,KURTA,M,Green,12.0
6382,JNE3855-KR-S,KURTA,S,Green,12.0
6383,JNE3855-KR-XL,KURTA,XL,Green,8.0
6384,JNE3855-KR-XXL,KURTA,XXL,Green,9.0
6385,JNE3856-KR-L,KURTA,L,Pink,27.0
6386,JNE3856-KR-M,KURTA,M,Pink,34.0
6387,JNE3856-KR-S,KURTA,S,Pink,24.0
6388,JNE3856-KR-XL,KURTA,XL,Pink,17.0
6389,JNE3856-KR-XS,KURTA,XS,Pink,21.0
6390,JNE3856-KR-XXL,KURTA,XXL,Pink,32.0
6391,JNE3856-KR-XXXL,KURTA,XXXL,Pink,16.0
6392,JNE3857-KR-L,KURTA,L,Maroon,6.0
6393,JNE3857-KR-M,KURTA,M,Maroon,2.0
6394,JNE3857-KR-S,KURTA,S,Maroon,1.0
6395,JNE3857-KR-XL,KURTA,XL,Maroon,8.0
6396,JNE3857-KR-XXL,KURTA,XXL,Maroon,5.0
6397,JNE3858-KR-L,KURTA,L,Olive Green,26.0
6398,JNE3858-KR-M,KURTA,M,Olive Green,2.0
6399,JNE3858-KR-S,KURTA,S,Olive Green,4.0
6400,JNE3858-KR-XL,KURTA,XL,Olive Green,26.0
6401,JNE3858-KR-XXL,KURTA,XXL,Olive Green,20.0
6402,JNE3859-KR-L,KURTA,L,Blue,4.0
6403,JNE3859-KR-M,KURTA,M,Blue,7.0
6404,JNE3859-KR-S,KURTA,S,Blue,11.0
6405,JNE3859-KR-XL,KURTA,XL,Blue,5.0
6406,JNE3859-KR-XXL,KURTA,XXL,Blue,6.0
6407,JNE3860-DR-L,DRESS,L,Blue,8.0
6408,JNE3860-DR-M,DRESS,M,Blue,13.0
6409,JNE3860-DR-S,DRESS,S,Blue,47.0
6410,JNE3860-DR-XL,DRESS,XL,Blue,6.0
6411,JNE3860-DR-XS,DRESS,XS,Blue,54.0
6412,JNE3860-DR-XXL,DRESS,XXL,Blue,15.0
6413,JNE3860-DR-XXXL,DRESS,XXXL,Blue,6.0
6414,JNE3861-DR-L,DRESS,L,Red,0.0
6415,JNE3861-DR-M,DRESS,M,Red,1.0
6416,JNE3861-DR-S,DRESS,S,Red,12.0
6417,JNE3861-DR-XL,DRESS,XL,Red,3.0
6418,JNE3861-DR-XS,DRESS,XS,Red,32.0
6419,JNE3861-DR-XXL,DRESS,XXL,Red,10.0
6420,JNE3861-DR-XXXL,DRESS,XXXL,Red,4.0
6421,JNE3862-TU-L,TUNIC,L,Maroon,3.0
6422,JNE3862-TU-M,TUNIC,M,Maroon,4.0
6423,JNE3862-TU-S,TUNIC,S,Maroon,12.0
6424,JNE3862-TU-XL,TUNIC,XL,Maroon,6.0
6425,JNE3862-TU-XS,TUNIC,XS,Maroon,25.0
6426,JNE3862-TU-XXL,TUNIC,XXL,Maroon,5.0
6427,JNE3862-TU-XXXL,TUNIC,XXXL,Maroon,3.0
6428,JNE3863-TU-L,TUNIC,L,Light Blue,4.0
6429,JNE3863-TU-M,TUNIC,M,Light Blue,3.0
6430,JNE3863-TU-S,TUNIC,S,Light Blue,19.0
6431,JNE3863-TU-XL,TUNIC,XL,Light Blue,2.0
6432,JNE3863-TU-XS,TUNIC,XS,Light Blue,42.0
6433,JNE3863-TU-XXL,TUNIC,XXL,Light Blue,3.0
6434,JNE3863-TU-XXXL,TUNIC,XXXL,Light Blue,1.0
6435,JNE3864-TU-L,TUNIC,L,Blue,6.0
6436,JNE3864-TU-M,TUNIC,M,Blue,5.0
6437,JNE3864-TU-S,TUNIC,S,Blue,42.0
6438,JNE3864-TU-XL,TUNIC,XL,Blue,2.0
6439,JNE3864-TU-XS,TUNIC,XS,Blue,59.0
6440,JNE3864-TU-XXL,TUNIC,XXL,Blue,5.0
6441,JNE3864-TU-XXXL,TUNIC,XXXL,Blue,3.0
6442,JNE3865-TP-L,TOP,L,White,3.0
6443,JNE3865-TP-M,TOP,M,White,2.0
6444,JNE3865-TP-S,TOP,S,White,6.0
6445,JNE3865-TP-XL,TOP,XL,White,3.0
6446,JNE3865-TP-XS,TOP,XS,White,13.0
6447,JNE3865-TP-XXL,TOP,XXL,White,4.0
6448,JNE3865-TP-XXXL,TOP,XXXL,White,1.0
6449,JNE3866-KR-L,KURTA,L,Black,58.0
6450,JNE3866-KR-M,KURTA,M,Black,59.0
6451,JNE3866-KR-S,KURTA,S,Black,85.0
6452,JNE3866-KR-XL,KURTA,XL,Black,66.0
6453,JNE3866-KR-XS,KURTA,XS,Black,76.0
6454,JNE3866-KR-XXL,KURTA,XXL,Black,75.0
6455,JNE3866-KR-XXXL,KURTA,XXXL,Black,64.0
6456,JNE3869-DR-L,DRESS,L,Pink,6.0
6457,JNE3869-DR-M,DRESS,M,Pink,3.0
6458,JNE3869-DR-S,DRESS,S,Pink,4.0
6459,JNE3869-DR-XL,DRESS,XL,Pink,3.0
6460,JNE3869-DR-XS,DRESS,XS,Pink,6.0
6461,JNE3869-DR-XXL,DRESS,XXL,Pink,2.0
6462,JNE3869-DR-XXXL,DRESS,XXXL,Pink,2.0
6463,JNE3870-DR-L,DRESS,L,Orange,2.0
6464,JNE3870-DR-M,DRESS,M,Orange,4.0
6465,JNE3870-DR-S,DRESS,S,Orange,3.0
6466,JNE3870-DR-XL,DRESS,XL,Orange,1.0
6467,JNE3870-DR-XS,DRESS,XS,Orange,6.0
6468,JNE3870-DR-XXL,DRESS,XXL,Orange,2.0
6469,JNE3870-DR-XXXL,DRESS,XXXL,Orange,5.0
6470,JNE3871-KR-L,KURTA,L,Yellow,95.0
6471,JNE3871-KR-M,KURTA,M,Yellow,92.0
6472,JNE3871-KR-S,KURTA,S,Yellow,103.0
6473,JNE3871-KR-XL,KURTA,XL,Yellow,96.0
6474,JNE3871-KR-XS,KURTA,XS,Yellow,78.0
6475,JNE3871-KR-XXL,KURTA,XXL,Yellow,97.0
6476,JNE3871-KR-XXXL,KURTA,XXXL,Yellow,76.0
6477,JNE3872-KR-L,KURTA,L,NAVY,89.0
6478,JNE3872-KR-M,KURTA,M,NAVY,91.0
6479,JNE3872-KR-S,KURTA,S,NAVY,88.0
6480,JNE3872-KR-XL,KURTA,XL,NAVY,86.0
6481,JNE3872-KR-XS,KURTA,XS,NAVY,80.0
6482,JNE3872-KR-XXL,KURTA,XXL,NAVY,92.0
6483,JNE3872-KR-XXXL,KURTA,XXXL,NAVY,74.0
6484,JNE3875-KR-L,KURTA,L,Green,90.0
6485,JNE3875-KR-M,KURTA,M,Green,84.0
6486,JNE3875-KR-S,KURTA,S,Green,89.0
6487,JNE3875-KR-XL,KURTA,XL,Green,95.0
6488,JNE3875-KR-XS,KURTA,XS,Green,66.0
6489,JNE3875-KR-XXL,KURTA,XXL,Green,95.0
6490,JNE3875-KR-XXXL,KURTA,XXXL,Green,59.0
6491,JNE3878-KR-L,KURTA,L,Wine,24.0
6492,JNE3878-KR-M,KURTA,M,Wine,55.0
6493,JNE3878-KR-S,KURTA,S,Wine,59.0
6494,JNE3878-KR-XL,KURTA,XL,Wine,16.0
6495,JNE3878-KR-XS,KURTA,XS,Wine,63.0
6496,JNE3878-KR-XXL,KURTA,XXL,Wine,27.0
6497,JNE3878-KR-XXXL,KURTA,XXXL,Wine,3.0
6498,JNE3879-DR-L,DRESS,L,Turquoise,16.0
6499,JNE3879-DR-M,DRESS,M,Turquoise,20.0
6500,JNE3879-DR-S,DRESS,S,Turquoise,45.0
6501,JNE3879-DR-XL,DRESS,XL,Turquoise,17.0
6502,JNE3879-DR-XS,DRESS,XS,Turquoise,46.0
6503,JNE3879-DR-XXL,DRESS,XXL,Turquoise,12.0
6504,JNE3879-DR-XXXL,DRESS,XXXL,Turquoise,5.0
6505,JNE3880-DR-L,DRESS,L,Peach,33.0
6506,JNE3880-DR-M,DRESS,M,Peach,36.0
6507,JNE3880-DR-S,DRESS,S,Peach,42.0
6508,JNE3880-DR-XL,DRESS,XL,Peach,32.0
6509,JNE3880-DR-XS,DRESS,XS,Peach,49.0
6510,JNE3880-DR-XXL,DRESS,XXL,Peach,34.0
6511,JNE3880-DR-XXXL,DRESS,XXXL,Peach,17.0
6512,JNE3881-DR-L,DRESS,L,Blue,2.0
6513,JNE3881-DR-M,DRESS,M,Blue,3.0
6514,JNE3881-DR-S,DRESS,S,Blue,2.0
6515,JNE3881-DR-XL,DRESS,XL,Blue,0.0
6516,JNE3881-DR-XS,DRESS,XS,Blue,6.0
6517,JNE3881-DR-XXL,DRESS,XXL,Blue,1.0
6518,JNE3881-DR-XXXL,DRESS,XXXL,Blue,1.0
6519,JNE3885-KR-L,KURTA,L,Cream,52.0
6520,JNE3885-KR-M,KURTA,M,Cream,61.0
6521,JNE3885-KR-S,KURTA,S,Cream,71.0
6522,JNE3885-KR-XL,KURTA,XL,Cream,41.0
6523,JNE3885-KR-XS,KURTA,XS,Cream,56.0
6524,JNE3885-KR-XXL,KURTA,XXL,Cream,60.0
6525,JNE3885-KR-XXXL,KURTA,XXXL,Cream,36.0
6526,JNE3886-KR-L,KURTA,L,Red,67.0
6527,JNE3886-KR-M,KURTA,M,Red,68.0
6528,JNE3886-KR-S,KURTA,S,Red,72.0
6529,JNE3886-KR-XL,KURTA,XL,Red,72.0
6530,JNE3886-KR-XS,KURTA,XS,Red,60.0
6531,JNE3886-KR-XXL,KURTA,XXL,Red,68.0
6532,JNE3886-KR-XXXL,KURTA,XXXL,Red,46.0
6533,JNE3887-KR-L,KURTA,L,White,17.0
6534,JNE3887-KR-M,KURTA,M,White,16.0
6535,JNE3887-KR-S,KURTA,S,White,56.0
6536,JNE3887-KR-XL,KURTA,XL,White,30.0
6537,JNE3887-KR-XS,KURTA,XS,White,39.0
6538,JNE3887-KR-XXL,KURTA,XXL,White,48.0
6539,JNE3887-KR-XXXL,KURTA,XXXL,White,29.0
6540,JNE3888-KR-L,KURTA,L,Multicolor,41.0
6541,JNE3888-KR-M,KURTA,M,Multicolor,35.0
6542,JNE3888-KR-S,KURTA,S,Multicolor,48.0
6543,JNE3888-KR-XL,KURTA,XL,Multicolor,28.0
6544,JNE3888-KR-XS,KURTA,XS,Multicolor,49.0
6545,JNE3888-KR-XXL,KURTA,XXL,Multicolor,39.0
6546,JNE3888-KR-XXXL,KURTA,XXXL,Multicolor,30.0
6547,JNE3889-KR-L,KURTA,L,Green,43.0
6548,JNE3889-KR-M,KURTA,M,Green,58.0
6549,JNE3889-KR-S,KURTA,S,Green,50.0
6550,JNE3889-KR-XL,KURTA,XL,Green,48.0
6551,JNE3889-KR-XS,KURTA,XS,Green,50.0
6552,JNE3889-KR-XXL,KURTA,XXL,Green,41.0
6553,JNE3889-KR-XXXL,KURTA,XXXL,Green,54.0
6554,JNE3890-TP-L,TOP,L,Cream,51.0
6555,JNE3890-TP-M,TOP,M,Cream,60.0
6556,JNE3890-TP-S,TOP,S,Cream,77.0
6557,JNE3890-TP-XL,TOP,XL,Cream,61.0
6558,JNE3890-TP-XS,TOP,XS,Cream,60.0
6559,JNE3890-TP-XXL,TOP,XXL,Cream,58.0
6560,JNE3890-TP-XXXL,TOP,XXXL,Cream,51.0
6561,JNE3891-TP-L,TOP,L,Light Green,57.0
6562,JNE3891-TP-M,TOP,M,Light Green,57.0
6563,JNE3891-TP-S,TOP,S,Light Green,68.0
6564,JNE3891-TP-XL,TOP,XL,Light Green,58.0
6565,JNE3891-TP-XS,TOP,XS,Light Green,69.0
6566,JNE3891-TP-XXL,TOP,XXL,Light Green,66.0
6567,JNE3891-TP-XXXL,TOP,XXXL,Light Green,64.0
6568,JNE3892-TP-L,TOP,L,Light Pink,40.0
6569,JNE3892-TP-M,TOP,M,Light Pink,43.0
6570,JNE3892-TP-S,TOP,S,Light Pink,68.0
6571,JNE3892-TP-XL,TOP,XL,Light Pink,32.0
6572,JNE3892-TP-XS,TOP,XS,Light Pink,70.0
6573,JNE3892-TP-XXL,TOP,XXL,Light Pink,46.0
6574,JNE3892-TP-XXXL,TOP,XXXL,Light Pink,42.0
6575,JNE3893-TP-L,TOP,L,Yellow,62.0
6576,JNE3893-TP-M,TOP,M,Yellow,56.0
6577,JNE3893-TP-S,TOP,S,Yellow,74.0
6578,JNE3893-TP-XL,TOP,XL,Yellow,55.0
6579,JNE3893-TP-XS,TOP,XS,Yellow,68.0
6580,JNE3893-TP-XXL,TOP,XXL,Yellow,58.0
6581,JNE3893-TP-XXXL,TOP,XXXL,Yellow,47.0
6582,JNE3894-TP-L,TOP,L,Blue,0.0
6583,JNE3894-TP-M,TOP,M,Blue,0.0
6584,JNE3894-TP-S,TOP,S,Blue,37.0
6585,JNE3894-TP-XL,TOP,XL,Blue,0.0
6586,JNE3894-TP-XS,TOP,XS,Blue,53.0
6587,JNE3894-TP-XXL,TOP,XXL,Blue,0.0
6588,JNE3894-TP-XXXL,TOP,XXXL,Blue,0.0
6589,JNE3895-TP-L,TOP,L,Beige,60.0
6590,JNE3895-TP-M,TOP,M,Beige,41.0
6591,JNE3895-TP-S,TOP,S,Beige,67.0
6592,JNE3895-TP-XL,TOP,XL,Beige,37.0
6593,JNE3895-TP-XS,TOP,XS,Beige,61.0
6594,JNE3895-TP-XXL,TOP,XXL,Beige,61.0
6595,JNE3895-TP-XXXL,TOP,XXXL,Beige,57.0
6596,JNE3896-KR-L,KURTA,L,Wine,5.0
6597,JNE3896-KR-M,KURTA,M,Wine,12.0
6598,JNE3896-KR-S,KURTA,S,Wine,14.0
6599,JNE3896-KR-XL,KURTA,XL,Wine,12.0
6600,JNE3896-KR-XS,KURTA,XS,Wine,9.0
6601,JNE3896-KR-XXL,KURTA,XXL,Wine,14.0
6602,JNE3896-KR-XXXL,KURTA,XXXL,Wine,7.0
6603,JNE3897-KR-L,KURTA,L,Rust,17.0
6604,JNE3897-KR-M,KURTA,M,Rust,33.0
6605,JNE3897-KR-S,KURTA,S,Rust,39.0
6606,JNE3897-KR-XL,KURTA,XL,Rust,28.0
6607,JNE3897-KR-XS,KURTA,XS,Rust,22.0
6608,JNE3897-KR-XXL,KURTA,XXL,Rust,30.0
6609,JNE3897-KR-XXXL,KURTA,XXXL,Rust,20.0
6610,JNE3898-KR-L,KURTA,L,Sea Green,17.0
6611,JNE3898-KR-M,KURTA,M,Sea Green,19.0
6612,JNE3898-KR-S,KURTA,S,Sea Green,38.0
6613,JNE3898-KR-XL,KURTA,XL,Sea Green,23.0
6614,JNE3898-KR-XS,KURTA,XS,Sea Green,23.0
6615,JNE3898-KR-XXL,KURTA,XXL,Sea Green,21.0
6616,JNE3898-KR-XXXL,KURTA,XXXL,Sea Green,24.0
6617,JNE3899-KR-L,KURTA,L,Yellow,12.0
6618,JNE3899-KR-M,KURTA,M,Yellow,24.0
6619,JNE3899-KR-S,KURTA,S,Yellow,22.0
6620,JNE3899-KR-XL,KURTA,XL,Yellow,22.0
6621,JNE3899-KR-XS,KURTA,XS,Yellow,22.0
6622,JNE3899-KR-XXL,KURTA,XXL,Yellow,17.0
6623,JNE3899-KR-XXXL,KURTA,XXXL,Yellow,12.0
6624,JNE3900-KR-L,KURTA,L,Teal,28.0
6625,JNE3900-KR-M,KURTA,M,Teal,21.0
6626,JNE3900-KR-S,KURTA,S,Teal,28.0
6627,JNE3900-KR-XL,KURTA,XL,Teal,20.0
6628,JNE3900-KR-XS,KURTA,XS,Teal,22.0
6629,JNE3900-KR-XXL,KURTA,XXL,Teal,23.0
6630,JNE3900-KR-XXXL,KURTA,XXXL,Teal,19.0
6631,JNE3901-KR-L,KURTI,L,Teal,71.0
6632,JNE3901-KR-M,KURTI,M,Teal,70.0
6633,JNE3901-KR-S,KURTI,S,Teal,71.0
6634,JNE3901-KR-XL,KURTI,XL,Teal,72.0
6635,JNE3901-KR-XS,KURTI,XS,Teal,58.0
6636,JNE3901-KR-XXL,KURTI,XXL,Teal,70.0
6637,JNE3901-KR-XXXL,KURTI,XXXL,Teal,58.0
6638,JNE3902-KR-L,KURTA,L,Pink,15.0
6639,JNE3902-KR-M,KURTA,M,Pink,17.0
6640,JNE3902-KR-S,KURTA,S,Pink,15.0
6641,JNE3902-KR-XL,KURTA,XL,Pink,19.0
6642,JNE3902-KR-XS,KURTA,XS,Pink,26.0
6643,JNE3902-KR-XXL,KURTA,XXL,Pink,11.0
6644,JNE3902-KR-XXXL,KURTA,XXXL,Pink,15.0
6645,JNE3903-KR-L,KURTI,L,Brown,39.0
6646,JNE3903-KR-M,KURTI,M,Brown,40.0
6647,JNE3903-KR-S,KURTI,S,Brown,41.0
6648,JNE3903-KR-XL,KURTI,XL,Brown,33.0
6649,JNE3903-KR-XS,KURTI,XS,Brown,35.0
6650,JNE3903-KR-XXL,KURTI,XXL,Brown,32.0
6651,JNE3903-KR-XXXL,KURTI,XXXL,Brown,30.0
6652,JNE3904-DR-L,DRESS,L,Light Pink,10.0
6653,JNE3904-DR-M,DRESS,M,Light Pink,7.0
6654,JNE3904-DR-S,DRESS,S,Light Pink,12.0
6655,JNE3904-DR-XL,DRESS,XL,Light Pink,5.0
6656,JNE3904-DR-XS,DRESS,XS,Light Pink,29.0
6657,JNE3904-DR-XXL,DRESS,XXL,Light Pink,12.0
6658,JNE3904-DR-XXXL,DRESS,XXXL,Light Pink,11.0
6659,JNE3905-DR-L,DRESS,L,OFF WHITE,4.0
6660,JNE3905-DR-M,DRESS,M,OFF WHITE,4.0
6661,JNE3905-DR-S,DRESS,S,OFF WHITE,5.0
6662,JNE3905-DR-XL,DRESS,XL,OFF WHITE,3.0
6663,JNE3905-DR-XS,DRESS,XS,OFF WHITE,12.0
6664,JNE3905-DR-XXL,DRESS,XXL,OFF WHITE,2.0
6665,JNE3905-DR-XXXL,DRESS,XXXL,OFF WHITE,4.0
6666,JNE3906-KR-L,KURTI,L,Navy Blue,66.0
6667,JNE3906-KR-M,KURTI,M,Navy Blue,68.0
6668,JNE3906-KR-S,KURTI,S,Navy Blue,72.0
6669,JNE3906-KR-XL,KURTI,XL,Navy Blue,71.0
6670,JNE3906-KR-XS,KURTI,XS,Navy Blue,58.0
6671,JNE3906-KR-XXL,KURTI,XXL,Navy Blue,70.0
6672,JNE3906-KR-XXXL,KURTI,XXXL,Navy Blue,56.0
6673,JNE3907-KR-L,KURTA,L,Navy Blue,69.0
6674,JNE3907-KR-M,KURTA,M,Navy Blue,69.0
6675,JNE3907-KR-S,KURTA,S,Navy Blue,67.0
6676,JNE3907-KR-XL,KURTA,XL,Navy Blue,71.0
6677,JNE3907-KR-XS,KURTA,XS,Navy Blue,57.0
6678,JNE3907-KR-XXL,KURTA,XXL,Navy Blue,70.0
6679,JNE3907-KR-XXXL,KURTA,XXXL,Navy Blue,56.0
6680,JNE3908-KR-L,KURTA,L,Navy Blue,54.0
6681,JNE3908-KR-M,KURTA,M,Navy Blue,64.0
6682,JNE3908-KR-S,KURTA,S,Navy Blue,67.0
6683,JNE3908-KR-XL,KURTA,XL,Navy Blue,47.0
6684,JNE3908-KR-XS,KURTA,XS,Navy Blue,38.0
6685,JNE3908-KR-XXL,KURTA,XXL,Navy Blue,69.0
6686,JNE3908-KR-XXXL,KURTA,XXXL,Navy Blue,41.0
6687,JNE3909-KR-L,KURTA,L,Dark Blue,66.0
6688,JNE3909-KR-M,KURTA,M,Dark Blue,62.0
6689,JNE3909-KR-S,KURTA,S,Dark Blue,63.0
6690,JNE3909-KR-XL,KURTA,XL,Dark Blue,61.0
6691,JNE3909-KR-XS,KURTA,XS,Dark Blue,58.0
6692,JNE3909-KR-XXL,KURTA,XXL,Dark Blue,69.0
6693,JNE3909-KR-XXXL,KURTA,XXXL,Dark Blue,57.0
6694,JNE3910-KR-L,KURTA,L,Navy Blue,59.0
6695,JNE3910-KR-M,KURTA,M,Navy Blue,66.0
6696,JNE3910-KR-S,KURTA,S,Navy Blue,52.0
6697,JNE3910-KR-XL,KURTA,XL,Navy Blue,68.0
6698,JNE3910-KR-XS,KURTA,XS,Navy Blue,51.0
6699,JNE3910-KR-XXL,KURTA,XXL,Navy Blue,70.0
6700,JNE3910-KR-XXXL,KURTA,XXXL,Navy Blue,55.0
6701,JNE3924-TU-L,TOP,L,MINT,32.0
6702,JNE3924-TU-M,TOP,M,MINT,35.0
6703,JNE3924-TU-S,TOP,S,MINT,41.0
6704,JNE3924-TU-XL,TOP,XL,MINT,32.0
6705,JNE3924-TU-XS,TOP,XS,MINT,34.0
6706,JNE3924-TU-XXL,TOP,XXL,MINT,34.0
6707,JNE3924-TU-XXXL,TOP,XXXL,MINT,27.0
6708,JNE3925-TU-L,TOP,L,Pink,47.0
6709,JNE3925-TU-M,TOP,M,Pink,46.0
6710,JNE3925-TU-S,TOP,S,Pink,54.0
6711,JNE3925-TU-XL,TOP,XL,Pink,49.0
6712,JNE3925-TU-XS,TOP,XS,Pink,41.0
6713,JNE3925-TU-XXL,TOP,XXL,Pink,48.0
6714,JNE3925-TU-XXXL,TOP,XXXL,Pink,35.0
6715,JNE3926-KR-L,KURTA,L,Beige,58.0
6716,JNE3926-KR-M,KURTA,M,Beige,61.0
6717,JNE3926-KR-S,KURTA,S,Beige,49.0
6718,JNE3926-KR-XL,KURTA,XL,Beige,51.0
6719,JNE3926-KR-XS,KURTA,XS,Beige,43.0
6720,JNE3926-KR-XXL,KURTA,XXL,Beige,51.0
6721,JNE3926-KR-XXXL,KURTA,XXXL,Beige,42.0
6722,JNE3927-KR-L,KURTI,L,Pink,60.0
6723,JNE3927-KR-M,KURTI,M,Pink,65.0
6724,JNE3927-KR-S,KURTI,S,Pink,68.0
6725,JNE3927-KR-XL,KURTI,XL,Pink,62.0
6726,JNE3927-KR-XS,KURTI,XS,Pink,52.0
6727,JNE3927-KR-XXL,KURTI,XXL,Pink,67.0
6728,JNE3927-KR-XXXL,KURTI,XXXL,Pink,50.0
6729,JNE3928-KR-L,KURTA,L,OFF WHITE,3.0
6730,JNE3928-KR-M,KURTA,M,OFF WHITE,4.0
6731,JNE3928-KR-S,KURTA,S,OFF WHITE,4.0
6732,JNE3928-KR-XL,KURTA,XL,OFF WHITE,5.0
6733,JNE3928-KR-XS,KURTA,XS,OFF WHITE,4.0
6734,JNE3928-KR-XXL,KURTA,XXL,OFF WHITE,5.0
6735,JNE3928-KR-XXXL,KURTA,XXXL,OFF WHITE,3.0
6736,AN208-MUSTARD-L,AN : LEGGINGS,L,Mustard,18.0
6737,AN208-MUSTARD-M,AN : LEGGINGS,M,Mustard,5.0
6738,AN208-MUSTARD-S,AN : LEGGINGS,S,Mustard,23.0
6739,AN208-MUSTARD-XL,AN : LEGGINGS,XL,Mustard,21.0
6740,AN208-MUSTARD-XXL,AN : LEGGINGS,XXL,Mustard,17.0
6741,MEN5001-KR-L,KURTA,L,Blue,42.0
6742,MEN5001-KR-M,KURTA,M,Blue,38.0
6743,MEN5001-KR-S,KURTA,S,Blue,11.0
6744,MEN5001-KR-XL,KURTA,XL,Blue,37.0
6745,MEN5001-KR-XXL,KURTA,XXL,Blue,4.0
6746,MEN5001-KR-XXXL,KURTA,XXXL,Blue,1.0
6747,MEN5002-KR-L,KURTA,L,Blue,12.0
6748,MEN5002-KR-M,KURTA,M,Blue,19.0
6749,MEN5002-KR-S,KURTA,S,Blue,6.0
6750,MEN5002-KR-XL,KURTA,XL,Blue,12.0
6751,MEN5002-KR-XXL,KURTA,XXL,Blue,4.0
6752,MEN5002-KR-XXXL,KURTA,XXXL,Blue,5.0
6753,MEN5003-KR-L,KURTA,L,Black,21.0
6754,MEN5003-KR-M,KURTA,M,Black,31.0
6755,MEN5003-KR-S,KURTA,S,Black,18.0
6756,MEN5003-KR-XL,KURTA,XL,Black,17.0
6757,MEN5003-KR-XXL,KURTA,XXL,Black,4.0
6758,MEN5003-KR-XXXL,KURTA,XXXL,Black,11.0
6759,MEN5004-KR-L,KURTA,L,Blue,5.0
6760,MEN5004-KR-M,KURTA,M,Blue,3.0
6761,MEN5004-KR-S,KURTA,S,Blue,9.0
6762,MEN5004-KR-XL,KURTA,XL,Blue,11.0
6763,MEN5004-KR-XXL,KURTA,XXL,Blue,3.0
6764,MEN5004-KR-XXXL,KURTA,XXXL,Blue,2.0
6765,MEN5005-KR-L,KURTA,L,Multicolor,4.0
6766,MEN5005-KR-M,KURTA,M,Multicolor,3.0
6767,MEN5005-KR-S,KURTA,S,Multicolor,2.0
6768,MEN5005-KR-XL,KURTA,XL,Multicolor,2.0
6769,MEN5005-KR-XXL,KURTA,XXL,Multicolor,6.0
6770,MEN5005-KR-XXXL,KURTA,XXXL,Multicolor,7.0
6771,MEN5006-KR-L,KURTA,L,Brown,20.0
6772,MEN5006-KR-M,KURTA,M,Brown,25.0
6773,MEN5006-KR-S,KURTA,S,Brown,26.0
6774,MEN5006-KR-XL,KURTA,XL,Brown,16.0
6775,MEN5006-KR-XXL,KURTA,XXL,Brown,26.0
6776,MEN5006-KR-XXXL,KURTA,XXXL,Brown,2.0
6777,MEN5007-KR-L,KURTA,L,Blue,30.0
6778,MEN5007-KR-M,KURTA,M,Blue,31.0
6779,MEN5007-KR-S,KURTA,S,Blue,4.0
6780,MEN5007-KR-XL,KURTA,XL,Blue,30.0
6781,MEN5007-KR-XXL,KURTA,XXL,Blue,24.0
6782,MEN5007-KR-XXXL,KURTA,XXXL,Blue,3.0
6783,MEN5008-KR-L,KURTA,L,Blue,11.0
6784,MEN5008-KR-M,KURTA,M,Blue,3.0
6785,MEN5008-KR-S,KURTA,S,Blue,5.0
6786,MEN5008-KR-XL,KURTA,XL,Blue,32.0
6787,MEN5008-KR-XXL,KURTA,XXL,Blue,5.0
6788,MEN5008-KR-XXXL,KURTA,XXXL,Blue,2.0
6789,MEN5009-KR-L,KURTA,L,Maroon,12.0
6790,MEN5009-KR-M,KURTA,M,Maroon,16.0
6791,MEN5009-KR-S,KURTA,S,Maroon,2.0
6792,MEN5009-KR-XL,KURTA,XL,Maroon,8.0
6793,MEN5009-KR-XXL,KURTA,XXL,Maroon,5.0
6794,MEN5009-KR-XXXL,KURTA,XXXL,Maroon,3.0
6795,MEN5010-KR-L,KURTA,L,Blue,2.0
6796,MEN5010-KR-M,KURTA,M,Blue,9.0
6797,MEN5010-KR-S,KURTA,S,Blue,8.0
6798,MEN5010-KR-XL,KURTA,XL,Blue,3.0
6799,MEN5010-KR-XXL,KURTA,XXL,Blue,5.0
6800,MEN5010-KR-XXXL,KURTA,XXXL,Blue,4.0
6801,MEN5011-KR-L,KURTA,L,Blue,7.0
6802,MEN5011-KR-M,KURTA,M,Blue,9.0
6803,MEN5011-KR-S,KURTA,S,Blue,4.0
6804,MEN5011-KR-XL,KURTA,XL,Blue,9.0
6805,MEN5011-KR-XXL,KURTA,XXL,Blue,4.0
6806,MEN5011-KR-XXXL,KURTA,XXXL,Blue,3.0
6807,MEN5012-KR-L,KURTA,L,Blue,58.0
6808,MEN5012-KR-M,KURTA,M,Blue,62.0
6809,MEN5012-KR-S,KURTA,S,Blue,21.0
6810,MEN5012-KR-XL,KURTA,XL,Blue,40.0
6811,MEN5012-KR-XXL,KURTA,XXL,Blue,2.0
6812,MEN5012-KR-XXXL,KURTA,XXXL,Blue,3.0
6813,MEN5013-KR-L,KURTA,L,Maroon,7.0
6814,MEN5013-KR-M,KURTA,M,Maroon,5.0
6815,MEN5013-KR-S,KURTA,S,Maroon,5.0
6816,MEN5013-KR-XL,KURTA,XL,Maroon,11.0
6817,MEN5013-KR-XXL,KURTA,XXL,Maroon,6.0
6818,MEN5013-KR-XXXL,KURTA,XXXL,Maroon,2.0
6819,MEN5014-KR-L,KURTA,L,Orange,26.0
6820,MEN5014-KR-M,KURTA,M,Orange,34.0
6821,MEN5014-KR-S,KURTA,S,Orange,28.0
6822,MEN5014-KR-XL,KURTA,XL,Orange,14.0
6823,MEN5014-KR-XXL,KURTA,XXL,Orange,8.0
6824,MEN5014-KR-XXXL,KURTA,XXXL,Orange,8.0
6825,MEN5015-KR-L,KURTA,L,Pink,11.0
6826,MEN5015-KR-M,KURTA,M,Pink,26.0
6827,MEN5015-KR-S,KURTA,S,Pink,34.0
6828,MEN5015-KR-XL,KURTA,XL,Pink,16.0
6829,MEN5015-KR-XXL,KURTA,XXL,Pink,4.0
6830,MEN5015-KR-XXXL,KURTA,XXXL,Pink,1.0
6831,MEN5016-KR-L,KURTA,L,Teal,1.0
6832,MEN5016-KR-M,KURTA,M,Teal,4.0
6833,MEN5016-KR-S,KURTA,S,Teal,7.0
6834,MEN5016-KR-XL,KURTA,XL,Teal,2.0
6835,MEN5016-KR-XXL,KURTA,XXL,Teal,3.0
6836,MEN5016-KR-XXXL,KURTA,XXXL,Teal,7.0
6837,MEN5017-KR-L,KURTA,L,Black,2.0
6838,MEN5017-KR-M,KURTA,M,Black,4.0
6839,MEN5017-KR-S,KURTA,S,Black,11.0
6840,MEN5017-KR-XL,KURTA,XL,Black,4.0
6841,MEN5017-KR-XXL,KURTA,XXL,Black,2.0
6842,MEN5017-KR-XXXL,KURTA,XXXL,Black,3.0
6843,MEN5018-KR-L,KURTA,L,Blue,12.0
6844,MEN5018-KR-M,KURTA,M,Blue,33.0
6845,MEN5018-KR-S,KURTA,S,Blue,23.0
6846,MEN5018-KR-XL,KURTA,XL,Blue,23.0
6847,MEN5018-KR-XXL,KURTA,XXL,Blue,32.0
6848,MEN5018-KR-XXXL,KURTA,XXXL,Blue,35.0
6849,MEN5019-KR-L,KURTA,L,Navy Blue,23.0
6850,MEN5019-KR-M,KURTA,M,Navy Blue,11.0
6851,MEN5019-KR-S,KURTA,S,Navy Blue,6.0
6852,MEN5019-KR-XL,KURTA,XL,Navy Blue,5.0
6853,MEN5019-KR-XXL,KURTA,XXL,Navy Blue,3.0
6854,MEN5019-KR-XXXL,KURTA,XXXL,Navy Blue,3.0
6855,MEN5020-KR-L,KURTA,L,Brown,3.0
6856,MEN5020-KR-M,KURTA,M,Brown,2.0
6857,MEN5020-KR-S,KURTA,S,Brown,6.0
6858,MEN5020-KR-XL,KURTA,XL,Brown,2.0
6859,MEN5020-KR-XXL,KURTA,XXL,Brown,2.0
6860,MEN5020-KR-XXXL,KURTA,XXXL,Brown,4.0
6861,MEN5021-KR-L,KURTA,L,Orange,7.0
6862,MEN5021-KR-M,KURTA,M,Orange,7.0
6863,MEN5021-KR-S,KURTA,S,Orange,8.0
6864,MEN5021-KR-XL,KURTA,XL,Orange,6.0
6865,MEN5021-KR-XXL,KURTA,XXL,Orange,7.0
6866,MEN5021-KR-XXXL,KURTA,XXXL,Orange,8.0
6867,MEN5022-KR-L,KURTA,L,Green,4.0
6868,MEN5022-KR-M,KURTA,M,Green,2.0
6869,MEN5022-KR-S,KURTA,S,Green,12.0
6870,MEN5022-KR-XL,KURTA,XL,Green,2.0
6871,MEN5022-KR-XXL,KURTA,XXL,Green,27.0
6872,MEN5022-KR-XXXL,KURTA,XXXL,Green,6.0
6873,MEN5023-KR-L,KURTA,L,Blue,2.0
6874,MEN5023-KR-M,KURTA,M,Blue,5.0
6875,MEN5023-KR-S,KURTA,S,Blue,8.0
6876,MEN5023-KR-XL,KURTA,XL,Blue,11.0
6877,MEN5023-KR-XXL,KURTA,XXL,Blue,3.0
6878,MEN5023-KR-XXXL,KURTA,XXXL,Blue,6.0
6879,MEN5024-KR-L,KURTA,L,Blue,11.0
6880,MEN5024-KR-M,KURTA,M,Blue,8.0
6881,MEN5024-KR-S,KURTA,S,Blue,10.0
6882,MEN5024-KR-XL,KURTA,XL,Blue,25.0
6883,MEN5024-KR-XXL,KURTA,XXL,Blue,31.0
6884,MEN5024-KR-XXXL,KURTA,XXXL,Blue,8.0
6885,MEN5025-KR-L,KURTA,L,Blue,4.0
6886,MEN5025-KR-M,KURTA,M,Blue,3.0
6887,MEN5025-KR-S,KURTA,S,Blue,10.0
6888,MEN5025-KR-XL,KURTA,XL,Blue,4.0
6889,MEN5025-KR-XXL,KURTA,XXL,Blue,4.0
6890,MEN5025-KR-XXXL,KURTA,XXXL,Blue,4.0
6891,MEN5026-KR-L,KURTA,L,Blue,5.0
6892,MEN5026-KR-M,KURTA,M,Blue,3.0
6893,MEN5026-KR-S,KURTA,S,Blue,9.0
6894,MEN5026-KR-XL,KURTA,XL,Blue,7.0
6895,MEN5026-KR-XXL,KURTA,XXL,Blue,12.0
6896,MEN5026-KR-XXXL,KURTA,XXXL,Blue,8.0
6897,MEN5027-KR-L,KURTA,L,Red,18.0
6898,MEN5027-KR-M,KURTA,M,Red,27.0
6899,MEN5027-KR-S,KURTA,S,Red,3.0
6900,MEN5027-KR-XL,KURTA,XL,Red,25.0
6901,MEN5027-KR-XXL,KURTA,XXL,Red,12.0
6902,MEN5027-KR-XXXL,KURTA,XXXL,Red,2.0
6903,MEN5028-KR-L,KURTA,L,Brown,19.0
6904,MEN5028-KR-M,KURTA,M,Brown,7.0
6905,MEN5028-KR-S,KURTA,S,Brown,15.0
6906,MEN5028-KR-XL,KURTA,XL,Brown,9.0
6907,MEN5028-KR-XXL,KURTA,XXL,Brown,15.0
6908,MEN5028-KR-XXXL,KURTA,XXXL,Brown,4.0
6909,MEN5029-KR-L,KURTA,L,Blue,24.0
6910,MEN5029-KR-M,KURTA,M,Blue,32.0
6911,MEN5029-KR-S,KURTA,S,Blue,9.0
6912,MEN5029-KR-XL,KURTA,XL,Blue,19.0
6913,MEN5029-KR-XXL,KURTA,XXL,Blue,16.0
6914,MEN5029-KR-XXXL,KURTA,XXXL,Blue,5.0
6915,MEN5030-KR-L,KURTA,L,Olive,3.0
6916,MEN5030-KR-M,KURTA,M,Olive,6.0
6917,MEN5030-KR-S,KURTA,S,Olive,30.0
6918,MEN5030-KR-XL,KURTA,XL,Olive,2.0
6919,MEN5030-KR-XXL,KURTA,XXL,Olive,3.0
6920,MEN5030-KR-XXXL,KURTA,XXXL,Olive,4.0
6921,MEN5031-KR-L,KURTA,L,Maroon,39.0
6922,MEN5031-KR-M,KURTA,M,Maroon,21.0
6923,MEN5031-KR-S,KURTA,S,Maroon,14.0
6924,MEN5031-KR-XL,KURTA,XL,Maroon,21.0
6925,MEN5031-KR-XXL,KURTA,XXL,Maroon,28.0
6926,MEN5031-KR-XXXL,KURTA,XXXL,Maroon,10.0
6927,MEN5032-KR-L,KURTA,L,Blue,4.0
6928,MEN5032-KR-M,KURTA,M,Blue,3.0
6929,MEN5032-KR-S,KURTA,S,Blue,8.0
6930,MEN5032-KR-XL,KURTA,XL,Blue,2.0
6931,MEN5032-KR-XXL,KURTA,XXL,Blue,15.0
6932,MEN5032-KR-XXXL,KURTA,XXXL,Blue,2.0
6933,NW001-TP-PJ-L,NIGHT WEAR,L,Light Pink,4.0
6934,NW001-TP-PJ-M,NIGHT WEAR,M,Light Pink,6.0
6935,NW001-TP-PJ-S,NIGHT WEAR,S,Light Pink,26.0
6936,NW001-TP-PJ-XL,NIGHT WEAR,XL,Light Pink,3.0
6937,NW001-TP-PJ-XS,NIGHT WEAR,XS,Light Pink,42.0
6938,NW001-TP-PJ-XXL,NIGHT WEAR,XXL,Light Pink,9.0
6939,NW001-TP-PJ-XXXL,NIGHT WEAR,XXXL,Light Pink,7.0
6940,NW002-TP-PJ-L,NIGHT WEAR,L,Turquoise Blue,36.0
6941,NW002-TP-PJ-M,NIGHT WEAR,M,Turquoise Blue,25.0
6942,NW002-TP-PJ-S,NIGHT WEAR,S,Turquoise Blue,39.0
6943,NW002-TP-PJ-XL,NIGHT WEAR,XL,Turquoise Blue,29.0
6944,NW002-TP-PJ-XS,NIGHT WEAR,XS,Turquoise Blue,19.0
6945,NW002-TP-PJ-XXL,NIGHT WEAR,XXL,Turquoise Blue,26.0
6946,NW002-TP-PJ-XXXL,NIGHT WEAR,XXXL,Turquoise Blue,53.0
6947,NW003-TP-PJ-L,NIGHT WEAR,L,Maroon,6.0
6948,NW003-TP-PJ-M,NIGHT WEAR,M,Maroon,15.0
6949,NW003-TP-PJ-S,NIGHT WEAR,S,Maroon,8.0
6950,NW003-TP-PJ-XL,NIGHT WEAR,XL,Maroon,12.0
6951,NW003-TP-PJ-XS,NIGHT WEAR,XS,Maroon,14.0
6952,NW003-TP-PJ-XXL,NIGHT WEAR,XXL,Maroon,26.0
6953,NW003-TP-PJ-XXXL,NIGHT WEAR,XXXL,Maroon,25.0
6954,NW004-TP-PJ-L,NIGHT WEAR,L,Navy Blue,40.0
6955,NW004-TP-PJ-M,NIGHT WEAR,M,Navy Blue,61.0
6956,NW004-TP-PJ-S,NIGHT WEAR,S,Navy Blue,56.0
6957,NW004-TP-PJ-XL,NIGHT WEAR,XL,Navy Blue,50.0
6958,NW004-TP-PJ-XS,NIGHT WEAR,XS,Navy Blue,72.0
6959,NW004-TP-PJ-XXL,NIGHT WEAR,XXL,Navy Blue,41.0
6960,NW004-TP-PJ-XXXL,NIGHT WEAR,XXXL,Navy Blue,12.0
6961,NW005-ST-PJ-L,NIGHT WEAR,L,White,3.0
6962,NW005-ST-PJ-M,NIGHT WEAR,M,White,6.0
6963,NW005-ST-PJ-S,NIGHT WEAR,S,White,31.0
6964,NW005-ST-PJ-XL,NIGHT WEAR,XL,White,11.0
6965,NW005-ST-PJ-XS,NIGHT WEAR,XS,White,5.0
6966,NW005-ST-PJ-XXL,NIGHT WEAR,XXL,White,9.0
6967,NW005-ST-PJ-XXXL,NIGHT WEAR,XXXL,White,10.0
6968,NW006-ST-SR-L,NIGHT WEAR,L,Beige,35.0
6969,NW006-ST-SR-M,NIGHT WEAR,M,Beige,27.0
6970,NW006-ST-SR-S,NIGHT WEAR,S,Beige,13.0
6971,NW006-ST-SR-XL,NIGHT WEAR,XL,Beige,31.0
6972,NW006-ST-SR-XS,NIGHT WEAR,XS,Beige,28.0
6973,NW006-ST-SR-XXL,NIGHT WEAR,XXL,Beige,26.0
6974,NW006-ST-SR-XXXL,NIGHT WEAR,XXXL,Beige,7.0
6975,NW007-ST-CP-L,NIGHT WEAR,L,White,23.0
6976,NW007-ST-CP-M,NIGHT WEAR,M,White,32.0
6977,NW007-ST-CP-S,NIGHT WEAR,S,White,37.0
6978,NW007-ST-CP-XL,NIGHT WEAR,XL,White,26.0
6979,NW007-ST-CP-XS,NIGHT WEAR,XS,White,24.0
6980,NW007-ST-CP-XXL,NIGHT WEAR,XXL,White,18.0
6981,NW007-ST-CP-XXXL,NIGHT WEAR,XXXL,White,8.0
6982,NW008-ST-CP-L,NIGHT WEAR,L,OFF WHITE,28.0
6983,NW008-ST-CP-M,NIGHT WEAR,M,OFF WHITE,51.0
6984,NW008-ST-CP-S,NIGHT WEAR,S,OFF WHITE,41.0
6985,NW008-ST-CP-XL,NIGHT WEAR,XL,OFF WHITE,58.0
6986,NW008-ST-CP-XS,NIGHT WEAR,XS,OFF WHITE,26.0
6987,NW008-ST-CP-XXL,NIGHT WEAR,XXL,OFF WHITE,43.0
6988,NW008-ST-CP-XXXL,NIGHT WEAR,XXXL,OFF WHITE,29.0
6989,NW009-ST-CP-L,NIGHT WEAR,L,Turquoise,11.0
6990,NW009-ST-CP-M,NIGHT WEAR,M,Turquoise,7.0
6991,NW009-ST-CP-S,NIGHT WEAR,S,Turquoise,18.0
6992,NW009-ST-CP-XL,NIGHT WEAR,XL,Turquoise,12.0
6993,NW009-ST-CP-XS,NIGHT WEAR,XS,Turquoise,16.0
6994,NW009-ST-CP-XXL,NIGHT WEAR,XXL,Turquoise,5.0
6995,NW009-ST-CP-XXXL,NIGHT WEAR,XXXL,Turquoise,2.0
6996,NW012-TP-PJ-L,NIGHT WEAR,L,Green,2.0
6997,NW012-TP-PJ-M,NIGHT WEAR,M,Green,5.0
6998,NW012-TP-PJ-S,NIGHT WEAR,S,Green,3.0
6999,NW012-TP-PJ-XL,NIGHT WEAR,XL,Green,4.0
7000,NW012-TP-PJ-XS,NIGHT WEAR,XS,Green,9.0
7001,NW012-TP-PJ-XXL,NIGHT WEAR,XXL,Green,4.0
7002,NW012-TP-PJ-XXXL,NIGHT WEAR,XXXL,Green,2.0
7003,NW013-ST-SR-L,NIGHT WEAR,L,Turquoise,11.0
7004,NW013-ST-SR-M,NIGHT WEAR,M,Turquoise,12.0
7005,NW013-ST-SR-S,NIGHT WEAR,S,Turquoise,13.0
7006,NW013-ST-SR-XL,NIGHT WEAR,XL,Turquoise,33.0
7007,NW013-ST-SR-XS,NIGHT WEAR,XS,Turquoise,6.0
7008,NW013-ST-SR-XXL,NIGHT WEAR,XXL,Turquoise,18.0
7009,NW013-ST-SR-XXXL,NIGHT WEAR,XXXL,Turquoise,2.0
7010,NW014-ST-SR-L,NIGHT WEAR,L,Blue,8.0
7011,NW014-ST-SR-M,NIGHT WEAR,M,Blue,44.0
7012,NW014-ST-SR-S,NIGHT WEAR,S,Blue,9.0
7013,NW014-ST-SR-XL,NIGHT WEAR,XL,Blue,22.0
7014,NW014-ST-SR-XS,NIGHT WEAR,XS,Blue,25.0
7015,NW014-ST-SR-XXL,NIGHT WEAR,XXL,Blue,26.0
7016,NW014-ST-SR-XXXL,NIGHT WEAR,XXXL,Blue,23.0
7017,NW015-TP-PJ-L,NIGHT WEAR,L,Grey,2.0
7018,NW015-TP-PJ-M,NIGHT WEAR,M,Grey,3.0
7019,NW015-TP-PJ-S,NIGHT WEAR,S,Grey,20.0
7020,NW015-TP-PJ-XL,NIGHT WEAR,XL,Grey,2.0
7021,NW015-TP-PJ-XS,NIGHT WEAR,XS,Grey,42.0
7022,NW015-TP-PJ-XXL,NIGHT WEAR,XXL,Grey,6.0
7023,NW015-TP-PJ-XXXL,NIGHT WEAR,XXXL,Grey,2.0
7024,NW016-ST-SR-L,NIGHT WEAR,L,White,8.0
7025,NW016-ST-SR-M,NIGHT WEAR,M,White,2.0
7026,NW016-ST-SR-S,NIGHT WEAR,S,White,4.0
7027,NW016-ST-SR-XL,NIGHT WEAR,XL,White,7.0
7028,NW016-ST-SR-XS,NIGHT WEAR,XS,White,5.0
7029,NW016-ST-SR-XXL,NIGHT WEAR,XXL,White,16.0
7030,NW016-ST-SR-XXXL,NIGHT WEAR,XXXL,White,25.0
7031,NW020-ST-SR-L,NIGHT WEAR,L,Peach,2.0
7032,NW020-ST-SR-M,NIGHT WEAR,M,Peach,2.0
7033,NW020-ST-SR-S,NIGHT WEAR,S,Peach,3.0
7034,NW020-ST-SR-XL,NIGHT WEAR,XL,Peach,6.0
7035,NW020-ST-SR-XS,NIGHT WEAR,XS,Peach,3.0
7036,NW020-ST-SR-XXL,NIGHT WEAR,XXL,Peach,9.0
7037,NW020-ST-SR-XXXL,NIGHT WEAR,XXXL,Peach,9.0
7038,NW022-TP-PJ-L,NIGHT WEAR,L,Blue,2.0
7039,NW022-TP-PJ-M,NIGHT WEAR,M,Blue,3.0
7040,NW022-TP-PJ-S,NIGHT WEAR,S,Blue,2.0
7041,NW022-TP-PJ-XL,NIGHT WEAR,XL,Blue,3.0
7042,NW022-TP-PJ-XS,NIGHT WEAR,XS,Blue,7.0
7043,NW022-TP-PJ-XXL,NIGHT WEAR,XXL,Blue,11.0
7044,NW022-TP-PJ-XXXL,NIGHT WEAR,XXXL,Blue,2.0
7045,NW023-ST-SR-L,NIGHT WEAR,L,Blue,32.0
7046,NW023-ST-SR-M,NIGHT WEAR,M,Blue,33.0
7047,NW023-ST-SR-S,NIGHT WEAR,S,Blue,36.0
7048,NW023-ST-SR-XL,NIGHT WEAR,XL,Blue,41.0
7049,NW023-ST-SR-XS,NIGHT WEAR,XS,Blue,45.0
7050,NW023-ST-SR-XXL,NIGHT WEAR,XXL,Blue,37.0
7051,NW023-ST-SR-XXXL,NIGHT WEAR,XXXL,Blue,29.0
7052,NW024-TP-PJ-L,NIGHT WEAR,L,Blue,2.0
7053,NW024-TP-PJ-M,NIGHT WEAR,M,Blue,1.0
7054,NW024-TP-PJ-S,NIGHT WEAR,S,Blue,8.0
7055,NW024-TP-PJ-XL,NIGHT WEAR,XL,Blue,3.0
7056,NW024-TP-PJ-XS,NIGHT WEAR,XS,Blue,29.0
7057,NW024-TP-PJ-XXL,NIGHT WEAR,XXL,Blue,4.0
7058,NW024-TP-PJ-XXXL,NIGHT WEAR,XXXL,Blue,2.0
7059,NW027-TP-PJ-L,NIGHT WEAR,L,Pink,2.0
7060,NW027-TP-PJ-M,NIGHT WEAR,M,Pink,3.0
7061,NW027-TP-PJ-S,NIGHT WEAR,S,Pink,3.0
7062,NW027-TP-PJ-XL,NIGHT WEAR,XL,Pink,2.0
7063,NW027-TP-PJ-XS,NIGHT WEAR,XS,Pink,7.0
7064,NW027-TP-PJ-XXL,NIGHT WEAR,XXL,Pink,10.0
7065,NW027-TP-PJ-XXXL,NIGHT WEAR,XXXL,Pink,2.0
7066,NW028-TP-PJ-L,NIGHT WEAR,L,Grey,1.0
7067,NW028-TP-PJ-M,NIGHT WEAR,M,Grey,9.0
7068,NW028-TP-PJ-S,NIGHT WEAR,S,Grey,23.0
7069,NW028-TP-PJ-XL,NIGHT WEAR,XL,Grey,5.0
7070,NW028-TP-PJ-XS,NIGHT WEAR,XS,Grey,30.0
7071,NW028-TP-PJ-XXL,NIGHT WEAR,XXL,Grey,4.0
7072,NW028-TP-PJ-XXXL,NIGHT WEAR,XXXL,Grey,2.0
7073,NW029-ST-SR-L,NIGHT WEAR,L,Grey,7.0
7074,NW029-ST-SR-M,NIGHT WEAR,M,Grey,1.0
7075,NW029-ST-SR-S,NIGHT WEAR,S,Grey,3.0
7076,NW029-ST-SR-XL,NIGHT WEAR,XL,Grey,24.0
7077,NW029-ST-SR-XS,NIGHT WEAR,XS,Grey,27.0
7078,NW029-ST-SR-XXL,NIGHT WEAR,XXL,Grey,26.0
7079,NW029-ST-SR-XXXL,NIGHT WEAR,XXXL,Grey,8.0
7080,NW030-TP-PJ-L,NIGHT WEAR,L,Light Pink,4.0
7081,NW030-TP-PJ-M,NIGHT WEAR,M,Light Pink,2.0
7082,NW030-TP-PJ-S,NIGHT WEAR,S,Light Pink,4.0
7083,NW030-TP-PJ-XL,NIGHT WEAR,XL,Light Pink,2.0
7084,NW030-TP-PJ-XS,NIGHT WEAR,XS,Light Pink,18.0
7085,NW030-TP-PJ-XXL,NIGHT WEAR,XXL,Light Pink,3.0
7086,NW030-TP-PJ-XXXL,NIGHT WEAR,XXXL,Light Pink,3.0
7087,NW031-TP-PJ-L,NIGHT WEAR,L,Cream,2.0
7088,NW031-TP-PJ-M,NIGHT WEAR,M,Cream,3.0
7089,NW031-TP-PJ-S,NIGHT WEAR,S,Cream,26.0
7090,NW031-TP-PJ-XL,NIGHT WEAR,XL,Cream,3.0
7091,NW031-TP-PJ-XS,NIGHT WEAR,XS,Cream,41.0
7092,NW031-TP-PJ-XXL,NIGHT WEAR,XXL,Cream,3.0
7093,NW031-TP-PJ-XXXL,NIGHT WEAR,XXXL,Cream,2.0
7094,NW032-ST-CP-L,NIGHT WEAR,L,White,19.0
7095,NW032-ST-CP-M,NIGHT WEAR,M,White,24.0
7096,NW032-ST-CP-S,NIGHT WEAR,S,White,21.0
7097,NW032-ST-CP-XL,NIGHT WEAR,XL,White,24.0
7098,NW032-ST-CP-XS,NIGHT WEAR,XS,White,17.0
7099,NW032-ST-CP-XXL,NIGHT WEAR,XXL,White,14.0
7100,NW032-ST-CP-XXXL,NIGHT WEAR,XXXL,White,7.0
7101,NW033-ST-CP-L,NIGHT WEAR,L,Yellow,30.0
7102,NW033-ST-CP-M,NIGHT WEAR,M,Yellow,25.0
7103,NW033-ST-CP-S,NIGHT WEAR,S,Yellow,30.0
7104,NW033-ST-CP-XL,NIGHT WEAR,XL,Yellow,22.0
7105,NW033-ST-CP-XS,NIGHT WEAR,XS,Yellow,19.0
7106,NW033-ST-CP-XXL,NIGHT WEAR,XXL,Yellow,22.0
7107,NW033-ST-CP-XXXL,NIGHT WEAR,XXXL,Yellow,19.0
7108,NW034-TP-PJ-L,NIGHT WEAR,L,Peach,2.0
7109,NW034-TP-PJ-M,NIGHT WEAR,M,Peach,2.0
7110,NW034-TP-PJ-S,NIGHT WEAR,S,Peach,3.0
7111,NW034-TP-PJ-XL,NIGHT WEAR,XL,Peach,2.0
7112,NW034-TP-PJ-XS,NIGHT WEAR,XS,Peach,7.0
7113,NW034-TP-PJ-XXL,NIGHT WEAR,XXL,Peach,6.0
7114,NW034-TP-PJ-XXXL,NIGHT WEAR,XXXL,Peach,3.0
7115,NW035-ST-CP-L,NIGHT WEAR,L,Grey,14.0
7116,NW035-ST-CP-M,NIGHT WEAR,M,Grey,6.0
7117,NW035-ST-CP-S,NIGHT WEAR,S,Grey,13.0
7118,NW035-ST-CP-XL,NIGHT WEAR,XL,Grey,18.0
7119,NW035-ST-CP-XS,NIGHT WEAR,XS,Grey,9.0
7120,NW035-ST-CP-XXL,NIGHT WEAR,XXL,Grey,20.0
7121,NW035-ST-CP-XXXL,NIGHT WEAR,XXXL,Grey,6.0
7122,NW036-ST-SR-L,NIGHT WEAR,L,White,24.0
7123,NW036-ST-SR-M,NIGHT WEAR,M,White,21.0
7124,NW036-ST-SR-S,NIGHT WEAR,S,White,11.0
7125,NW036-ST-SR-XL,NIGHT WEAR,XL,White,18.0
7126,NW036-ST-SR-XS,NIGHT WEAR,XS,White,19.0
7127,NW036-ST-SR-XXL,NIGHT WEAR,XXL,White,20.0
7128,NW036-ST-SR-XXXL,NIGHT WEAR,XXXL,White,13.0
7129,NW037-TP-SR-L,NIGHT WEAR,L,Pink,3.0
7130,NW037-TP-SR-M,NIGHT WEAR,M,Pink,7.0
7131,NW037-TP-SR-S,NIGHT WEAR,S,Pink,10.0
7132,NW037-TP-SR-XL,NIGHT WEAR,XL,Pink,9.0
7133,NW037-TP-SR-XS,NIGHT WEAR,XS,Pink,10.0
7134,NW037-TP-SR-XXL,NIGHT WEAR,XXL,Pink,9.0
7135,NW037-TP-SR-XXXL,NIGHT WEAR,XXXL,Pink,3.0
7136,NW038-ST-SR-L,NIGHT WEAR,L,Blue,2.0
7137,NW038-ST-SR-M,NIGHT WEAR,M,Blue,2.0
7138,NW038-ST-SR-S,NIGHT WEAR,S,Blue,2.0
7139,NW038-ST-SR-XL,NIGHT WEAR,XL,Blue,15.0
7140,NW038-ST-SR-XS,NIGHT WEAR,XS,Blue,3.0
7141,NW038-ST-SR-XXL,NIGHT WEAR,XXL,Blue,9.0
7142,NW038-ST-SR-XXXL,NIGHT WEAR,XXXL,Blue,6.0
7143,NW039-TP-SR-L,NIGHT WEAR,L,Yellow,7.0
7144,NW039-TP-SR-M,NIGHT WEAR,M,Yellow,8.0
7145,NW039-TP-SR-S,NIGHT WEAR,S,Yellow,4.0
7146,NW039-TP-SR-XL,NIGHT WEAR,XL,Yellow,6.0
7147,NW039-TP-SR-XS,NIGHT WEAR,XS,Yellow,7.0
7148,NW039-TP-SR-XXL,NIGHT WEAR,XXL,Yellow,9.0
7149,NW039-TP-SR-XXXL,NIGHT WEAR,XXXL,Yellow,2.0
7150,PJ0096-KR-4XL,KURTA,4XL,Blue,70.0
7151,PJ0096-KR-5XL,KURTA,5XL,Blue,90.0
7152,PJ0096-KR-6XL,KURTA,6XL,Blue,85.0
7153,PJNE1906-KR-4XL,KURTA,4XL,Black,8.0
7154,PJNE1906-KR-5XL,KURTA,5XL,Black,36.0
7155,PJNE1906-KR-6XL,KURTA,6XL,Black,55.0
7156,PJNE2014-KR-4XL,KURTA,4XL,Multicolor,30.0
7157,PJNE2014-KR-5XL,KURTA,5XL,Multicolor,57.0
7158,PJNE2014-KR-6XL,KURTA,6XL,Multicolor,87.0
7159,PJNE2100-KR-4XL,KURTA,4XL,Teal,70.0
7160,PJNE2100-KR-5XL,KURTA,5XL,Teal,47.0
7161,PJNE2100-KR-6XL,KURTA,6XL,Teal,104.0
7162,PJNE2171-KR-4XL,KURTA,4XL,White,38.0
7163,PJNE2171-KR-5XL,KURTA,5XL,White,43.0
7164,PJNE2171-KR-6XL,KURTA,6XL,White,61.0
7165,PJNE2199-KR-4XL,KURTA,4XL,Pink,53.0
7166,PJNE2199-KR-5XL,KURTA,5XL,Pink,54.0
7167,PJNE2199-KR-6XL,KURTA,6XL,Pink,11.0
7168,PJNE2270-KR-4XL,KURTA,4XL,Beige,24.0
7169,PJNE2270-KR-5XL,KURTA,5XL,Beige,6.0
7170,PJNE2270-KR-6XL,KURTA,6XL,Beige,3.0
7171,PJNE3068-KR-4XL,KURTA,4XL,Black,25.0
7172,PJNE3068-KR-5XL,KURTA,5XL,Black,31.0
7173,PJNE3068-KR-6XL,KURTA,6XL,Black,27.0
7174,PJNE3252-KR-4XL,KURTA,4XL,Pink,56.0
7175,PJNE3252-KR-5XL,KURTA,5XL,Pink,48.0
7176,PJNE3252-KR-6XL,KURTA,6XL,Pink,94.0
7177,PJNE3291-KR-4XL,KURTA,4XL,Green,22.0
7178,PJNE3291-KR-5XL,KURTA,5XL,Green,47.0
7179,PJNE3291-KR-6XL,KURTA,6XL,Green,24.0
7180,PJNE3363-KR-4XL,KURTA,4XL,Dark Blue,90.0
7181,PJNE3363-KR-5XL,KURTA,5XL,Dark Blue,164.0
7182,PJNE3363-KR-6XL,KURTA,6XL,Dark Blue,138.0
7183,PJNE3364-KR-4XL,KURTA,4XL,Green,9.0
7184,PJNE3364-KR-5XL,KURTA,5XL,Green,9.0
7185,PJNE3364-KR-6XL,KURTA,6XL,Green,8.0
7186,PJNE3368-KR-4XL,KURTA,4XL,Light Green,12.0
7187,PJNE3368-KR-5XL,KURTA,5XL,Light Green,6.0
7188,PJNE3368-KR-6XL,KURTA,6XL,Light Green,34.0
7189,PJNE3373-KR-4XL,KURTA,4XL,Black,8.0
7190,PJNE3373-KR-5XL,KURTA,5XL,Black,2.0
7191,PJNE3373-KR-6XL,KURTA,6XL,Black,17.0
7192,PJNE3399-KR-4XL,KURTA,4XL,Turquoise Blue,12.0
7193,PJNE3399-KR-5XL,KURTA,5XL,Turquoise Blue,19.0
7194,PJNE3399-KR-6XL,KURTA,6XL,Turquoise Blue,24.0
7195,PJNE3404-KR-4XL,KURTA,4XL,Mauve,23.0
7196,PJNE3404-KR-5XL,KURTA,5XL,Mauve,2.0
7197,PJNE3404-KR-6XL,KURTA,6XL,Mauve,3.0
7198,PJNE3405-KR-4XL,KURTA,4XL,Pink,100.0
7199,PJNE3405-KR-5XL,KURTA,5XL,Pink,158.0
7200,PJNE3405-KR-6XL,KURTA,6XL,Pink,149.0
7201,PJNE3421-KR-4XL,KURTA,4XL,Grey,64.0
7202,PJNE3421-KR-5XL,KURTA,5XL,Grey,41.0
7203,PJNE3421-KR-6XL,KURTA,6XL,Grey,14.0
7204,PJNE3423-KR-4XL,KURTA,4XL,Black,15.0
7205,PJNE3423-KR-5XL,KURTA,5XL,Black,43.0
7206,PJNE3423-KR-6XL,KURTA,6XL,Black,6.0
7207,PJNE3439-KR-4XL,KURTA,4XL,Navy Blue,27.0
7208,PJNE3439-KR-5XL,KURTA,5XL,Navy Blue,14.0
7209,PJNE3439-KR-6XL,KURTA,6XL,Navy Blue,19.0
7210,PJNE3440-KR-4XL,KURTA,4XL,White,47.0
7211,PJNE3440-KR-5XL,KURTA,5XL,White,21.0
7212,PJNE3440-KR-6XL,KURTA,6XL,White,4.0
7213,PJNE3445-KR-4XL,KURTA,4XL,White,41.0
7214,PJNE3445-KR-5XL,KURTA,5XL,White,14.0
7215,PJNE3445-KR-6XL,KURTA,6XL,White,10.0
7216,PJNE3567-KR-4XL,KURTA,4XL,Blue,42.0
7217,PJNE3567-KR-5XL,KURTA,5XL,Blue,32.0
7218,PJNE3567-KR-6XL,KURTA,6XL,Blue,46.0
7219,PJNE3568-KR-4XL,KURTA,4XL,Yellow,3.0
7220,PJNE3568-KR-5XL,KURTA,5XL,Yellow,7.0
7221,PJNE3568-KR-6XL,KURTA,6XL,Yellow,4.0
7222,PJNE3607-KR-4XL,KURTA,4XL,Maroon,7.0
7223,PJNE3607-KR-5XL,KURTA,5XL,Maroon,2.0
7224,PJNE3607-KR-6XL,KURTA,6XL,Maroon,21.0
7225,PSET043-KR-NP-4XL,SET,4XL,Teal,2.0
7226,PSET043-KR-NP-5XL,SET,5XL,Teal,0.0
7227,PSET043-KR-NP-6XL,SET,6XL,Teal,0.0
7228,PSET058-KR-NP-4XL,SET,4XL,Teal,2.0
7229,PSET058-KR-NP-5XL,SET,5XL,Teal,2.0
7230,PSET058-KR-NP-6XL,SET,6XL,Teal,0.0
7231,PSET264-KR-NP-4XL,SET,4XL,Gold,30.0
7232,PSET264-KR-NP-5XL,SET,5XL,Gold,39.0
7233,PSET264-KR-NP-6XL,SET,6XL,Gold,24.0
7234,,SET,XXXL,Gold,0.0
7235,PSET268-KR-NP-4XL,SET,4XL,OFF WHITE,45.0
7236,PSET268-KR-NP-5XL,SET,5XL,OFF WHITE,26.0
7237,PSET268-KR-NP-6XL,SET,6XL,OFF WHITE,37.0
7238,SAR023,SAREE,FREE,Green,5.0
7239,SAR024,SAREE,FREE,Gold,4.0
7240,SAR025,SAREE,FREE,Brown,1.0
7241,SAR026,SAREE,FREE,Peach,4.0
7242,SAR027,SAREE,FREE,Mauve,3.0
7243,SAR028,SAREE,FREE,Grey,19.0
7244,SAR029,SAREE,FREE,Brown,3.0
7245,SAR030,SAREE,FREE,Beige,10.0
7246,SAR031,SAREE,FREE,Green,0.0
7247,SAR032,SAREE,FREE,Mauve,2.0
7248,SAR033,SAREE,FREE,Sea Green,8.0
7249,SAR034,SAREE,FREE,Peach,0.0
7250,SAR035,SAREE,FREE,Pink,3.0
7251,SAR036,SAREE,FREE,Brown,8.0
7252,SAR037,SAREE,FREE,Mauve,3.0
7253,SAR038,SAREE,FREE,Green,4.0
7254,SAR039,SAREE,FREE,Grey,2.0
7255,SAR040,SAREE,FREE,Brown,3.0
7256,SAR041,SAREE,FREE,Black,6.0
7257,SAR042,SAREE,FREE,Cream,2.0
7258,SAR043,SAREE,FREE,Grey,29.0
7259,SAR044,SAREE,FREE,Pink,83.0
7260,SAR045,SAREE,FREE,Mustard,19.0
7261,SAR046,SAREE,FREE,Green,93.0
7262,SAR047,SAREE,FREE,Mustard,32.0
7263,SAR048,SAREE,FREE,Grey,30.0
7264,SAR049,SAREE,FREE,Teal,79.0
7265,SAR050,SAREE,FREE,Maroon,1.0
7266,SAR051,SAREE,FREE,Black,46.0
7267,SAR052,SAREE,FREE,Green,33.0
7268,SAR053,SAREE,FREE,Pink,37.0
7269,SAR054,SAREE,FREE,Red,42.0
7270,SAR055,SAREE,FREE,Maroon,2.0
7271,SAR056,SAREE,FREE,Beige,2.0
7272,SAR057,SAREE,FREE,Green,2.0
7273,SAR058,SAREE,FREE,Black,2.0
7274,SAR059,SAREE,FREE,Brown,26.0
7275,SAR060,SAREE,FREE,Green,40.0
7276,SAR061,SAREE,FREE,Red,25.0
7277,SAR062,SAREE,FREE,Black,18.0
7278,SAR063,SAREE,FREE,Maroon,0.0
7279,SAR064,SAREE,FREE,Grey,2.0
7280,SAR065,SAREE,FREE,Purple,0.0
7281,SAR066,SAREE,FREE,Teal,0.0
7282,SAR067,SAREE,FREE,Green,0.0
7283,SAR068,SAREE,FREE,Brown,5.0
7284,SAR069,SAREE,FREE,Pink,20.0
7285,SAR070,SAREE,FREE,Blue,30.0
7286,SAR071,SAREE,FREE,Green,6.0
7287,SAR072,SAREE,FREE,Black,2.0
7288,SAR073,SAREE,FREE,Green,2.0
7289,SAR074,SAREE,FREE,Brown,5.0
7290,SAR075,SAREE,FREE,Black,6.0
7291,SAR076,SAREE,FREE,Red,3.0
7292,SAR079,SAREE,FREE,Red,0.0
7293,SAR081,SAREE,FREE,Red,0.0
7294,SAR088,SAREE,FREE,Beige,0.0
7295,SAR090,SAREE,FREE,Blue,19.0
7296,SAR091,SAREE,FREE,Green,50.0
7297,SAR092,SAREE,FREE,Blue,14.0
7298,SAR093,SAREE,FREE,Red,4.0
7299,SAR094,SAREE,FREE,Red,9.0
7300,SAR095,SAREE,FREE,Blue,46.0
7301,SAR096,SAREE,FREE,Maroon,47.0
7302,SAR097,SAREE,FREE,Pink,52.0
7303,SAR098,SAREE,FREE,Blue,5.0
7304,SAR099,SAREE,FREE,Grey,5.0
7305,SAR100,SAREE,FREE,Pink,46.0
7306,SAR101,SAREE,FREE,Black,3.0
7307,SAR102,SAREE,FREE,Orange,4.0
7308,SAR103,SAREE,FREE,Maroon,10.0
7309,SAR104,SAREE,FREE,Blue,7.0
7310,SAR105,SAREE,FREE,Pink,7.0
7311,SAR107,SAREE,FREE,Green,4.0
7312,SAR108,SAREE,FREE,Pink,5.0
7313,SAR109,SAREE,FREE,Blue,7.0
7314,SAR110,SAREE,FREE,Green,7.0
7315,SAR111,SAREE,FREE,Green,19.0
7316,SAR112,SAREE,FREE,Beige,25.0
7317,SAR113,SAREE,FREE,Yellow,10.0
7318,SAR114,SAREE,FREE,Grey,13.0
7319,SAR116,SAREE,FREE,Teal,1.0
7320,SAR130,SAREE,FREE,Pink,62.0
7321,SAR131,SAREE,FREE,Red,6.0
7322,SAR132,SAREE,FREE,Pink,0.0
7323,SAR133,SAREE,FREE,Pink,4.0
7324,SAR134,SAREE,FREE,Yellow,14.0
7325,SAR135,SAREE,FREE,Green,7.0
7326,SAR136,SAREE,FREE,Navy Blue,6.0
7327,SAR137,SAREE,FREE,Purple,6.0
7328,SAR138,SAREE,FREE,Multicolor,1.0
7329,SAR139,SAREE,FREE,Black,2.0
7330,SAR140,SAREE,FREE,Blue,2.0
7331,SAR141,SAREE,FREE,Purple,6.0
7332,SAR142,SAREE,FREE,Multicolor,3.0
7333,SAR143,SAREE,FREE,Beige,6.0
7334,SAR144,SAREE,FREE,Beige,32.0
7335,SAR145,SAREE,FREE,Pink,32.0
7336,SAR146,SAREE,FREE,Green,30.0
7337,SAR147,SAREE,FREE,Rust,25.0
7338,SAR148,SAREE,FREE,Turquoise Blue,28.0
7339,SAR149,SAREE,FREE,Teal,31.0
7340,SAR150,SAREE,FREE,Sea Green,20.0
7341,SAR151,SAREE,FREE,Green,32.0
7342,SAR152,SAREE,FREE,Pink,16.0
7343,SAR153,SAREE,FREE,Blue,28.0
7344,SAR154,SAREE,FREE,Peach,23.0
7345,SAR155,SAREE,FREE,Orange,30.0
7346,SAR156,SAREE,FREE,Yellow,25.0
7347,SAR157,SAREE,FREE,Multicolor,32.0
7348,SAR158,SAREE,FREE,Peach,34.0
7349,SAR159,SAREE,FREE,Multicolor,31.0
7350,SAR160,SAREE,FREE,Black,40.0
7351,SAR161,SAREE,FREE,Purple,52.0
7352,SAR162,SAREE,FREE,Brown,33.0
7353,SAR163,SAREE,FREE,Green,25.0
7354,SAR164,SAREE,FREE,Teal,10.0
7355,SAR165,SAREE,FREE,Yellow,21.0
7356,SAR166,SAREE,FREE,Yellow,16.0
7357,SAR167,SAREE,FREE,Peach,0.0
7358,SAR168,SAREE,FREE,NO REFERENCE,16.0
7359,SAR169,SAREE,FREE,Peach,45.0
7360,SAR170,SAREE,FREE,Mauve,35.0
7361,SAR171,SAREE,FREE,Multicolor,37.0
7362,SAR172,SAREE,FREE,Pink,44.0
7363,SAR173,SAREE,FREE,Orange,8.0
7364,SAR174,SAREE,FREE,Green,7.0
7365,SAR175,SAREE,FREE,Teal,50.0
7366,SAR176,SAREE,FREE,Maroon,14.0
7367,SAR177,SAREE,FREE,Peach,55.0
7368,SAR178,SAREE,FREE,Pink,3.0
7369,SAR179,SAREE,FREE,Teal,10.0
7370,SAR180,SAREE,FREE,Brown,16.0
7371,SAR181,SAREE,FREE,Teal,7.0
7372,SAR182,SAREE,FREE,Black,4.0
7373,SAR183,SAREE,FREE,Green,18.0
7374,SAR184,SAREE,FREE,Blue,13.0
7375,SAR185,SAREE,FREE,Maroon,10.0
7376,SET004-KR-SP-L,KURTA SET,L,Grey,2.0
7377,SET004-KR-SP-M,KURTA SET,M,Grey,2.0
7378,SET004-KR-SP-S,KURTA SET,S,Grey,19.0
7379,SET004-KR-SP-XL,KURTA SET,XL,Grey,2.0
7380,SET004-KR-SP-XS,KURTA SET,XS,Grey,22.0
7381,SET004-KR-SP-XXL,KURTA SET,XXL,Grey,1.0
7382,SET004-KR-SP-XXXL,KURTA SET,XXXL,Grey,1.0
7383,SET007-KR-NP-S,SET,S,Multicolor,1.0
7384,SET007-KR-NP-XS,SET,XS,Multicolor,1.0
7385,SET007-KR-NP-XXL,SET,XXL,Multicolor,1.0
7386,SET014-KR-PP-L,KURTA SET,L,Navy Blue,2.0
7387,SET014-KR-PP-M,KURTA SET,M,Navy Blue,10.0
7388,SET014-KR-PP-S,KURTA SET,S,Navy Blue,22.0
7389,SET014-KR-PP-XL,KURTA SET,XL,Navy Blue,8.0
7390,SET014-KR-PP-XS,KURTA SET,XS,Navy Blue,41.0
7391,SET014-KR-PP-XXL,KURTA SET,XXL,Navy Blue,2.0
7392,SET014-KR-PP-XXXL,KURTA SET,XXXL,Navy Blue,3.0
7393,SET025-KR-SP-S,KURTA SET,S,Pink,1.0
7394,SET025-KR-SP-XS,KURTA SET,XS,Pink,1.0
7395,SET025-KR-SP-XXL,KURTA SET,XXL,Pink,0.0
7396,SET034-KR-NP-L,KURTA SET,L,Pink,0.0
7397,SET034-KR-NP-M,KURTA SET,M,Pink,2.0
7398,SET034-KR-NP-S,KURTA SET,S,Pink,3.0
7399,SET034-KR-NP-XL,KURTA SET,XL,Pink,1.0
7400,SET034-KR-NP-XS,KURTA SET,XS,Pink,5.0
7401,SET034-KR-NP-XXL,KURTA SET,XXL,Pink,1.0
7402,SET034-KR-NP-XXXL,KURTA SET,XXXL,Pink,1.0
7403,SET035-KR-SP-M,SET,M,Grey,1.0
7404,SET035-KR-SP-S,SET,S,Grey,4.0
7405,SET035-KR-SP-XL,SET,XL,Grey,1.0
7406,SET035-KR-SP-XXXL,SET,XXXL,Grey,0.0
7407,SET036-KR-NP-L,KURTA SET,L,Brown,1.0
7408,SET036-KR-NP-M,KURTA SET,M,Brown,0.0
7409,SET036-KR-NP-S,KURTA SET,S,Brown,0.0
7410,SET036-KR-NP-XL,KURTA SET,XL,Brown,0.0
7411,SET036-KR-NP-XS,KURTA SET,XS,Brown,0.0
7412,SET036-KR-NP-XXL,KURTA SET,XXL,Brown,1.0
7413,SET036-KR-NP-XXXL,KURTA SET,XXXL,Brown,0.0
7414,SET037-KR-NP-L,KURTA SET,L,Peach,11.0
7415,SET037-KR-NP-M,KURTA SET,M,Peach,8.0
7416,SET037-KR-NP-S,KURTA SET,S,Peach,11.0
7417,SET037-KR-NP-XL,KURTA SET,XL,Peach,5.0
7418,SET037-KR-NP-XS,KURTA SET,XS,Peach,10.0
7419,SET037-KR-NP-XXL,KURTA SET,XXL,Peach,7.0
7420,SET037-KR-NP-XXXL,KURTA SET,XXXL,Peach,4.0
7421,SET038-KR-PP-L,KURTA SET,L,Red,49.0
7422,SET038-KR-PP-M,KURTA SET,M,Red,15.0
7423,SET038-KR-PP-S,KURTA SET,S,Red,93.0
7424,SET038-KR-PP-XL,KURTA SET,XL,Red,5.0
7425,SET038-KR-PP-XS,KURTA SET,XS,Red,65.0
7426,SET038-KR-PP-XXL,KURTA SET,XXL,Red,37.0
7427,SET038-KR-PP-XXXL,KURTA SET,XXXL,Red,1.0
7428,SET043-KR-NP-L,KURTA SET,L,Turquoise Blue,58.0
7429,SET043-KR-NP-M,KURTA SET,M,Turquoise Blue,94.0
7430,SET043-KR-NP-S,KURTA SET,S,Turquoise Blue,232.0
7431,SET043-KR-NP-XL,KURTA SET,XL,Turquoise Blue,115.0
7432,SET043-KR-NP-XS,KURTA SET,XS,Turquoise Blue,141.0
7433,SET043-KR-NP-XXL,KURTA SET,XXL,Turquoise Blue,60.0
7434,SET043-KR-NP-XXXL,KURTA SET,XXXL,Turquoise Blue,18.0
7435,SET044-KR-NP-L,KURTA SET,L,Mustard,19.0
7436,SET044-KR-NP-M,KURTA SET,M,Mustard,8.0
7437,SET044-KR-NP-S,KURTA SET,S,Mustard,9.0
7438,SET044-KR-NP-XL,KURTA SET,XL,Mustard,1.0
7439,SET044-KR-NP-XS,KURTA SET,XS,Mustard,14.0
7440,SET044-KR-NP-XXL,KURTA SET,XXL,Mustard,2.0
7441,SET044-KR-NP-XXXL,KURTA SET,XXXL,Mustard,3.0
7442,SET048-KR-NP-L,KURTA SET,L,Dark Green,11.0
7443,SET048-KR-NP-M,KURTA SET,M,Dark Green,7.0
7444,SET048-KR-NP-S,KURTA SET,S,Dark Green,7.0
7445,SET048-KR-NP-XL,KURTA SET,XL,Dark Green,5.0
7446,SET048-KR-NP-XS,KURTA SET,XS,Dark Green,2.0
7447,SET048-KR-NP-XXL,KURTA SET,XXL,Dark Green,7.0
7448,SET048-KR-NP-XXXL,KURTA SET,XXXL,Dark Green,1.0
7449,SET051-KR-NP-L,KURTA SET,L,Yellow,0.0
7450,SET051-KR-NP-M,KURTA SET,M,Yellow,1.0
7451,SET051-KR-NP-S,KURTA SET,S,Yellow,0.0
7452,SET051-KR-NP-XS,KURTA SET,XS,Yellow,1.0
7453,SET051-KR-NP-XXL,KURTA SET,XXL,Yellow,1.0
7454,SET051-KR-NP-XXXL,KURTA SET,XXXL,Yellow,1.0
7455,SET053-KR-NP-L,KURTA SET,L,Black,1.0
7456,SET053-KR-NP-M,KURTA SET,M,Black,2.0
7457,SET053-KR-NP-S,KURTA SET,S,Black,13.0
7458,SET053-KR-NP-XL,KURTA SET,XL,Black,4.0
7459,SET053-KR-NP-XS,KURTA SET,XS,Black,8.0
7460,SET053-KR-NP-XXL,KURTA SET,XXL,Black,6.0
7461,SET053-KR-NP-XXXL,KURTA SET,XXXL,Black,2.0
7462,SET055-KR-NP-L,KURTA SET,L,Pink,11.0
7463,SET055-KR-NP-M,KURTA SET,M,Pink,9.0
7464,SET055-KR-NP-S,KURTA SET,S,Pink,5.0
7465,SET055-KR-NP-XL,KURTA SET,XL,Pink,68.0
7466,SET055-KR-NP-XS,KURTA SET,XS,Pink,15.0
7467,SET055-KR-NP-XXL,KURTA SET,XXL,Pink,98.0
7468,SET055-KR-NP-XXXL,KURTA SET,XXXL,Pink,69.0
7469,,KURTA SET,4XL,Teal,1.0
7470,SET058-KR-NP-L,KURTA SET,L,Teal,9.0
7471,SET058-KR-NP-M,KURTA SET,M,Teal,3.0
7472,SET058-KR-NP-S,KURTA SET,S,Teal,326.0
7473,SET058-KR-NP-XL,KURTA SET,XL,Teal,14.0
7474,SET058-KR-NP-XS,KURTA SET,XS,Teal,696.0
7475,SET058-KR-NP-XXL,KURTA SET,XXL,Teal,33.0
7476,SET058-KR-NP-XXXL,KURTA SET,XXXL,Teal,65.0
7477,SET062-KR-SP-L,KURTA SET,L,Black,0.0
7478,SET062-KR-SP-M,KURTA SET,M,Black,3.0
7479,SET062-KR-SP-S,KURTA SET,S,Black,3.0
7480,SET062-KR-SP-XL,KURTA SET,XL,Black,11.0
7481,SET062-KR-SP-XS,KURTA SET,XS,Black,1.0
7482,SET062-KR-SP-XXL,KURTA SET,XXL,Black,54.0
7483,SET062-KR-SP-XXXL,KURTA SET,XXXL,Black,2.0
7484,SET070-KR-NP-S,SET,S,Maroon,1.0
7485,SET070-KR-NP-XS,SET,XS,Maroon,3.0
7486,SET072-KR-SHA-L,KURTA SET,L,Brown,1.0
7487,SET072-KR-SHA-M,KURTA SET,M,Brown,0.0
7488,SET072-KR-SHA-S,KURTA SET,S,Brown,0.0
7489,SET072-KR-SHA-XL,KURTA SET,XL,Brown,0.0
7490,SET072-KR-SHA-XS,KURTA SET,XS,Brown,0.0
7491,SET072-KR-SHA-XXL,KURTA SET,XXL,Brown,0.0
7492,SET072-KR-SHA-XXXL,KURTA SET,XXXL,Brown,0.0
7493,SET073-KR-SHA-L,KURTA SET,L,Dark Green,113.0
7494,SET073-KR-SHA-M,KURTA SET,M,Dark Green,250.0
7495,SET073-KR-SHA-S,KURTA SET,S,Dark Green,249.0
7496,SET073-KR-SHA-XL,KURTA SET,XL,Dark Green,216.0
7497,SET073-KR-SHA-XS,KURTA SET,XS,Dark Green,289.0
7498,SET073-KR-SHA-XXL,KURTA SET,XXL,Dark Green,23.0
7499,SET073-KR-SHA-XXXL,KURTA SET,XXXL,Dark Green,136.0
7500,SET075-KR-DH-L,KURTA SET,L,Pink,0.0
7501,SET075-KR-DH-M,KURTA SET,M,Pink,2.0
7502,SET075-KR-DH-S,KURTA SET,S,Pink,5.0
7503,SET075-KR-DH-XL,KURTA SET,XL,Pink,1.0
7504,SET075-KR-DH-XS,KURTA SET,XS,Pink,2.0
7505,SET075-KR-DH-XXL,KURTA SET,XXL,Pink,0.0
7506,SET075-KR-DH-XXXL,KURTA SET,XXXL,Pink,1.0
7507,SET078-KR-NP-L,SET,L,Multicolor,0.0
7508,SET078-KR-NP-M,SET,M,Multicolor,0.0
7509,SET078-KR-NP-S,SET,S,Multicolor,3.0
7510,SET078-KR-NP-XS,SET,XS,Multicolor,1.0
7511,SET078-KR-NP-XXXL,SET,XXXL,Multicolor,0.0
7512,SET083-KR-PP-L,KURTA SET,L,Navy Blue,2.0
7513,SET083-KR-PP-M,KURTA SET,M,Navy Blue,0.0
7514,SET083-KR-PP-S,KURTA SET,S,Navy Blue,6.0
7515,SET083-KR-PP-XL,KURTA SET,XL,Navy Blue,1.0
7516,SET083-KR-PP-XS,KURTA SET,XS,Navy Blue,36.0
7517,SET083-KR-PP-XXL,KURTA SET,XXL,Navy Blue,2.0
7518,SET083-KR-PP-XXXL,KURTA SET,XXXL,Navy Blue,0.0
7519,SET085-KR-PT-L,KURTA SET,L,Sea Green,0.0
7520,SET085-KR-PT-M,KURTA SET,M,Sea Green,0.0
7521,SET085-KR-PT-S,KURTA SET,S,Sea Green,0.0
7522,SET085-KR-PT-XL,KURTA SET,XL,Sea Green,0.0
7523,SET085-KR-PT-XS,KURTA SET,XS,Sea Green,2.0
7524,SET085-KR-PT-XXL,KURTA SET,XXL,Sea Green,0.0
7525,SET085-KR-PT-XXXL,KURTA SET,XXXL,Sea Green,0.0
7526,SET087-KR-PP-L,KURTA SET,L,Grey,3.0
7527,SET087-KR-PP-M,KURTA SET,M,Grey,4.0
7528,SET087-KR-PP-S,KURTA SET,S,Grey,30.0
7529,SET087-KR-PP-XL,KURTA SET,XL,Grey,2.0
7530,SET087-KR-PP-XS,KURTA SET,XS,Grey,4.0
7531,SET087-KR-PP-XXL,KURTA SET,XXL,Grey,9.0
7532,SET087-KR-PP-XXXL,KURTA SET,XXXL,Grey,3.0
7533,SET091-KR-NP-L,SET,L,Beige,1.0
7534,SET091-KR-NP-M,SET,M,Beige,1.0
7535,SET091-KR-NP-S,SET,S,Beige,3.0
7536,SET091-KR-NP-XL,SET,XL,Beige,1.0
7537,SET091-KR-NP-XS,SET,XS,Beige,5.0
7538,SET091-KR-NP-XXL,SET,XXL,Beige,1.0
7539,SET091-KR-NP-XXXL,SET,XXXL,Beige,0.0
7540,SET094-KR-NP-L,KURTA SET,L,Turquoise Green,9.0
7541,SET094-KR-NP-M,KURTA SET,M,Turquoise Green,10.0
7542,SET094-KR-NP-S,KURTA SET,S,Turquoise Green,13.0
7543,SET094-KR-NP-XL,KURTA SET,XL,Turquoise Green,41.0
7544,SET094-KR-NP-XS,KURTA SET,XS,Turquoise Green,2.0
7545,SET094-KR-NP-XXL,KURTA SET,XXL,Turquoise Green,58.0
7546,SET094-KR-NP-XXXL,KURTA SET,XXXL,Turquoise Green,8.0
7547,SET097-KR-PP-L,KURTA SET,L,Mustard,13.0
7548,SET097-KR-PP-M,KURTA SET,M,Mustard,30.0
7549,SET097-KR-PP-S,KURTA SET,S,Mustard,17.0
7550,SET097-KR-PP-XL,KURTA SET,XL,Mustard,25.0
7551,SET097-KR-PP-XS,KURTA SET,XS,Mustard,57.0
7552,SET097-KR-PP-XXL,KURTA SET,XXL,Mustard,1.0
7553,SET097-KR-PP-XXXL,KURTA SET,XXXL,Mustard,6.0
7554,SET098-KR-PP-L,KURTA SET,L,Navy Blue,66.0
7555,SET098-KR-PP-M,KURTA SET,M,Navy Blue,163.0
7556,SET098-KR-PP-S,KURTA SET,S,Navy Blue,53.0
7557,SET098-KR-PP-XL,KURTA SET,XL,Navy Blue,50.0
7558,SET098-KR-PP-XS,KURTA SET,XS,Navy Blue,132.0
7559,SET098-KR-PP-XXL,KURTA SET,XXL,Navy Blue,16.0
7560,SET098-KR-PP-XXXL,KURTA SET,XXXL,Navy Blue,25.0
7561,SET100-KR-PP-L,KURTA SET,L,Light Green,3.0
7562,SET100-KR-PP-M,KURTA SET,M,Light Green,3.0
7563,SET100-KR-PP-S,KURTA SET,S,Light Green,22.0
7564,SET100-KR-PP-XL,KURTA SET,XL,Light Green,2.0
7565,SET100-KR-PP-XS,KURTA SET,XS,Light Green,40.0
7566,SET100-KR-PP-XXL,KURTA SET,XXL,Light Green,2.0
7567,SET100-KR-PP-XXXL,KURTA SET,XXXL,Light Green,0.0
7568,SET102-KR-PP-L,SET,L,Navy Blue,1.0
7569,SET102-KR-PP-S,SET,S,Navy Blue,0.0
7570,SET102-KR-PP-XL,SET,XL,Navy Blue,1.0
7571,SET102-KR-PP-XXL,SET,XXL,Navy Blue,2.0
7572,SET102-KR-PP-XXXL,SET,XXXL,Navy Blue,1.0
7573,SET110-KR-PP-L,KURTA SET,L,Black,5.0
7574,SET110-KR-PP-M,KURTA SET,M,Black,9.0
7575,SET110-KR-PP-S,KURTA SET,S,Black,37.0
7576,SET110-KR-PP-XL,KURTA SET,XL,Black,2.0
7577,SET110-KR-PP-XS,KURTA SET,XS,Black,47.0
7578,SET110-KR-PP-XXL,KURTA SET,XXL,Black,9.0
7579,SET110-KR-PP-XXXL,KURTA SET,XXXL,Black,44.0
7580,,,M,,0.0
7581,SET116-KR-NP-L,KURTA SET,L,Yellow,3.0
7582,SET116-KR-NP-M,KURTA SET,M,Yellow,0.0
7583,SET116-KR-NP-S,KURTA SET,S,Yellow,4.0
7584,SET116-KR-NP-XL,KURTA SET,XL,Yellow,3.0
7585,SET116-KR-NP-XS,KURTA SET,XS,Yellow,5.0
7586,SET116-KR-NP-XXL,KURTA SET,XXL,Yellow,5.0
7587,SET116-KR-NP-XXXL,KURTA SET,XXXL,Yellow,6.0
7588,SET117-KR-NP-XS,SET,XS,Blue,1.0
7589,SET121-KR-NP-L,SET,L,Blue,0.0
7590,SET121-KR-NP-M,SET,M,Blue,0.0
7591,SET121-KR-NP-S,SET,S,Blue,0.0
7592,SET121-KR-NP-XL,SET,XL,Blue,0.0
7593,SET121-KR-NP-XS,SET,XS,Blue,0.0
7594,SET121-KR-NP-XXL,SET,XXL,Blue,0.0
7595,SET121-KR-NP-XXXL,SET,XXXL,Blue,0.0
7596,SET128-KR-DH-L,SET,L,Beige,16.0
7597,SET128-KR-DH-M,SET,M,Beige,10.0
7598,SET128-KR-DH-S,SET,S,Beige,48.0
7599,SET128-KR-DH-XL,SET,XL,Beige,4.0
7600,SET128-KR-DH-XS,SET,XS,Beige,63.0
7601,SET128-KR-DH-XXL,SET,XXL,Beige,10.0
7602,SET128-KR-DH-XXXL,SET,XXXL,Beige,18.0
7603,SET130-KR-NP-L,KURTA SET,L,Magenta,3.0
7604,SET130-KR-NP-M,KURTA SET,M,Magenta,77.0
7605,SET130-KR-NP-S,KURTA SET,S,Magenta,43.0
7606,SET130-KR-NP-XL,KURTA SET,XL,Magenta,41.0
7607,SET130-KR-NP-XS,KURTA SET,XS,Magenta,46.0
7608,SET130-KR-NP-XXL,KURTA SET,XXL,Magenta,10.0
7609,SET130-KR-NP-XXXL,KURTA SET,XXXL,Magenta,7.0
7610,SET131-KR-NP-L,KURTA SET,L,Blue,5.0
7611,SET131-KR-NP-M,KURTA SET,M,Blue,4.0
7612,SET131-KR-NP-S,KURTA SET,S,Blue,10.0
7613,SET131-KR-NP-XL,KURTA SET,XL,Blue,12.0
7614,SET131-KR-NP-XS,KURTA SET,XS,Blue,114.0
7615,SET131-KR-NP-XXL,KURTA SET,XXL,Blue,5.0
7616,SET131-KR-NP-XXXL,KURTA SET,XXXL,Blue,10.0
7617,SET132-KR-NP-L,KURTA SET,L,Light Green,3.0
7618,SET132-KR-NP-M,KURTA SET,M,Light Green,8.0
7619,SET132-KR-NP-S,KURTA SET,S,Light Green,38.0
7620,SET132-KR-NP-XL,KURTA SET,XL,Light Green,4.0
7621,SET132-KR-NP-XS,KURTA SET,XS,Light Green,23.0
7622,SET132-KR-NP-XXL,KURTA SET,XXL,Light Green,10.0
7623,SET132-KR-NP-XXXL,KURTA SET,XXXL,Light Green,3.0
7624,SET135-KR-PP-L,SET,L,Navy Blue,2.0
7625,SET135-KR-PP-M,SET,M,Navy Blue,0.0
7626,SET135-KR-PP-XL,SET,XL,Navy Blue,1.0
7627,SET135-KR-PP-XS,SET,XS,Navy Blue,3.0
7628,SET135-KR-PP-XXXL,SET,XXXL,Navy Blue,3.0
7629,SET138-KR-PP-L,KURTA SET,L,Pink,1.0
7630,SET138-KR-PP-M,KURTA SET,M,Pink,2.0
7631,SET138-KR-PP-S,KURTA SET,S,Pink,4.0
7632,SET138-KR-PP-XL,KURTA SET,XL,Pink,2.0
7633,SET138-KR-PP-XS,KURTA SET,XS,Pink,6.0
7634,SET138-KR-PP-XXL,KURTA SET,XXL,Pink,3.0
7635,SET138-KR-PP-XXXL,KURTA SET,XXXL,Pink,2.0
7636,SET139-KR-PP-L,SET,L,Maroon,0.0
7637,SET139-KR-PP-M,SET,M,Maroon,1.0
7638,SET139-KR-PP-S,SET,S,Maroon,0.0
7639,SET139-KR-PP-XL,SET,XL,Maroon,0.0
7640,SET139-KR-PP-XS,SET,XS,Maroon,1.0
7641,SET139-KR-PP-XXL,SET,XXL,Maroon,0.0
7642,SET139-KR-PP-XXXL,SET,XXXL,Maroon,0.0
7643,SET143-KR-PP-L,SET,L,Red,0.0
7644,SET143-KR-PP-M,SET,M,Red,3.0
7645,SET143-KR-PP-S,SET,S,Red,2.0
7646,SET143-KR-PP-XL,SET,XL,Red,1.0
7647,SET143-KR-PP-XS,SET,XS,Red,2.0
7648,SET143-KR-PP-XXL,SET,XXL,Red,0.0
7649,SET143-KR-PP-XXXL,SET,XXXL,Red,0.0
7650,SET144-KR-NP-L,KURTA SET,L,Pink,51.0
7651,SET144-KR-NP-M,KURTA SET,M,Pink,51.0
7652,SET144-KR-NP-S,KURTA SET,S,Pink,61.0
7653,SET144-KR-NP-XL,KURTA SET,XL,Pink,48.0
7654,SET144-KR-NP-XS,KURTA SET,XS,Pink,19.0
7655,SET144-KR-NP-XXL,KURTA SET,XXL,Pink,23.0
7656,SET144-KR-NP-XXXL,KURTA SET,XXXL,Pink,33.0
7657,SET145-KR-NP-L,KURTA SET,L,Blue,4.0
7658,SET145-KR-NP-M,KURTA SET,M,Blue,3.0
7659,SET145-KR-NP-S,KURTA SET,S,Blue,5.0
7660,SET145-KR-NP-XL,KURTA SET,XL,Blue,5.0
7661,SET145-KR-NP-XS,KURTA SET,XS,Blue,7.0
7662,SET145-KR-NP-XXL,KURTA SET,XXL,Blue,3.0
7663,SET145-KR-NP-XXXL,KURTA SET,XXXL,Blue,3.0
7664,SET147-KR-NP-L,KURTA SET,L,Navy Blue,0.0
7665,SET147-KR-NP-M,KURTA SET,M,Navy Blue,1.0
7666,SET147-KR-NP-S,KURTA SET,S,Navy Blue,0.0
7667,SET147-KR-NP-XL,KURTA SET,XL,Navy Blue,1.0
7668,SET147-KR-NP-XS,KURTA SET,XS,Navy Blue,2.0
7669,SET147-KR-NP-XXL,KURTA SET,XXL,Navy Blue,0.0
7670,SET147-KR-NP-XXXL,KURTA SET,XXXL,Navy Blue,3.0
7671,SET152-KR-NP-L,SET,L,Orange,0.0
7672,SET152-KR-NP-M,SET,M,Orange,0.0
7673,SET152-KR-NP-S,SET,S,Orange,0.0
7674,SET152-KR-NP-XL,SET,XL,Orange,0.0
7675,SET152-KR-NP-XS,SET,XS,Orange,3.0
7676,SET152-KR-NP-XXL,SET,XXL,Orange,0.0
7677,SET152-KR-NP-XXXL,SET,XXXL,Orange,0.0
7678,SET153-KR-NP-L,SET,L,Black,0.0
7679,SET153-KR-NP-M,SET,M,Black,1.0
7680,SET153-KR-NP-S,SET,S,Black,0.0
7681,SET153-KR-NP-XL,SET,XL,Black,1.0
7682,SET153-KR-NP-XS,SET,XS,Black,3.0
7683,SET153-KR-NP-XXL,SET,XXL,Black,0.0
7684,SET153-KR-NP-XXXL,SET,XXXL,Black,0.0
7685,SET154-KR-NP-L,KURTA SET,L,Blue,20.0
7686,SET154-KR-NP-M,KURTA SET,M,Blue,38.0
7687,SET154-KR-NP-S,KURTA SET,S,Blue,16.0
7688,SET154-KR-NP-XL,KURTA SET,XL,Blue,19.0
7689,SET154-KR-NP-XS,KURTA SET,XS,Blue,22.0
7690,SET154-KR-NP-XXL,KURTA SET,XXL,Blue,3.0
7691,SET154-KR-NP-XXXL,KURTA SET,XXXL,Blue,4.0
7692,SET155-KR-PP-L,KURTA SET,L,Grey,0.0
7693,SET155-KR-PP-M,KURTA SET,M,Grey,1.0
7694,SET155-KR-PP-S,KURTA SET,S,Grey,1.0
7695,SET155-KR-PP-XL,KURTA SET,XL,Grey,1.0
7696,SET155-KR-PP-XS,KURTA SET,XS,Grey,2.0
7697,SET155-KR-PP-XXL,KURTA SET,XXL,Grey,0.0
7698,SET155-KR-PP-XXXL,KURTA SET,XXXL,Grey,0.0
7699,SET156-KR-NP-L,KURTA SET,L,Yellow,10.0
7700,SET156-KR-NP-M,KURTA SET,M,Yellow,9.0
7701,SET156-KR-NP-S,KURTA SET,S,Yellow,21.0
7702,SET156-KR-NP-XL,KURTA SET,XL,Yellow,14.0
7703,SET156-KR-NP-XS,KURTA SET,XS,Yellow,9.0
7704,SET156-KR-NP-XXL,KURTA SET,XXL,Yellow,25.0
7705,SET156-KR-NP-XXXL,KURTA SET,XXXL,Yellow,14.0
7706,SET158-KR-PP-L,KURTA SET,L,Mustard,28.0
7707,SET158-KR-PP-M,KURTA SET,M,Mustard,35.0
7708,SET158-KR-PP-S,KURTA SET,S,Mustard,52.0
7709,SET158-KR-PP-XL,KURTA SET,XL,Mustard,51.0
7710,SET158-KR-PP-XS,KURTA SET,XS,Mustard,49.0
7711,SET158-KR-PP-XXL,KURTA SET,XXL,Mustard,71.0
7712,SET158-KR-PP-XXXL,KURTA SET,XXXL,Mustard,21.0
7713,SET159-KR-NP-L,KURTA SET,L,Beige,1.0
7714,SET159-KR-NP-M,KURTA SET,M,Beige,1.0
7715,SET159-KR-NP-S,KURTA SET,S,Beige,0.0
7716,SET159-KR-NP-XL,KURTA SET,XL,Beige,1.0
7717,SET159-KR-NP-XS,KURTA SET,XS,Beige,0.0
7718,SET159-KR-NP-XXL,KURTA SET,XXL,Beige,0.0
7719,SET165-KR-PP-L,KURTA SET,L,Blue,4.0
7720,SET165-KR-PP-M,KURTA SET,M,Blue,1.0
7721,SET165-KR-PP-S,KURTA SET,S,Blue,1.0
7722,SET165-KR-PP-XL,KURTA SET,XL,Blue,4.0
7723,SET165-KR-PP-XS,KURTA SET,XS,Blue,8.0
7724,SET165-KR-PP-XXL,KURTA SET,XXL,Blue,7.0
7725,SET165-KR-PP-XXXL,KURTA SET,XXXL,Blue,0.0
7726,SET171-KR-NP-L,KURTA SET,L,Cream,6.0
7727,SET171-KR-NP-M,KURTA SET,M,Cream,2.0
7728,SET171-KR-NP-S,KURTA SET,S,Cream,5.0
7729,SET171-KR-NP-XL,KURTA SET,XL,Cream,4.0
7730,SET171-KR-NP-XS,KURTA SET,XS,Cream,52.0
7731,SET171-KR-NP-XXL,KURTA SET,XXL,Cream,1.0
7732,SET171-KR-NP-XXXL,KURTA SET,XXXL,Cream,9.0
7733,SET172-KR-PP-L,KURTA SET,L,Multicolor,51.0
7734,SET172-KR-PP-M,KURTA SET,M,Multicolor,59.0
7735,SET172-KR-PP-S,KURTA SET,S,Multicolor,22.0
7736,SET172-KR-PP-XL,KURTA SET,XL,Multicolor,9.0
7737,SET172-KR-PP-XS,KURTA SET,XS,Multicolor,28.0
7738,SET172-KR-PP-XXL,KURTA SET,XXL,Multicolor,65.0
7739,SET172-KR-PP-XXXL,KURTA SET,XXXL,Multicolor,104.0
7740,SET179-KR-PP-L,KURTA SET,L,White,0.0
7741,SET179-KR-PP-M,KURTA SET,M,White,1.0
7742,SET179-KR-PP-S,KURTA SET,S,White,0.0
7743,SET179-KR-PP-XL,KURTA SET,XL,White,0.0
7744,SET179-KR-PP-XS,KURTA SET,XS,White,6.0
7745,SET179-KR-PP-XXL,KURTA SET,XXL,White,1.0
7746,SET179-KR-PP-XXXL,KURTA SET,XXXL,White,3.0
7747,SET182-KR-DH-L,KURTA SET,L,Black,18.0
7748,SET182-KR-DH-M,KURTA SET,M,Black,4.0
7749,SET182-KR-DH-S,KURTA SET,S,Black,6.0
7750,SET182-KR-DH-XL,KURTA SET,XL,Black,44.0
7751,SET182-KR-DH-XS,KURTA SET,XS,Black,109.0
7752,SET182-KR-DH-XXL,KURTA SET,XXL,Black,2.0
7753,SET182-KR-DH-XXXL,KURTA SET,XXXL,Black,4.0
7754,SET183-KR-DH-L,KURTA SET,L,Olive Green,123.0
7755,SET183-KR-DH-M,KURTA SET,M,Olive Green,73.0
7756,SET183-KR-DH-S,KURTA SET,S,Olive Green,293.0
7757,SET183-KR-DH-XL,KURTA SET,XL,Olive Green,116.0
7758,SET183-KR-DH-XS,KURTA SET,XS,Olive Green,45.0
7759,SET183-KR-DH-XXL,KURTA SET,XXL,Olive Green,52.0
7760,SET183-KR-DH-XXXL,KURTA SET,XXXL,Olive Green,26.0
7761,SET184-KR-PP-L,KURTA SET,L,Teal,11.0
7762,SET184-KR-PP-M,KURTA SET,M,Teal,6.0
7763,SET184-KR-PP-S,KURTA SET,S,Teal,10.0
7764,SET184-KR-PP-XL,KURTA SET,XL,Teal,11.0
7765,SET184-KR-PP-XS,KURTA SET,XS,Teal,10.0
7766,SET184-KR-PP-XXL,KURTA SET,XXL,Teal,2.0
7767,SET184-KR-PP-XXXL,KURTA SET,XXXL,Teal,4.0
7768,SET185-KR-NP-L,KURTA SET,L,Mustard,39.0
7769,SET185-KR-NP-M,KURTA SET,M,Mustard,31.0
7770,SET185-KR-NP-S,KURTA SET,S,Mustard,39.0
7771,SET185-KR-NP-XL,KURTA SET,XL,Mustard,42.0
7772,SET185-KR-NP-XS,KURTA SET,XS,Mustard,26.0
7773,SET185-KR-NP-XXL,KURTA SET,XXL,Mustard,38.0
7774,SET185-KR-NP-XXXL,KURTA SET,XXXL,Mustard,7.0
7775,SET186-KR-DH-L,KURTA SET,L,Navy Blue,13.0
7776,SET186-KR-DH-M,KURTA SET,M,Navy Blue,94.0
7777,SET186-KR-DH-S,KURTA SET,S,Navy Blue,38.0
7778,SET186-KR-DH-XL,KURTA SET,XL,Navy Blue,38.0
7779,SET186-KR-DH-XS,KURTA SET,XS,Navy Blue,108.0
7780,SET186-KR-DH-XXL,KURTA SET,XXL,Navy Blue,1.0
7781,SET186-KR-DH-XXXL,KURTA SET,XXXL,Navy Blue,0.0
7782,SET187-KR-DH-L,KURTA SET,L,Peach,113.0
7783,SET187-KR-DH-M,KURTA SET,M,Peach,318.0
7784,SET187-KR-DH-S,KURTA SET,S,Peach,136.0
7785,SET187-KR-DH-XL,KURTA SET,XL,Peach,71.0
7786,SET187-KR-DH-XS,KURTA SET,XS,Peach,102.0
7787,SET187-KR-DH-XXL,KURTA SET,XXL,Peach,63.0
7788,SET187-KR-DH-XXXL,KURTA SET,XXXL,Peach,52.0
7789,SET188-KR-NP-L,KURTA SET,L,Pink,30.0
7790,SET188-KR-NP-M,KURTA SET,M,Pink,85.0
7791,SET188-KR-NP-S,KURTA SET,S,Pink,31.0
7792,SET188-KR-NP-XL,KURTA SET,XL,Pink,10.0
7793,SET188-KR-NP-XS,KURTA SET,XS,Pink,106.0
7794,SET188-KR-NP-XXL,KURTA SET,XXL,Pink,13.0
7795,SET188-KR-NP-XXXL,KURTA SET,XXXL,Pink,58.0
7796,SET191-KR-PP-L,KURTA SET,L,Navy Blue,1.0
7797,SET191-KR-PP-M,KURTA SET,M,Navy Blue,2.0
7798,SET191-KR-PP-S,KURTA SET,S,Navy Blue,3.0
7799,SET191-KR-PP-XL,KURTA SET,XL,Navy Blue,3.0
7800,SET191-KR-PP-XS,KURTA SET,XS,Navy Blue,35.0
7801,SET191-KR-PP-XXL,KURTA SET,XXL,Navy Blue,2.0
7802,SET191-KR-PP-XXXL,KURTA SET,XXXL,Navy Blue,1.0
7803,SET192-KR-NP-L,KURTA SET,L,Teal,3.0
7804,SET192-KR-NP-M,KURTA SET,M,Teal,6.0
7805,SET192-KR-NP-S,KURTA SET,S,Teal,18.0
7806,SET192-KR-NP-XL,KURTA SET,XL,Teal,4.0
7807,SET192-KR-NP-XS,KURTA SET,XS,Teal,25.0
7808,SET192-KR-NP-XXL,KURTA SET,XXL,Teal,7.0
7809,SET192-KR-NP-XXXL,KURTA SET,XXXL,Teal,8.0
7810,SET193-KR-NP-L,KURTA SET,L,Pink,1.0
7811,SET193-KR-NP-M,KURTA SET,M,Pink,4.0
7812,SET193-KR-NP-S,KURTA SET,S,Pink,29.0
7813,SET193-KR-NP-XL,KURTA SET,XL,Pink,11.0
7814,SET193-KR-NP-XS,KURTA SET,XS,Pink,10.0
7815,SET193-KR-NP-XXL,KURTA SET,XXL,Pink,32.0
7816,SET193-KR-NP-XXXL,KURTA SET,XXXL,Pink,42.0
7817,SET194-KR-NP-L,KURTA SET,L,Mustard,84.0
7818,SET194-KR-NP-M,KURTA SET,M,Mustard,96.0
7819,SET194-KR-NP-S,KURTA SET,S,Mustard,53.0
7820,SET194-KR-NP-XL,KURTA SET,XL,Mustard,27.0
7821,SET194-KR-NP-XS,KURTA SET,XS,Mustard,114.0
7822,SET194-KR-NP-XXL,KURTA SET,XXL,Mustard,167.0
7823,SET194-KR-NP-XXXL,KURTA SET,XXXL,Mustard,82.0
7824,SET195-KR-NP-L,KURTA SET,L,Beige,8.0
7825,SET195-KR-NP-M,KURTA SET,M,Beige,3.0
7826,SET195-KR-NP-S,KURTA SET,S,Beige,6.0
7827,SET195-KR-NP-XL,KURTA SET,XL,Beige,4.0
7828,SET195-KR-NP-XS,KURTA SET,XS,Beige,19.0
7829,SET195-KR-NP-XXL,KURTA SET,XXL,Beige,7.0
7830,SET195-KR-NP-XXXL,KURTA SET,XXXL,Beige,16.0
7831,SET196-KR-NP-L,KURTA SET,L,Red,51.0
7832,SET196-KR-NP-M,KURTA SET,M,Red,85.0
7833,SET196-KR-NP-S,KURTA SET,S,Red,81.0
7834,SET196-KR-NP-XL,KURTA SET,XL,Red,40.0
7835,SET196-KR-NP-XS,KURTA SET,XS,Red,67.0
7836,SET196-KR-NP-XXL,KURTA SET,XXL,Red,26.0
7837,SET196-KR-NP-XXXL,KURTA SET,XXXL,Red,22.0
7838,SET197-KR-NP-L,KURTA SET,L,Mustard,358.0
7839,SET197-KR-NP-M,KURTA SET,M,Mustard,11.0
7840,SET197-KR-NP-S,KURTA SET,S,Mustard,196.0
7841,SET197-KR-NP-XL,KURTA SET,XL,Mustard,117.0
7842,SET197-KR-NP-XS,KURTA SET,XS,Mustard,191.0
7843,SET197-KR-NP-XXL,KURTA SET,XXL,Mustard,104.0
7844,SET197-KR-NP-XXXL,KURTA SET,XXXL,Mustard,49.0
7845,SET198-KR-NP-L,KURTA SET,L,Pink,2.0
7846,SET198-KR-NP-M,KURTA SET,M,Pink,3.0
7847,SET198-KR-NP-S,KURTA SET,S,Pink,4.0
7848,SET198-KR-NP-XL,KURTA SET,XL,Pink,3.0
7849,SET198-KR-NP-XS,KURTA SET,XS,Pink,25.0
7850,SET198-KR-NP-XXL,KURTA SET,XXL,Pink,3.0
7851,SET198-KR-NP-XXXL,KURTA SET,XXXL,Pink,2.0
7852,SET199-KR-NP-L,KURTA SET,L,Peach,11.0
7853,SET199-KR-NP-M,KURTA SET,M,Peach,44.0
7854,SET199-KR-NP-S,KURTA SET,S,Peach,45.0
7855,SET199-KR-NP-XL,KURTA SET,XL,Peach,5.0
7856,SET199-KR-NP-XS,KURTA SET,XS,Peach,40.0
7857,SET199-KR-NP-XXL,KURTA SET,XXL,Peach,7.0
7858,SET199-KR-NP-XXXL,KURTA SET,XXXL,Peach,21.0
7859,SET200-KR-NP-L,KURTA SET,L,Maroon,1.0
7860,SET200-KR-NP-M,KURTA SET,M,Maroon,3.0
7861,SET200-KR-NP-S,KURTA SET,S,Maroon,13.0
7862,SET200-KR-NP-XL,KURTA SET,XL,Maroon,2.0
7863,SET200-KR-NP-XS,KURTA SET,XS,Maroon,68.0
7864,SET200-KR-NP-XXL,KURTA SET,XXL,Maroon,5.0
7865,SET200-KR-NP-XXXL,KURTA SET,XXXL,Maroon,1.0
7866,SET201-KR-NP-L,KURTA SET,L,Olive,2.0
7867,SET201-KR-NP-M,KURTA SET,M,Olive,4.0
7868,SET201-KR-NP-S,KURTA SET,S,Olive,2.0
7869,SET201-KR-NP-XL,KURTA SET,XL,Olive,2.0
7870,SET201-KR-NP-XS,KURTA SET,XS,Olive,11.0
7871,SET201-KR-NP-XXL,KURTA SET,XXL,Olive,1.0
7872,SET201-KR-NP-XXXL,KURTA SET,XXXL,Olive,2.0
7873,SET202-KR-NP-L,KURTA SET,L,Teal,0.0
7874,SET202-KR-NP-M,KURTA SET,M,Teal,0.0
7875,SET202-KR-NP-S,KURTA SET,S,Teal,0.0
7876,SET202-KR-NP-XL,KURTA SET,XL,Teal,1.0
7877,SET202-KR-NP-XS,KURTA SET,XS,Teal,0.0
7878,SET202-KR-NP-XXL,KURTA SET,XXL,Teal,0.0
7879,SET202-KR-NP-XXXL,KURTA SET,XXXL,Teal,1.0
7880,SET203-KR-DPT-L,KURTA SET,L,Maroon,8.0
7881,SET203-KR-DPT-M,KURTA SET,M,Maroon,37.0
7882,SET203-KR-DPT-S,KURTA SET,S,Maroon,16.0
7883,SET203-KR-DPT-XL,KURTA SET,XL,Maroon,7.0
7884,SET203-KR-DPT-XS,KURTA SET,XS,Maroon,14.0
7885,SET203-KR-DPT-XXL,KURTA SET,XXL,Maroon,12.0
7886,SET203-KR-DPT-XXXL,KURTA SET,XXXL,Maroon,8.0
7887,SET204-KR-DPT-L,KURTA SET,L,Green,4.0
7888,SET204-KR-DPT-M,KURTA SET,M,Green,2.0
7889,SET204-KR-DPT-S,KURTA SET,S,Green,5.0
7890,SET204-KR-DPT-XL,KURTA SET,XL,Green,4.0
7891,SET204-KR-DPT-XS,KURTA SET,XS,Green,3.0
7892,SET204-KR-DPT-XXL,KURTA SET,XXL,Green,3.0
7893,SET204-KR-DPT-XXXL,KURTA SET,XXXL,Green,5.0
7894,SET205-KR-DPT-L,KURTA SET,L,Yellow,2.0
7895,SET205-KR-DPT-M,KURTA SET,M,Yellow,9.0
7896,SET205-KR-DPT-S,KURTA SET,S,Yellow,15.0
7897,SET205-KR-DPT-XL,KURTA SET,XL,Yellow,3.0
7898,SET205-KR-DPT-XS,KURTA SET,XS,Yellow,15.0
7899,SET205-KR-DPT-XXL,KURTA SET,XXL,Yellow,6.0
7900,SET205-KR-DPT-XXXL,KURTA SET,XXXL,Yellow,4.0
7901,SET206-KR-PP-L,KURTA SET,L,Cream,0.0
7902,SET206-KR-PP-M,KURTA SET,M,Cream,0.0
7903,SET206-KR-PP-S,KURTA SET,S,Cream,1.0
7904,SET206-KR-PP-XL,KURTA SET,XL,Cream,0.0
7905,SET206-KR-PP-XS,KURTA SET,XS,Cream,2.0
7906,SET206-KR-PP-XXL,KURTA SET,XXL,Cream,1.0
7907,SET206-KR-PP-XXXL,KURTA SET,XXXL,Cream,0.0
7908,SET209-KR-PP-L,KURTA SET,L,Pink,7.0
7909,SET209-KR-PP-M,KURTA SET,M,Pink,15.0
7910,SET209-KR-PP-S,KURTA SET,S,Pink,38.0
7911,SET209-KR-PP-XL,KURTA SET,XL,Pink,8.0
7912,SET209-KR-PP-XS,KURTA SET,XS,Pink,27.0
7913,SET209-KR-PP-XXL,KURTA SET,XXL,Pink,15.0
7914,SET209-KR-PP-XXXL,KURTA SET,XXXL,Pink,2.0
7915,SET210-KR-PP-L,KURTA SET,L,Grey,2.0
7916,SET210-KR-PP-M,KURTA SET,M,Grey,5.0
7917,SET210-KR-PP-S,KURTA SET,S,Grey,2.0
7918,SET210-KR-PP-XL,KURTA SET,XL,Grey,3.0
7919,SET210-KR-PP-XS,KURTA SET,XS,Grey,18.0
7920,SET210-KR-PP-XXL,KURTA SET,XXL,Grey,0.0
7921,SET210-KR-PP-XXXL,KURTA SET,XXXL,Grey,0.0
7922,SET211-KR-DPT-L,KURTA SET,L,Teal,1.0
7923,SET211-KR-DPT-M,KURTA SET,M,Teal,1.0
7924,SET211-KR-DPT-S,KURTA SET,S,Teal,2.0
7925,SET211-KR-DPT-XL,KURTA SET,XL,Teal,1.0
7926,SET211-KR-DPT-XS,KURTA SET,XS,Teal,2.0
7927,SET211-KR-DPT-XXL,KURTA SET,XXL,Teal,3.0
7928,SET211-KR-DPT-XXXL,KURTA SET,XXXL,Teal,1.0
7929,SET213-KR-DPT-M,KURTA SET,M,Grey,0.0
7930,SET213-KR-DPT-XXL,KURTA SET,XXL,Grey,2.0
7931,SET214-KR-DPT-L,KURTA SET,L,Mustard,2.0
7932,SET214-KR-DPT-M,KURTA SET,M,Mustard,1.0
7933,SET214-KR-DPT-XL,KURTA SET,XL,Mustard,2.0
7934,SET214-KR-DPT-XS,KURTA SET,XS,Mustard,2.0
7935,SET214-KR-DPT-XXL,KURTA SET,XXL,Mustard,3.0
7936,SET214-KR-DPT-XXXL,KURTA SET,XXXL,Mustard,2.0
7937,SET216-KR-PP-L,KURTA SET,L,Light Green,0.0
7938,SET216-KR-PP-M,KURTA SET,M,Light Green,3.0
7939,SET216-KR-PP-S,KURTA SET,S,Light Green,3.0
7940,SET216-KR-PP-XL,KURTA SET,XL,Light Green,2.0
7941,SET216-KR-PP-XXL,KURTA SET,XXL,Light Green,1.0
7942,SET217-KR-PP-L,KURTA SET,L,Sea Green,3.0
7943,SET217-KR-PP-M,KURTA SET,M,Sea Green,7.0
7944,SET217-KR-PP-S,KURTA SET,S,Sea Green,10.0
7945,SET217-KR-PP-XL,KURTA SET,XL,Sea Green,6.0
7946,SET217-KR-PP-XS,KURTA SET,XS,Sea Green,18.0
7947,SET217-KR-PP-XXL,KURTA SET,XXL,Sea Green,9.0
7948,SET217-KR-PP-XXXL,KURTA SET,XXXL,Sea Green,4.0
7949,SET218-KR-NP-L,KURTA SET,L,Sky Blue,4.0
7950,SET218-KR-NP-M,KURTA SET,M,Sky Blue,3.0
7951,SET218-KR-NP-S,KURTA SET,S,Sky Blue,5.0
7952,SET218-KR-NP-XL,KURTA SET,XL,Sky Blue,4.0
7953,SET218-KR-NP-XS,KURTA SET,XS,Sky Blue,9.0
7954,SET218-KR-NP-XXL,KURTA SET,XXL,Sky Blue,10.0
7955,SET218-KR-NP-XXXL,KURTA SET,XXXL,Sky Blue,5.0
7956,SET219-KR-PP-L,KURTA SET,L,Turquoise Green,6.0
7957,SET219-KR-PP-M,KURTA SET,M,Turquoise Green,5.0
7958,SET219-KR-PP-S,KURTA SET,S,Turquoise Green,23.0
7959,SET219-KR-PP-XL,KURTA SET,XL,Turquoise Green,5.0
7960,SET219-KR-PP-XS,KURTA SET,XS,Turquoise Green,65.0
7961,SET219-KR-PP-XXL,KURTA SET,XXL,Turquoise Green,2.0
7962,SET219-KR-PP-XXXL,KURTA SET,XXXL,Turquoise Green,2.0
7963,SET220-KR-PP-L,KURTA SET,L,White,2.0
7964,SET220-KR-PP-M,KURTA SET,M,White,3.0
7965,SET220-KR-PP-S,KURTA SET,S,White,33.0
7966,SET220-KR-PP-XL,KURTA SET,XL,White,3.0
7967,SET220-KR-PP-XS,KURTA SET,XS,White,31.0
7968,SET220-KR-PP-XXL,KURTA SET,XXL,White,7.0
7969,SET220-KR-PP-XXXL,KURTA SET,XXXL,White,3.0
7970,SET221-KR-NP-L,KURTA SET,L,Mustard,0.0
7971,SET221-KR-NP-M,KURTA SET,M,Mustard,8.0
7972,SET221-KR-NP-S,KURTA SET,S,Mustard,13.0
7973,SET221-KR-NP-XL,KURTA SET,XL,Mustard,2.0
7974,SET221-KR-NP-XS,KURTA SET,XS,Mustard,44.0
7975,SET221-KR-NP-XXL,KURTA SET,XXL,Mustard,11.0
7976,SET221-KR-NP-XXXL,KURTA SET,XXXL,Mustard,29.0
7977,SET223-KR-NP-L,KURTA SET,L,Pink,1.0
7978,SET223-KR-NP-M,KURTA SET,M,Pink,2.0
7979,SET223-KR-NP-S,KURTA SET,S,Pink,5.0
7980,SET223-KR-NP-XL,KURTA SET,XL,Pink,2.0
7981,SET223-KR-NP-XS,KURTA SET,XS,Pink,28.0
7982,SET223-KR-NP-XXL,KURTA SET,XXL,Pink,4.0
7983,SET223-KR-NP-XXXL,KURTA SET,XXXL,Pink,3.0
7984,SET224-KR-NP-L,KURTA SET,L,Rust,2.0
7985,SET224-KR-NP-M,KURTA SET,M,Rust,0.0
7986,SET224-KR-NP-S,KURTA SET,S,Rust,6.0
7987,SET224-KR-NP-XL,KURTA SET,XL,Rust,3.0
7988,SET224-KR-NP-XS,KURTA SET,XS,Rust,6.0
7989,SET224-KR-NP-XXL,KURTA SET,XXL,Rust,5.0
7990,SET224-KR-NP-XXXL,KURTA SET,XXXL,Rust,65.0
7991,SET225-KR-NP-L,KURTA,L,Mustard,2.0
7992,SET225-KR-NP-M,KURTA,M,Mustard,2.0
7993,SET225-KR-NP-S,KURTA,S,Mustard,2.0
7994,SET225-KR-NP-XL,KURTA,XL,Mustard,14.0
7995,SET225-KR-NP-XS,KURTA,XS,Mustard,9.0
7996,SET225-KR-NP-XXL,KURTA,XXL,Mustard,5.0
7997,SET225-KR-NP-XXXL,KURTA,XXXL,Mustard,4.0
7998,SET226-KR-PP-L,KURTA SET,L,Grey,33.0
7999,SET226-KR-PP-M,KURTA SET,M,Grey,13.0
8000,SET226-KR-PP-S,KURTA SET,S,Grey,49.0
8001,SET226-KR-PP-XL,KURTA SET,XL,Grey,4.0
8002,SET226-KR-PP-XS,KURTA SET,XS,Grey,4.0
8003,SET226-KR-PP-XXL,KURTA SET,XXL,Grey,6.0
8004,SET226-KR-PP-XXXL,KURTA SET,XXXL,Grey,4.0
8005,SET227-KR-PP-L,KURTA SET,L,Pink,2.0
8006,SET227-KR-PP-M,KURTA SET,M,Pink,6.0
8007,SET227-KR-PP-S,KURTA SET,S,Pink,4.0
8008,SET227-KR-PP-XL,KURTA SET,XL,Pink,6.0
8009,SET227-KR-PP-XS,KURTA SET,XS,Pink,6.0
8010,SET227-KR-PP-XXL,KURTA SET,XXL,Pink,6.0
8011,SET227-KR-PP-XXXL,KURTA SET,XXXL,Pink,2.0
8012,SET228-KR-PP-L,KURTA SET,L,Yellow,9.0
8013,SET228-KR-PP-M,KURTA SET,M,Yellow,30.0
8014,SET228-KR-PP-S,KURTA SET,S,Yellow,6.0
8015,SET228-KR-PP-XL,KURTA SET,XL,Yellow,2.0
8016,SET228-KR-PP-XS,KURTA SET,XS,Yellow,46.0
8017,SET228-KR-PP-XXL,KURTA SET,XXL,Yellow,6.0
8018,SET228-KR-PP-XXXL,KURTA SET,XXXL,Yellow,2.0
8019,SET229-KR-PP-L,KURTA SET,L,Mauve,21.0
8020,SET229-KR-PP-M,KURTA SET,M,Mauve,25.0
8021,SET229-KR-PP-S,KURTA SET,S,Mauve,36.0
8022,SET229-KR-PP-XL,KURTA SET,XL,Mauve,18.0
8023,SET229-KR-PP-XS,KURTA SET,XS,Mauve,25.0
8024,SET229-KR-PP-XXL,KURTA SET,XXL,Mauve,28.0
8025,SET229-KR-PP-XXXL,KURTA SET,XXXL,Mauve,29.0
8026,SET230-KR-PP-L,KURTA SET,L,Blue,29.0
8027,SET230-KR-PP-M,KURTA SET,M,Blue,30.0
8028,SET230-KR-PP-S,KURTA SET,S,Blue,35.0
8029,SET230-KR-PP-XL,KURTA SET,XL,Blue,53.0
8030,SET230-KR-PP-XS,KURTA SET,XS,Blue,23.0
8031,SET230-KR-PP-XXL,KURTA SET,XXL,Blue,21.0
8032,SET230-KR-PP-XXXL,KURTA SET,XXXL,Blue,10.0
8033,SET231-KR-PP-L,KURTA SET,L,Cream,0.0
8034,SET231-KR-PP-M,KURTA SET,M,Cream,2.0
8035,SET231-KR-PP-XL,KURTA SET,XL,Cream,2.0
8036,SET231-KR-PP-XXL,KURTA SET,XXL,Cream,2.0
8037,SET232-KR-PP-L,KURTA SET,L,Pink,13.0
8038,SET232-KR-PP-M,KURTA SET,M,Pink,37.0
8039,SET232-KR-PP-S,KURTA SET,S,Pink,44.0
8040,SET232-KR-PP-XL,KURTA SET,XL,Pink,4.0
8041,SET232-KR-PP-XS,KURTA SET,XS,Pink,30.0
8042,SET232-KR-PP-XXL,KURTA SET,XXL,Pink,2.0
8043,SET232-KR-PP-XXXL,KURTA SET,XXXL,Pink,8.0
8044,SET233-KR-PP-L,KURTA SET,L,Pink,4.0
8045,SET233-KR-PP-M,KURTA SET,M,Pink,4.0
8046,SET233-KR-PP-S,KURTA SET,S,Pink,5.0
8047,SET233-KR-PP-XL,KURTA SET,XL,Pink,2.0
8048,SET233-KR-PP-XS,KURTA SET,XS,Pink,17.0
8049,SET233-KR-PP-XXL,KURTA SET,XXL,Pink,1.0
8050,SET233-KR-PP-XXXL,KURTA SET,XXXL,Pink,2.0
8051,SET234-KR-PP-L,KURTA SET,L,Green,0.0
8052,SET234-KR-PP-M,KURTA SET,M,Green,0.0
8053,SET234-KR-PP-S,KURTA SET,S,Green,0.0
8054,SET234-KR-PP-XL,KURTA SET,XL,Green,0.0
8055,SET234-KR-PP-XXL,KURTA SET,XXL,Green,0.0
8056,,KURTA SET,XXXL,Green,1.0
8057,SET235-KR-PP-L,KURTA SET,L,Beige,0.0
8058,SET235-KR-PP-M,KURTA SET,M,Beige,0.0
8059,SET235-KR-PP-S,KURTA SET,S,Beige,1.0
8060,SET235-KR-PP-XL,KURTA SET,XL,Beige,1.0
8061,SET235-KR-PP-XXL,KURTA SET,XXL,Beige,0.0
8062,SET236-KR-PP-L,SET,L,Pink,8.0
8063,SET236-KR-PP-M,SET,M,Pink,6.0
8064,SET236-KR-PP-S,SET,S,Pink,9.0
8065,SET236-KR-PP-XL,SET,XL,Pink,8.0
8066,SET236-KR-PP-XS,SET,XS,Pink,18.0
8067,SET236-KR-PP-XXL,SET,XXL,Pink,0.0
8068,SET236-KR-PP-XXXL,SET,XXXL,Pink,4.0
8069,SET238-KR-PP-L,KURTA SET,L,Grey,2.0
8070,SET238-KR-PP-M,KURTA SET,M,Grey,2.0
8071,SET238-KR-PP-S,KURTA SET,S,Grey,5.0
8072,SET238-KR-PP-XL,KURTA SET,XL,Grey,1.0
8073,SET238-KR-PP-XS,KURTA SET,XS,Grey,35.0
8074,SET238-KR-PP-XXL,KURTA SET,XXL,Grey,2.0
8075,SET238-KR-PP-XXXL,KURTA SET,XXXL,Grey,2.0
8076,SET239-KR-NP-L,KURTA SET,L,OFF WHITE,4.0
8077,SET239-KR-NP-M,KURTA SET,M,OFF WHITE,4.0
8078,SET239-KR-NP-S,KURTA SET,S,OFF WHITE,7.0
8079,SET239-KR-NP-XL,KURTA SET,XL,OFF WHITE,2.0
8080,SET239-KR-NP-XS,KURTA SET,XS,OFF WHITE,3.0
8081,SET239-KR-NP-XXL,KURTA SET,XXL,OFF WHITE,2.0
8082,SET239-KR-NP-XXXL,KURTA SET,XXXL,OFF WHITE,4.0
8083,SET240-KR-PP-L,KURTA SET,L,Yellow,17.0
8084,SET240-KR-PP-M,KURTA SET,M,Yellow,17.0
8085,SET240-KR-PP-S,KURTA SET,S,Yellow,43.0
8086,SET240-KR-PP-XL,KURTA SET,XL,Yellow,27.0
8087,SET240-KR-PP-XS,KURTA SET,XS,Yellow,26.0
8088,SET240-KR-PP-XXL,KURTA SET,XXL,Yellow,10.0
8089,SET240-KR-PP-XXXL,KURTA SET,XXXL,Yellow,7.0
8090,SET241-KR-PP-L,KURTA SET,L,Turquoise Green,0.0
8091,SET241-KR-PP-M,KURTA SET,M,Turquoise Green,0.0
8092,SET241-KR-PP-S,KURTA SET,S,Turquoise Green,0.0
8093,SET241-KR-PP-XS,KURTA SET,XS,Turquoise Green,1.0
8094,SET241-KR-PP-XXL,KURTA SET,XXL,Turquoise Green,1.0
8095,SET241-KR-PP-XXXL,KURTA SET,XXXL,Turquoise Green,0.0
8096,SET242-KR-PP-L,KURTA SET,L,Black,2.0
8097,SET242-KR-PP-M,KURTA SET,M,Black,2.0
8098,SET242-KR-PP-S,KURTA SET,S,Black,12.0
8099,SET242-KR-PP-XL,KURTA SET,XL,Black,3.0
8100,SET242-KR-PP-XS,KURTA SET,XS,Black,5.0
8101,SET242-KR-PP-XXL,KURTA SET,XXL,Black,2.0
8102,SET242-KR-PP-XXXL,KURTA SET,XXXL,Black,2.0
8103,SET243-KR-PP-L,KURTA SET,L,Blue,4.0
8104,SET243-KR-PP-M,KURTA SET,M,Blue,10.0
8105,SET243-KR-PP-S,KURTA SET,S,Blue,8.0
8106,SET243-KR-PP-XL,KURTA SET,XL,Blue,10.0
8107,SET243-KR-PP-XS,KURTA SET,XS,Blue,12.0
8108,SET243-KR-PP-XXL,KURTA SET,XXL,Blue,3.0
8109,SET243-KR-PP-XXXL,KURTA SET,XXXL,Blue,3.0
8110,SET244-KR-NP-L,KURTA SET,L,Pink,30.0
8111,SET244-KR-NP-M,KURTA SET,M,Pink,26.0
8112,SET244-KR-NP-S,KURTA SET,S,Pink,35.0
8113,SET244-KR-NP-XL,KURTA SET,XL,Pink,34.0
8114,SET244-KR-NP-XS,KURTA SET,XS,Pink,20.0
8115,SET244-KR-NP-XXL,KURTA SET,XXL,Pink,13.0
8116,SET244-KR-NP-XXXL,KURTA SET,XXXL,Pink,27.0
8117,SET245-KR-NP-L,KURTA SET,L,Mustard,85.0
8118,SET245-KR-NP-M,KURTA SET,M,Mustard,113.0
8119,SET245-KR-NP-S,KURTA SET,S,Mustard,131.0
8120,SET245-KR-NP-XL,KURTA SET,XL,Mustard,103.0
8121,SET245-KR-NP-XS,KURTA SET,XS,Mustard,92.0
8122,SET245-KR-NP-XXL,KURTA SET,XXL,Mustard,43.0
8123,SET245-KR-NP-XXXL,KURTA SET,XXXL,Mustard,39.0
8124,SET246-KR-PP-L,KURTA SET,L,Red,8.0
8125,SET246-KR-PP-M,KURTA SET,M,Red,22.0
8126,SET246-KR-PP-S,KURTA SET,S,Red,39.0
8127,SET246-KR-PP-XL,KURTA SET,XL,Red,4.0
8128,SET246-KR-PP-XS,KURTA SET,XS,Red,42.0
8129,SET246-KR-PP-XXL,KURTA SET,XXL,Red,10.0
8130,SET246-KR-PP-XXXL,KURTA SET,XXXL,Red,4.0
8131,SET247-KR-SHA-L,KURTA SET,L,Teal,5.0
8132,SET247-KR-SHA-M,KURTA SET,M,Teal,6.0
8133,SET247-KR-SHA-S,KURTA SET,S,Teal,25.0
8134,SET247-KR-SHA-XL,KURTA SET,XL,Teal,3.0
8135,SET247-KR-SHA-XS,KURTA SET,XS,Teal,49.0
8136,SET247-KR-SHA-XXL,KURTA SET,XXL,Teal,2.0
8137,SET247-KR-SHA-XXXL,KURTA SET,XXXL,Teal,4.0
8138,SET248-KR-NP-L,KURTA SET,L,Teal,4.0
8139,SET248-KR-NP-M,KURTA SET,M,Teal,7.0
8140,SET248-KR-NP-S,KURTA SET,S,Teal,4.0
8141,SET248-KR-NP-XL,KURTA SET,XL,Teal,12.0
8142,SET248-KR-NP-XS,KURTA SET,XS,Teal,7.0
8143,SET248-KR-NP-XXL,KURTA SET,XXL,Teal,4.0
8144,SET248-KR-NP-XXXL,KURTA SET,XXXL,Teal,10.0
8145,SET249-KR-NP-L,KURTA SET,L,Green,2.0
8146,SET249-KR-NP-M,KURTA SET,M,Green,9.0
8147,SET249-KR-NP-S,KURTA SET,S,Green,18.0
8148,SET249-KR-NP-XL,KURTA SET,XL,Green,4.0
8149,SET249-KR-NP-XS,KURTA SET,XS,Green,52.0
8150,SET249-KR-NP-XXL,KURTA SET,XXL,Green,3.0
8151,SET249-KR-NP-XXXL,KURTA SET,XXXL,Green,13.0
8152,SET250-KR-SHA-L,KURTA SET,L,Magenta,13.0
8153,SET250-KR-SHA-M,KURTA SET,M,Magenta,35.0
8154,SET250-KR-SHA-S,KURTA SET,S,Magenta,5.0
8155,SET250-KR-SHA-XL,KURTA SET,XL,Magenta,2.0
8156,SET250-KR-SHA-XS,KURTA SET,XS,Magenta,2.0
8157,SET250-KR-SHA-XXL,KURTA SET,XXL,Magenta,4.0
8158,SET250-KR-SHA-XXXL,KURTA SET,XXXL,Magenta,5.0
8159,SET251-KR-PP-L,KURTA,L,Cream,44.0
8160,SET251-KR-PP-M,KURTA,M,Cream,15.0
8161,SET251-KR-PP-S,KURTA,S,Cream,53.0
8162,SET251-KR-PP-XL,KURTA,XL,Cream,32.0
8163,SET251-KR-PP-XS,KURTA,XS,Cream,40.0
8164,SET251-KR-PP-XXL,KURTA,XXL,Cream,31.0
8165,SET251-KR-PP-XXXL,KURTA,XXXL,Cream,26.0
8166,SET252-KR-PP-L,KURTA SET,L,Yellow,105.0
8167,SET252-KR-PP-M,KURTA SET,M,Yellow,154.0
8168,SET252-KR-PP-S,KURTA SET,S,Yellow,223.0
8169,SET252-KR-PP-XL,KURTA SET,XL,Yellow,55.0
8170,SET252-KR-PP-XS,KURTA SET,XS,Yellow,148.0
8171,SET252-KR-PP-XXL,KURTA SET,XXL,Yellow,76.0
8172,SET252-KR-PP-XXXL,KURTA SET,XXXL,Yellow,95.0
8173,SET253-KR-NP-L,KURTA SET,L,Black,6.0
8174,SET253-KR-NP-M,KURTA SET,M,Black,11.0
8175,SET253-KR-NP-S,KURTA SET,S,Black,26.0
8176,SET253-KR-NP-XL,KURTA SET,XL,Black,8.0
8177,SET253-KR-NP-XS,KURTA SET,XS,Black,13.0
8178,SET253-KR-NP-XXL,KURTA SET,XXL,Black,8.0
8179,SET253-KR-NP-XXXL,KURTA SET,XXXL,Black,2.0
8180,SET254-KR-NP-L,KURTA SET,L,Grey,2.0
8181,SET254-KR-NP-M,KURTA SET,M,Grey,3.0
8182,SET254-KR-NP-S,KURTA SET,S,Grey,7.0
8183,SET254-KR-NP-XL,KURTA SET,XL,Grey,2.0
8184,SET254-KR-NP-XS,KURTA SET,XS,Grey,10.0
8185,SET254-KR-NP-XXL,KURTA SET,XXL,Grey,3.0
8186,SET254-KR-NP-XXXL,KURTA SET,XXXL,Grey,2.0
8187,SET257-KR-PP-L,SET,L,Beige,1.0
8188,SET257-KR-PP-M,SET,M,Beige,3.0
8189,SET257-KR-PP-S,SET,S,Beige,5.0
8190,SET257-KR-PP-XL,SET,XL,Beige,3.0
8191,SET257-KR-PP-XS,SET,XS,Beige,2.0
8192,SET257-KR-PP-XXL,SET,XXL,Beige,0.0
8193,SET257-KR-PP-XXXL,SET,XXXL,Beige,2.0
8194,SET258-KR-PP-L,KURTA SET,L,OFF WHITE,0.0
8195,SET258-KR-PP-M,KURTA SET,M,OFF WHITE,1.0
8196,SET258-KR-PP-S,KURTA SET,S,OFF WHITE,7.0
8197,SET258-KR-PP-XL,KURTA SET,XL,OFF WHITE,1.0
8198,SET258-KR-PP-XS,KURTA SET,XS,OFF WHITE,6.0
8199,SET258-KR-PP-XXL,KURTA SET,XXL,OFF WHITE,1.0
8200,SET258-KR-PP-XXXL,KURTA SET,XXXL,OFF WHITE,3.0
8201,SET260-KR-PP-L,KURTA SET,L,Grey,0.0
8202,SET260-KR-PP-M,KURTA SET,M,Grey,1.0
8203,SET260-KR-PP-S,KURTA SET,S,Grey,0.0
8204,SET260-KR-PP-XL,KURTA SET,XL,Grey,1.0
8205,SET260-KR-PP-XXL,KURTA SET,XXL,Grey,3.0
8206,SET261-KR-PP-L,KURTA SET,L,Turquoise,1.0
8207,SET261-KR-PP-M,KURTA SET,M,Turquoise,0.0
8208,SET261-KR-PP-S,KURTA SET,S,Turquoise,3.0
8209,SET261-KR-PP-XL,KURTA SET,XL,Turquoise,0.0
8210,SET261-KR-PP-XXL,KURTA SET,XXL,Turquoise,0.0
8211,SET262-KR-NP-L,KURTA SET,L,Green,4.0
8212,SET262-KR-NP-M,KURTA SET,M,Green,1.0
8213,SET262-KR-NP-S,KURTA SET,S,Green,4.0
8214,SET262-KR-NP-XL,KURTA SET,XL,Green,2.0
8215,SET262-KR-NP-XS,KURTA SET,XS,Green,44.0
8216,SET262-KR-NP-XXL,KURTA SET,XXL,Green,2.0
8217,SET262-KR-NP-XXXL,KURTA SET,XXXL,Green,45.0
8218,SET263-KR-NP-L,KURTA SET,L,Turquoise,4.0
8219,SET263-KR-NP-M,KURTA SET,M,Turquoise,6.0
8220,SET263-KR-NP-S,KURTA SET,S,Turquoise,15.0
8221,SET263-KR-NP-XL,KURTA SET,XL,Turquoise,5.0
8222,SET263-KR-NP-XS,KURTA SET,XS,Turquoise,40.0
8223,SET263-KR-NP-XXL,KURTA SET,XXL,Turquoise,17.0
8224,SET263-KR-NP-XXXL,KURTA SET,XXXL,Turquoise,28.0
8225,SET264-KR-NP-L,KURTA SET,L,Gold,76.0
8226,SET264-KR-NP-M,KURTA SET,M,Gold,295.0
8227,SET264-KR-NP-S,KURTA SET,S,Gold,330.0
8228,SET264-KR-NP-XL,KURTA SET,XL,Gold,81.0
8229,SET264-KR-NP-XS,KURTA SET,XS,Gold,237.0
8230,SET264-KR-NP-XXL,KURTA SET,XXL,Gold,127.0
8231,SET264-KR-NP-XXXL,KURTA SET,XXXL,Gold,12.0
8232,SET265-KR-NP-L,KURTA SET,L,Pink,9.0
8233,SET265-KR-NP-M,KURTA SET,M,Pink,84.0
8234,SET265-KR-NP-S,KURTA SET,S,Pink,19.0
8235,SET265-KR-NP-XL,KURTA SET,XL,Pink,33.0
8236,SET265-KR-NP-XS,KURTA SET,XS,Pink,18.0
8237,SET265-KR-NP-XXL,KURTA SET,XXL,Pink,14.0
8238,SET265-KR-NP-XXXL,KURTA SET,XXXL,Pink,16.0
8239,SET266-KR-NP-L,SET,L,Black,35.0
8240,SET266-KR-NP-M,SET,M,Black,112.0
8241,SET266-KR-NP-S,SET,S,Black,57.0
8242,SET266-KR-NP-XL,SET,XL,Black,60.0
8243,SET266-KR-NP-XS,SET,XS,Black,47.0
8244,SET266-KR-NP-XXL,SET,XXL,Black,19.0
8245,SET266-KR-NP-XXXL,SET,XXXL,Black,53.0
8246,SET267-KR-NP-L,SET,L,Pink,97.0
8247,SET267-KR-NP-M,SET,M,Pink,109.0
8248,SET267-KR-NP-S,SET,S,Pink,128.0
8249,SET267-KR-NP-XL,SET,XL,Pink,67.0
8250,SET267-KR-NP-XS,SET,XS,Pink,107.0
8251,SET267-KR-NP-XXL,SET,XXL,Pink,103.0
8252,SET267-KR-NP-XXXL,SET,XXXL,Pink,103.0
8253,SET268-KR-NP-L,KURTA SET,L,OFF WHITE,384.0
8254,SET268-KR-NP-M,KURTA SET,M,OFF WHITE,542.0
8255,SET268-KR-NP-S,KURTA SET,S,OFF WHITE,807.0
8256,SET268-KR-NP-XL,KURTA SET,XL,OFF WHITE,176.0
8257,SET268-KR-NP-XS,KURTA SET,XS,OFF WHITE,403.0
8258,SET268-KR-NP-XXL,KURTA SET,XXL,OFF WHITE,191.0
8259,SET268-KR-NP-XXXL,KURTA SET,XXXL,OFF WHITE,112.0
8260,SET269-KR-NP-L,SET,L,Green,89.0
8261,SET269-KR-NP-M,SET,M,Green,310.0
8262,SET269-KR-NP-S,SET,S,Green,143.0
8263,SET269-KR-NP-XL,SET,XL,Green,90.0
8264,SET269-KR-NP-XS,SET,XS,Green,162.0
8265,SET269-KR-NP-XXL,SET,XXL,Green,13.0
8266,SET269-KR-NP-XXXL,SET,XXXL,Green,26.0
8267,SET270-KR-PP-L,KURTA SET,L,Green,0.0
8268,SET270-KR-PP-M,KURTA SET,M,Green,1.0
8269,SET270-KR-PP-S,KURTA SET,S,Green,10.0
8270,SET270-KR-PP-XL,KURTA SET,XL,Green,3.0
8271,SET270-KR-PP-XXL,KURTA SET,XXL,Green,5.0
8272,SET271-KR-NP-L,KURTA,L,Green,0.0
8273,SET271-KR-NP-M,KURTA,M,Green,2.0
8274,SET271-KR-NP-S,KURTA,S,Green,8.0
8275,SET271-KR-NP-XL,KURTA,XL,Green,5.0
8276,SET271-KR-NP-XS,KURTA,XS,Green,1.0
8277,SET271-KR-NP-XXL,KURTA,XXL,Green,2.0
8278,SET271-KR-NP-XXXL,KURTA,XXXL,Green,3.0
8279,SET272-KR-PP-L,KURTA SET,L,Mustard,3.0
8280,SET272-KR-PP-M,KURTA SET,M,Mustard,8.0
8281,SET272-KR-PP-S,KURTA SET,S,Mustard,6.0
8282,SET272-KR-PP-XL,KURTA SET,XL,Mustard,4.0
8283,SET272-KR-PP-XS,KURTA SET,XS,Mustard,46.0
8284,SET272-KR-PP-XXL,KURTA SET,XXL,Mustard,5.0
8285,SET272-KR-PP-XXXL,KURTA SET,XXXL,Mustard,17.0
8286,SET273-KR-NP-L,KURTA SET,L,Brown,637.0
8287,SET273-KR-NP-M,KURTA SET,M,Brown,880.0
8288,SET273-KR-NP-S,KURTA SET,S,Brown,871.0
8289,SET273-KR-NP-XL,KURTA SET,XL,Brown,445.0
8290,SET273-KR-NP-XS,KURTA SET,XS,Brown,862.0
8291,SET273-KR-NP-XXL,KURTA SET,XXL,Brown,146.0
8292,SET273-KR-NP-XXXL,KURTA SET,XXXL,Brown,51.0
8293,SET274-KR-PP-L,KURTA SET,L,Yellow,2.0
8294,SET274-KR-PP-M,KURTA SET,M,Yellow,11.0
8295,SET274-KR-PP-S,KURTA SET,S,Yellow,14.0
8296,SET274-KR-PP-XL,KURTA SET,XL,Yellow,13.0
8297,SET274-KR-PP-XS,KURTA SET,XS,Yellow,25.0
8298,SET274-KR-PP-XXL,KURTA SET,XXL,Yellow,39.0
8299,SET274-KR-PP-XXXL,KURTA SET,XXXL,Yellow,3.0
8300,SET275-KR-NP-L,SET,L,Blue,2.0
8301,SET275-KR-NP-M,SET,M,Blue,2.0
8302,SET275-KR-NP-S,SET,S,Blue,6.0
8303,SET275-KR-NP-XL,SET,XL,Blue,3.0
8304,SET275-KR-NP-XS,SET,XS,Blue,21.0
8305,SET275-KR-NP-XXL,SET,XXL,Blue,8.0
8306,SET275-KR-NP-XXXL,SET,XXXL,Blue,5.0
8307,SET276-KR-PP-L,KURTA SET,L,Blue,45.0
8308,SET276-KR-PP-M,KURTA SET,M,Blue,86.0
8309,SET276-KR-PP-S,KURTA SET,S,Blue,72.0
8310,SET276-KR-PP-XL,KURTA SET,XL,Blue,40.0
8311,SET276-KR-PP-XS,KURTA SET,XS,Blue,82.0
8312,SET276-KR-PP-XXL,KURTA SET,XXL,Blue,45.0
8313,SET276-KR-PP-XXXL,KURTA SET,XXXL,Blue,35.0
8314,SET277-KR-NP-L,KURTA SET,L,Turquoise,6.0
8315,SET277-KR-NP-M,KURTA SET,M,Turquoise,4.0
8316,SET277-KR-NP-S,KURTA SET,S,Turquoise,32.0
8317,SET277-KR-NP-XL,KURTA SET,XL,Turquoise,5.0
8318,SET277-KR-NP-XS,KURTA SET,XS,Turquoise,8.0
8319,SET277-KR-NP-XXL,KURTA SET,XXL,Turquoise,9.0
8320,SET277-KR-NP-XXXL,KURTA SET,XXXL,Turquoise,11.0
8321,SET278-KR-NP-L,KURTA SET,L,Orange,7.0
8322,SET278-KR-NP-M,KURTA SET,M,Orange,4.0
8323,SET278-KR-NP-S,KURTA SET,S,Orange,10.0
8324,SET278-KR-NP-XL,KURTA SET,XL,Orange,3.0
8325,SET278-KR-NP-XS,KURTA SET,XS,Orange,16.0
8326,SET278-KR-NP-XXL,KURTA SET,XXL,Orange,7.0
8327,SET278-KR-NP-XXXL,KURTA SET,XXXL,Orange,10.0
8328,SET279-LC-L,LEHENGA CHOLI,L,Teal,33.0
8329,SET279-LC-M,LEHENGA CHOLI,M,Teal,10.0
8330,SET279-LC-S,LEHENGA CHOLI,S,Teal,5.0
8331,SET279-LC-XL,LEHENGA CHOLI,XL,Teal,40.0
8332,SET279-LC-XS,LEHENGA CHOLI,XS,Teal,14.0
8333,SET279-LC-XXL,LEHENGA CHOLI,XXL,Teal,31.0
8334,SET279-LC-XXXL,LEHENGA CHOLI,XXXL,Teal,15.0
8335,SET280-KR-PP-L,KURTA SET,L,Pink,1.0
8336,SET280-KR-PP-M,KURTA SET,M,Pink,3.0
8337,SET280-KR-PP-S,KURTA SET,S,Pink,4.0
8338,SET280-KR-PP-XL,KURTA SET,XL,Pink,2.0
8339,SET280-KR-PP-XS,KURTA SET,XS,Pink,7.0
8340,SET280-KR-PP-XXL,KURTA SET,XXL,Pink,2.0
8341,SET280-KR-PP-XXXL,KURTA SET,XXXL,Pink,3.0
8342,SET281-KR-PP-L,SET,L,Green,4.0
8343,SET281-KR-PP-M,SET,M,Green,4.0
8344,SET281-KR-PP-S,SET,S,Green,20.0
8345,SET281-KR-PP-XL,SET,XL,Green,3.0
8346,SET281-KR-PP-XS,SET,XS,Green,17.0
8347,SET281-KR-PP-XXL,SET,XXL,Green,4.0
8348,SET281-KR-PP-XXXL,SET,XXXL,Green,8.0
8349,SET282-KR-PP-L,KURTA SET,L,Yellow,2.0
8350,SET282-KR-PP-M,KURTA SET,M,Yellow,3.0
8351,SET282-KR-PP-S,KURTA SET,S,Yellow,14.0
8352,SET282-KR-PP-XL,KURTA SET,XL,Yellow,2.0
8353,SET282-KR-PP-XS,KURTA SET,XS,Yellow,32.0
8354,SET282-KR-PP-XXL,KURTA SET,XXL,Yellow,3.0
8355,SET282-KR-PP-XXXL,KURTA SET,XXXL,Yellow,0.0
8356,SET285-KR-SHA-L,SET,L,Teal,7.0
8357,SET285-KR-SHA-M,SET,M,Teal,2.0
8358,SET285-KR-SHA-S,SET,S,Teal,5.0
8359,SET285-KR-SHA-XL,SET,XL,Teal,2.0
8360,SET285-KR-SHA-XS,SET,XS,Teal,19.0
8361,SET285-KR-SHA-XXL,SET,XXL,Teal,4.0
8362,SET285-KR-SHA-XXXL,SET,XXXL,Teal,3.0
8363,SET286-KR-NP-L,SET,L,Maroon,27.0
8364,SET286-KR-NP-M,SET,M,Maroon,40.0
8365,SET286-KR-NP-S,SET,S,Maroon,33.0
8366,SET286-KR-NP-XL,SET,XL,Maroon,30.0
8367,SET286-KR-NP-XS,SET,XS,Maroon,31.0
8368,SET286-KR-NP-XXL,SET,XXL,Maroon,5.0
8369,SET286-KR-NP-XXXL,SET,XXXL,Maroon,9.0
8370,SET287-KR-NP-L,KURTA SET,L,Teal,139.0
8371,SET287-KR-NP-M,KURTA SET,M,Teal,218.0
8372,SET287-KR-NP-S,KURTA SET,S,Teal,162.0
8373,SET287-KR-NP-XL,KURTA SET,XL,Teal,138.0
8374,SET287-KR-NP-XS,KURTA SET,XS,Teal,104.0
8375,SET287-KR-NP-XXL,KURTA SET,XXL,Teal,86.0
8376,SET287-KR-NP-XXXL,KURTA SET,XXXL,Teal,80.0
8377,SET288-KR-NP-L,SET,L,Grey,5.0
8378,SET288-KR-NP-M,SET,M,Grey,6.0
8379,SET288-KR-NP-S,SET,S,Grey,16.0
8380,SET288-KR-NP-XL,SET,XL,Grey,10.0
8381,SET288-KR-NP-XS,SET,XS,Grey,44.0
8382,SET288-KR-NP-XXL,SET,XXL,Grey,10.0
8383,SET288-KR-NP-XXXL,SET,XXXL,Grey,6.0
8384,SET289-KR-NP-L,SET,L,Maroon,14.0
8385,SET289-KR-NP-M,SET,M,Maroon,23.0
8386,SET289-KR-NP-S,SET,S,Maroon,26.0
8387,SET289-KR-NP-XL,SET,XL,Maroon,23.0
8388,SET289-KR-NP-XS,SET,XS,Maroon,42.0
8389,SET289-KR-NP-XXL,SET,XXL,Maroon,26.0
8390,SET289-KR-NP-XXXL,SET,XXXL,Maroon,20.0
8391,SET290-KR-DPT-L,SET,L,NAVY,53.0
8392,SET290-KR-DPT-M,SET,M,NAVY,18.0
8393,SET290-KR-DPT-S,SET,S,NAVY,6.0
8394,SET290-KR-DPT-XL,SET,XL,NAVY,34.0
8395,SET290-KR-DPT-XS,SET,XS,NAVY,38.0
8396,SET290-KR-DPT-XXL,SET,XXL,NAVY,34.0
8397,SET290-KR-DPT-XXXL,SET,XXXL,NAVY,37.0
8398,SET291-KR-PP-L,KURTA SET,L,Teal,6.0
8399,SET291-KR-PP-M,KURTA SET,M,Teal,13.0
8400,SET291-KR-PP-S,KURTA SET,S,Teal,15.0
8401,SET291-KR-PP-XL,KURTA SET,XL,Teal,3.0
8402,SET291-KR-PP-XS,KURTA SET,XS,Teal,6.0
8403,SET291-KR-PP-XXL,KURTA SET,XXL,Teal,4.0
8404,SET291-KR-PP-XXXL,KURTA SET,XXXL,Teal,8.0
8405,SET293-KR-NP-L,KURTA SET,L,Blue,4.0
8406,SET293-KR-NP-M,KURTA SET,M,Blue,6.0
8407,SET293-KR-NP-S,KURTA SET,S,Blue,2.0
8408,SET293-KR-NP-XL,KURTA SET,XL,Blue,4.0
8409,SET293-KR-NP-XS,KURTA SET,XS,Blue,5.0
8410,SET293-KR-NP-XXL,KURTA SET,XXL,Blue,7.0
8411,SET293-KR-NP-XXXL,KURTA SET,XXXL,Blue,7.0
8412,SET295-KR-NP-L,KURTA SET,L,Black,4.0
8413,SET295-KR-NP-M,KURTA SET,M,Black,2.0
8414,SET295-KR-NP-S,KURTA SET,S,Black,4.0
8415,SET295-KR-NP-XL,KURTA SET,XL,Black,2.0
8416,SET295-KR-NP-XS,KURTA SET,XS,Black,4.0
8417,SET295-KR-NP-XXL,KURTA SET,XXL,Black,2.0
8418,SET295-KR-NP-XXXL,KURTA SET,XXXL,Black,4.0
8419,SET297-KR-NP-L,KURTA SET,L,Yellow,0.0
8420,SET297-KR-NP-M,KURTA SET,M,Yellow,0.0
8421,SET297-KR-NP-S,KURTA SET,S,Yellow,0.0
8422,SET297-KR-NP-XL,KURTA SET,XL,Yellow,0.0
8423,SET297-KR-NP-XS,KURTA SET,XS,Yellow,2.0
8424,SET297-KR-NP-XXL,KURTA SET,XXL,Yellow,3.0
8425,SET297-KR-NP-XXXL,KURTA SET,XXXL,Yellow,17.0
8426,SET299-KR-PP-L,SET,L,Blue,49.0
8427,SET299-KR-PP-M,SET,M,Blue,46.0
8428,SET299-KR-PP-S,SET,S,Blue,45.0
8429,SET299-KR-PP-XL,SET,XL,Blue,55.0
8430,SET299-KR-PP-XS,SET,XS,Blue,47.0
8431,SET299-KR-PP-XXL,SET,XXL,Blue,54.0
8432,SET299-KR-PP-XXXL,SET,XXXL,Blue,43.0
8433,SET300-KR-NP-L,SET,L,CORAL,16.0
8434,SET300-KR-NP-M,SET,M,CORAL,31.0
8435,SET300-KR-NP-S,SET,S,CORAL,33.0
8436,SET300-KR-NP-XL,SET,XL,CORAL,34.0
8437,SET300-KR-NP-XS,SET,XS,CORAL,18.0
8438,SET300-KR-NP-XXL,SET,XXL,CORAL,24.0
8439,SET300-KR-NP-XXXL,SET,XXXL,CORAL,7.0
8440,SET301-KR-PP-L,SET,L,Magenta,53.0
8441,SET301-KR-PP-M,SET,M,Magenta,57.0
8442,SET301-KR-PP-S,SET,S,Magenta,66.0
8443,SET301-KR-PP-XL,SET,XL,Magenta,62.0
8444,SET301-KR-PP-XS,SET,XS,Magenta,55.0
8445,SET301-KR-PP-XXL,SET,XXL,Magenta,53.0
8446,SET301-KR-PP-XXXL,SET,XXXL,Magenta,56.0
8447,SET302-KR-PP-L,SET,L,Sky Blue,2.0
8448,SET302-KR-PP-M,SET,M,Sky Blue,12.0
8449,SET302-KR-PP-S,SET,S,Sky Blue,19.0
8450,SET302-KR-PP-XL,SET,XL,Sky Blue,5.0
8451,SET302-KR-PP-XS,SET,XS,Sky Blue,21.0
8452,SET302-KR-PP-XXL,SET,XXL,Sky Blue,17.0
8453,SET302-KR-PP-XXXL,SET,XXXL,Sky Blue,9.0
8454,SET303-KR-NP-L,KURTA SET,L,Teal,37.0
8455,SET303-KR-NP-M,KURTA SET,M,Teal,41.0
8456,SET303-KR-NP-S,KURTA SET,S,Teal,5.0
8457,SET303-KR-NP-XL,KURTA SET,XL,Teal,32.0
8458,SET303-KR-NP-XS,KURTA SET,XS,Teal,47.0
8459,SET303-KR-NP-XXL,KURTA SET,XXL,Teal,24.0
8460,SET303-KR-NP-XXXL,KURTA SET,XXXL,Teal,8.0
8461,SET304-KR-DPT-L,KURTA SET,L,Grey,22.0
8462,SET304-KR-DPT-M,KURTA SET,M,Grey,154.0
8463,SET304-KR-DPT-S,KURTA SET,S,Grey,74.0
8464,SET304-KR-DPT-XL,KURTA SET,XL,Grey,59.0
8465,SET304-KR-DPT-XS,KURTA SET,XS,Grey,180.0
8466,SET304-KR-DPT-XXL,KURTA SET,XXL,Grey,14.0
8467,SET304-KR-DPT-XXXL,KURTA SET,XXXL,Grey,34.0
8468,SET305-KR-DPT-L,KURTA SET,L,Peach,22.0
8469,SET305-KR-DPT-M,KURTA SET,M,Peach,55.0
8470,SET305-KR-DPT-S,KURTA SET,S,Peach,98.0
8471,SET305-KR-DPT-XL,KURTA SET,XL,Peach,37.0
8472,SET305-KR-DPT-XS,KURTA SET,XS,Peach,39.0
8473,SET305-KR-DPT-XXL,KURTA SET,XXL,Peach,18.0
8474,SET305-KR-DPT-XXXL,KURTA SET,XXXL,Peach,7.0
8475,SET306-KR-PP-L,KURTA SET,L,Green,93.0
8476,SET306-KR-PP-M,KURTA SET,M,Green,75.0
8477,SET306-KR-PP-S,KURTA SET,S,Green,67.0
8478,SET306-KR-PP-XL,KURTA SET,XL,Green,77.0
8479,SET306-KR-PP-XS,KURTA SET,XS,Green,61.0
8480,SET306-KR-PP-XXL,KURTA SET,XXL,Green,45.0
8481,SET306-KR-PP-XXXL,KURTA SET,XXXL,Green,23.0
8482,SET307-KR-DPT-L,KURTA SET,L,Grey,34.0
8483,SET307-KR-DPT-M,KURTA SET,M,Grey,46.0
8484,SET307-KR-DPT-S,KURTA SET,S,Grey,53.0
8485,SET307-KR-DPT-XL,KURTA SET,XL,Grey,29.0
8486,SET307-KR-DPT-XS,KURTA SET,XS,Grey,37.0
8487,SET307-KR-DPT-XXL,KURTA SET,XXL,Grey,15.0
8488,SET307-KR-DPT-XXXL,KURTA SET,XXXL,Grey,29.0
8489,SET308-KR-PP-L,KURTA SET,L,Grey,48.0
8490,SET308-KR-PP-M,KURTA SET,M,Grey,90.0
8491,SET308-KR-PP-S,KURTA SET,S,Grey,58.0
8492,SET308-KR-PP-XL,KURTA SET,XL,Grey,43.0
8493,SET308-KR-PP-XS,KURTA SET,XS,Grey,29.0
8494,SET308-KR-PP-XXL,KURTA SET,XXL,Grey,29.0
8495,SET308-KR-PP-XXXL,KURTA SET,XXXL,Grey,27.0
8496,SET310-KR-NP-L,SET,L,Green,6.0
8497,SET310-KR-NP-M,SET,M,Green,15.0
8498,SET310-KR-NP-S,SET,S,Green,27.0
8499,SET310-KR-NP-XL,SET,XL,Green,3.0
8500,SET310-KR-NP-XS,SET,XS,Green,34.0
8501,SET310-KR-NP-XXL,SET,XXL,Green,13.0
8502,SET310-KR-NP-XXXL,SET,XXXL,Green,15.0
8503,SET311-KR-NP-L,SET,L,Yellow,53.0
8504,SET311-KR-NP-M,SET,M,Yellow,56.0
8505,SET311-KR-NP-S,SET,S,Yellow,56.0
8506,SET311-KR-NP-XL,SET,XL,Yellow,60.0
8507,SET311-KR-NP-XS,SET,XS,Yellow,61.0
8508,SET311-KR-NP-XXL,SET,XXL,Yellow,64.0
8509,SET311-KR-NP-XXXL,SET,XXXL,Yellow,61.0
8510,SET313-KR-NP-L,SET,L,White,33.0
8511,SET313-KR-NP-M,SET,M,White,3.0
8512,SET313-KR-NP-S,SET,S,White,14.0
8513,SET313-KR-NP-XL,SET,XL,White,22.0
8514,SET313-KR-NP-XS,SET,XS,White,7.0
8515,SET313-KR-NP-XXL,SET,XXL,White,44.0
8516,SET313-KR-NP-XXXL,SET,XXXL,White,34.0
8517,SET315-KR-PP-L,KURTA SET,L,White,62.0
8518,SET315-KR-PP-M,KURTA SET,M,White,49.0
8519,SET315-KR-PP-S,KURTA SET,S,White,63.0
8520,SET315-KR-PP-XL,KURTA SET,XL,White,55.0
8521,SET315-KR-PP-XS,KURTA SET,XS,White,32.0
8522,SET315-KR-PP-XXL,KURTA SET,XXL,White,58.0
8523,SET315-KR-PP-XXXL,KURTA SET,XXXL,White,38.0
8524,SET316-KR-DPT-L,KURTA SET,L,Navy Blue,93.0
8525,SET316-KR-DPT-M,KURTA SET,M,Navy Blue,52.0
8526,SET316-KR-DPT-S,KURTA SET,S,Navy Blue,63.0
8527,SET316-KR-DPT-XL,KURTA SET,XL,Navy Blue,42.0
8528,SET316-KR-DPT-XS,KURTA SET,XS,Navy Blue,76.0
8529,SET316-KR-DPT-XXL,KURTA SET,XXL,Navy Blue,52.0
8530,SET316-KR-DPT-XXXL,KURTA SET,XXXL,Navy Blue,9.0
8531,SET317-KR-PP-L,KURTA SET,L,Olive Green,6.0
8532,SET317-KR-PP-M,KURTA SET,M,Olive Green,5.0
8533,SET317-KR-PP-S,KURTA SET,S,Olive Green,9.0
8534,SET317-KR-PP-XL,KURTA SET,XL,Olive Green,18.0
8535,SET317-KR-PP-XS,KURTA SET,XS,Olive Green,20.0
8536,SET317-KR-PP-XXL,KURTA SET,XXL,Olive Green,32.0
8537,SET317-KR-PP-XXXL,KURTA SET,XXXL,Olive Green,7.0
8538,SET318-KR-SHA-L,KURTA SET,L,Orange,19.0
8539,SET318-KR-SHA-M,KURTA SET,M,Orange,3.0
8540,SET318-KR-SHA-S,KURTA SET,S,Orange,4.0
8541,SET318-KR-SHA-XL,KURTA SET,XL,Orange,30.0
8542,SET318-KR-SHA-XS,KURTA SET,XS,Orange,3.0
8543,SET318-KR-SHA-XXL,KURTA SET,XXL,Orange,55.0
8544,SET318-KR-SHA-XXXL,KURTA SET,XXXL,Orange,38.0
8545,SET319-KR-NP-L,KURTA SET,L,Pink,9.0
8546,SET319-KR-NP-M,KURTA SET,M,Pink,5.0
8547,SET319-KR-NP-S,KURTA SET,S,Pink,10.0
8548,SET319-KR-NP-XL,KURTA SET,XL,Pink,8.0
8549,SET319-KR-NP-XS,KURTA SET,XS,Pink,6.0
8550,SET319-KR-NP-XXL,KURTA SET,XXL,Pink,6.0
8551,SET319-KR-NP-XXXL,KURTA SET,XXXL,Pink,10.0
8552,SET320-KR-NP-L,SET,L,Green,32.0
8553,SET320-KR-NP-M,SET,M,Green,66.0
8554,SET320-KR-NP-S,SET,S,Green,42.0
8555,SET320-KR-NP-XL,SET,XL,Green,27.0
8556,SET320-KR-NP-XS,SET,XS,Green,24.0
8557,SET320-KR-NP-XXL,SET,XXL,Green,40.0
8558,SET320-KR-NP-XXXL,SET,XXXL,Green,1.0
8559,SET321-KR-DPT-L,KURTA SET,L,Mustard,76.0
8560,SET321-KR-DPT-M,KURTA SET,M,Mustard,58.0
8561,SET321-KR-DPT-S,KURTA SET,S,Mustard,47.0
8562,SET321-KR-DPT-XL,KURTA SET,XL,Mustard,35.0
8563,SET321-KR-DPT-XS,KURTA SET,XS,Mustard,16.0
8564,SET321-KR-DPT-XXL,KURTA SET,XXL,Mustard,54.0
8565,SET321-KR-DPT-XXXL,KURTA SET,XXXL,Mustard,27.0
8566,SET322-KR-SHA-L,SET,L,Maroon,3.0
8567,SET322-KR-SHA-M,SET,M,Maroon,4.0
8568,SET322-KR-SHA-S,SET,S,Maroon,2.0
8569,SET322-KR-SHA-XL,SET,XL,Maroon,15.0
8570,SET322-KR-SHA-XS,SET,XS,Maroon,5.0
8571,SET322-KR-SHA-XXL,SET,XXL,Maroon,22.0
8572,SET322-KR-SHA-XXXL,SET,XXXL,Maroon,11.0
8573,SET323-KR-NP-L,KURTA SET,L,White,27.0
8574,SET323-KR-NP-M,KURTA SET,M,White,15.0
8575,SET323-KR-NP-S,KURTA SET,S,White,9.0
8576,SET323-KR-NP-XL,KURTA SET,XL,White,7.0
8577,SET323-KR-NP-XS,KURTA SET,XS,White,10.0
8578,SET323-KR-NP-XXL,KURTA SET,XXL,White,8.0
8579,SET323-KR-NP-XXXL,KURTA SET,XXXL,White,14.0
8580,SET324-KR-NP-L,KURTA SET,L,Peach,6.0
8581,SET324-KR-NP-M,KURTA SET,M,Peach,8.0
8582,SET324-KR-NP-S,KURTA SET,S,Peach,10.0
8583,SET324-KR-NP-XL,KURTA SET,XL,Peach,11.0
8584,SET324-KR-NP-XS,KURTA SET,XS,Peach,16.0
8585,SET324-KR-NP-XXL,KURTA SET,XXL,Peach,5.0
8586,SET324-KR-NP-XXXL,KURTA SET,XXXL,Peach,8.0
8587,SET325-KR-NP-L,KURTA SET,L,Black,69.0
8588,SET325-KR-NP-M,KURTA SET,M,Black,60.0
8589,SET325-KR-NP-S,KURTA SET,S,Black,61.0
8590,SET325-KR-NP-XL,KURTA SET,XL,Black,44.0
8591,SET325-KR-NP-XS,KURTA SET,XS,Black,19.0
8592,SET325-KR-NP-XXL,KURTA SET,XXL,Black,28.0
8593,SET325-KR-NP-XXXL,KURTA SET,XXXL,Black,9.0
8594,SET326-KR-PP-L,KURTA SET,L,Beige,5.0
8595,SET326-KR-PP-M,KURTA SET,M,Beige,35.0
8596,SET326-KR-PP-S,KURTA SET,S,Beige,35.0
8597,SET326-KR-PP-XL,KURTA SET,XL,Beige,13.0
8598,SET326-KR-PP-XS,KURTA SET,XS,Beige,42.0
8599,SET326-KR-PP-XXL,KURTA SET,XXL,Beige,14.0
8600,SET326-KR-PP-XXXL,KURTA SET,XXXL,Beige,29.0
8601,SET327-KR-DPT-L,SET,L,Black,12.0
8602,SET327-KR-DPT-M,SET,M,Black,9.0
8603,SET327-KR-DPT-S,SET,S,Black,49.0
8604,SET327-KR-DPT-XL,SET,XL,Black,27.0
8605,SET327-KR-DPT-XS,SET,XS,Black,63.0
8606,SET327-KR-DPT-XXL,SET,XXL,Black,52.0
8607,SET327-KR-DPT-XXXL,SET,XXXL,Black,49.0
8608,SET328-KR-NP-L,KURTA SET,L,Black,16.0
8609,SET328-KR-NP-M,KURTA SET,M,Black,20.0
8610,SET328-KR-NP-S,KURTA SET,S,Black,14.0
8611,SET328-KR-NP-XL,KURTA SET,XL,Black,2.0
8612,SET328-KR-NP-XS,KURTA SET,XS,Black,12.0
8613,SET328-KR-NP-XXL,KURTA SET,XXL,Black,15.0
8614,SET328-KR-NP-XXXL,KURTA SET,XXXL,Black,38.0
8615,SET329-KR-NP-L,KURTA SET,L,Peach,97.0
8616,SET329-KR-NP-M,KURTA SET,M,Peach,292.0
8617,SET329-KR-NP-S,KURTA SET,S,Peach,252.0
8618,SET329-KR-NP-XL,KURTA SET,XL,Peach,196.0
8619,SET329-KR-NP-XS,KURTA SET,XS,Peach,227.0
8620,SET329-KR-NP-XXL,KURTA SET,XXL,Peach,97.0
8621,SET329-KR-NP-XXXL,KURTA SET,XXXL,Peach,85.0
8622,SET330-KR-PP-L,KURTA SET,L,Green,2.0
8623,SET330-KR-PP-M,KURTA SET,M,Green,1.0
8624,SET330-KR-PP-S,KURTA SET,S,Green,3.0
8625,SET330-KR-PP-XL,KURTA SET,XL,Green,3.0
8626,SET330-KR-PP-XS,KURTA SET,XS,Green,29.0
8627,SET330-KR-PP-XXL,KURTA SET,XXL,Green,28.0
8628,SET330-KR-PP-XXXL,KURTA SET,XXXL,Green,5.0
8629,SET331-KR-NP-L,KURTA SET,L,Green,217.0
8630,SET331-KR-NP-M,KURTA SET,M,Green,229.0
8631,SET331-KR-NP-S,KURTA SET,S,Green,161.0
8632,SET331-KR-NP-XL,KURTA SET,XL,Green,198.0
8633,SET331-KR-NP-XS,KURTA SET,XS,Green,209.0
8634,SET331-KR-NP-XXL,KURTA SET,XXL,Green,116.0
8635,SET331-KR-NP-XXXL,KURTA SET,XXXL,Green,158.0
8636,SET332-KR-PP-L,SET,L,Black,38.0
8637,SET332-KR-PP-M,SET,M,Black,33.0
8638,SET332-KR-PP-S,SET,S,Black,39.0
8639,SET332-KR-PP-XL,SET,XL,Black,59.0
8640,SET332-KR-PP-XS,SET,XS,Black,48.0
8641,SET332-KR-PP-XXL,SET,XXL,Black,51.0
8642,SET332-KR-PP-XXXL,SET,XXXL,Black,14.0
8643,SET333-KR-DPT-L,KURTA SET,L,Teal,5.0
8644,SET333-KR-DPT-M,KURTA SET,M,Teal,3.0
8645,SET333-KR-DPT-S,KURTA SET,S,Teal,4.0
8646,SET333-KR-DPT-XL,KURTA SET,XL,Teal,4.0
8647,SET333-KR-DPT-XS,KURTA SET,XS,Teal,7.0
8648,SET333-KR-DPT-XXL,KURTA SET,XXL,Teal,7.0
8649,SET333-KR-DPT-XXXL,KURTA SET,XXXL,Teal,9.0
8650,SET334-KR-NP-L,SET,L,Grey,47.0
8651,SET334-KR-NP-M,SET,M,Grey,46.0
8652,SET334-KR-NP-S,SET,S,Grey,18.0
8653,SET334-KR-NP-XL,SET,XL,Grey,33.0
8654,SET334-KR-NP-XS,SET,XS,Grey,11.0
8655,SET334-KR-NP-XXL,SET,XXL,Grey,14.0
8656,SET334-KR-NP-XXXL,SET,XXXL,Grey,35.0
8657,SET335-KR-NP-L,SET,L,Black,2.0
8658,SET335-KR-NP-M,SET,M,Black,12.0
8659,SET335-KR-NP-S,SET,S,Black,58.0
8660,SET335-KR-NP-XL,SET,XL,Black,59.0
8661,SET335-KR-NP-XS,SET,XS,Black,59.0
8662,SET335-KR-NP-XXL,SET,XXL,Black,65.0
8663,SET335-KR-NP-XXXL,SET,XXXL,Black,49.0
8664,SET336-KR-NP-L,SET,L,Maroon,4.0
8665,SET336-KR-NP-M,SET,M,Maroon,2.0
8666,SET336-KR-NP-S,SET,S,Maroon,3.0
8667,SET336-KR-NP-XL,SET,XL,Maroon,3.0
8668,SET336-KR-NP-XS,SET,XS,Maroon,2.0
8669,SET336-KR-NP-XXL,SET,XXL,Maroon,5.0
8670,SET337-KR-NP-L,KURTA SET,L,Maroon,2.0
8671,SET337-KR-NP-M,KURTA SET,M,Maroon,1.0
8672,SET337-KR-NP-S,KURTA SET,S,Maroon,4.0
8673,SET337-KR-NP-XL,KURTA SET,XL,Maroon,2.0
8674,SET337-KR-NP-XS,KURTA SET,XS,Maroon,5.0
8675,SET337-KR-NP-XXL,KURTA SET,XXL,Maroon,3.0
8676,SET338-KR-NP-L,KURTA SET,L,Maroon,8.0
8677,SET338-KR-NP-M,KURTA SET,M,Maroon,13.0
8678,SET338-KR-NP-S,KURTA SET,S,Maroon,7.0
8679,SET338-KR-NP-XL,KURTA SET,XL,Maroon,8.0
8680,SET338-KR-NP-XS,KURTA SET,XS,Maroon,28.0
8681,SET338-KR-NP-XXL,KURTA SET,XXL,Maroon,13.0
8682,SET339-KR-NP-L,SET,L,Maroon,5.0
8683,SET339-KR-NP-M,SET,M,Maroon,4.0
8684,SET339-KR-NP-S,SET,S,Maroon,8.0
8685,SET339-KR-NP-XL,SET,XL,Maroon,5.0
8686,SET339-KR-NP-XS,SET,XS,Maroon,6.0
8687,SET339-KR-NP-XXL,SET,XXL,Maroon,8.0
8688,SET339-KR-NP-XXXL,SET,XXXL,Maroon,8.0
8689,SET340-KR-NP-L,SET,L,Maroon,1.0
8690,SET340-KR-NP-M,SET,M,Maroon,2.0
8691,SET340-KR-NP-S,SET,S,Maroon,7.0
8692,SET340-KR-NP-XL,SET,XL,Maroon,3.0
8693,SET340-KR-NP-XS,SET,XS,Maroon,5.0
8694,SET340-KR-NP-XXL,SET,XXL,Maroon,6.0
8695,SET340-KR-NP-XXXL,SET,XXXL,Maroon,8.0
8696,SET341-KR-NP-L,SET,L,Multicolor,5.0
8697,SET341-KR-NP-M,SET,M,Multicolor,10.0
8698,SET341-KR-NP-S,SET,S,Multicolor,25.0
8699,SET341-KR-NP-XL,SET,XL,Multicolor,3.0
8700,SET341-KR-NP-XS,SET,XS,Multicolor,53.0
8701,SET341-KR-NP-XXL,SET,XXL,Multicolor,7.0
8702,SET341-KR-NP-XXXL,SET,XXXL,Multicolor,26.0
8703,SET342-KR-NP-L,SET,L,OFF WHITE,10.0
8704,SET342-KR-NP-M,SET,M,OFF WHITE,16.0
8705,SET342-KR-NP-S,SET,S,OFF WHITE,56.0
8706,SET342-KR-NP-XL,SET,XL,OFF WHITE,19.0
8707,SET342-KR-NP-XS,SET,XS,OFF WHITE,45.0
8708,SET342-KR-NP-XXL,SET,XXL,OFF WHITE,43.0
8709,SET342-KR-NP-XXXL,SET,XXXL,OFF WHITE,54.0
8710,SET343-KR-NP-L,SET,L,OFF WHITE,4.0
8711,SET343-KR-NP-M,SET,M,OFF WHITE,7.0
8712,SET343-KR-NP-S,SET,S,OFF WHITE,45.0
8713,SET343-KR-NP-XL,SET,XL,OFF WHITE,11.0
8714,SET343-KR-NP-XS,SET,XS,OFF WHITE,11.0
8715,SET343-KR-NP-XXL,SET,XXL,OFF WHITE,23.0
8716,SET343-KR-NP-XXXL,SET,XXXL,OFF WHITE,4.0
8717,SET344-KR-NP-L,SET,L,Red,3.0
8718,SET344-KR-NP-M,SET,M,Red,6.0
8719,SET344-KR-NP-S,SET,S,Red,17.0
8720,SET344-KR-NP-XL,SET,XL,Red,1.0
8721,SET344-KR-NP-XS,SET,XS,Red,23.0
8722,SET344-KR-NP-XXL,SET,XXL,Red,1.0
8723,SET344-KR-NP-XXXL,SET,XXXL,Red,0.0
8724,SET345-KR-NP-L,KURTA SET,L,Pink,34.0
8725,SET345-KR-NP-M,KURTA SET,M,Pink,49.0
8726,SET345-KR-NP-S,KURTA SET,S,Pink,266.0
8727,SET345-KR-NP-XL,KURTA SET,XL,Pink,74.0
8728,SET345-KR-NP-XS,KURTA SET,XS,Pink,86.0
8729,SET345-KR-NP-XXL,KURTA SET,XXL,Pink,54.0
8730,SET345-KR-NP-XXXL,KURTA SET,XXXL,Pink,17.0
8731,SET346-KR-PP-L,SET,L,Beige,38.0
8732,SET346-KR-PP-M,SET,M,Beige,50.0
8733,SET346-KR-PP-S,SET,S,Beige,56.0
8734,SET346-KR-PP-XL,SET,XL,Beige,35.0
8735,SET346-KR-PP-XS,SET,XS,Beige,59.0
8736,SET346-KR-PP-XXL,SET,XXL,Beige,53.0
8737,SET346-KR-PP-XXXL,SET,XXXL,Beige,57.0
8738,SET347-KR-NP-L,SET,L,Cream,3.0
8739,SET347-KR-NP-M,SET,M,Cream,4.0
8740,SET347-KR-NP-S,SET,S,Cream,4.0
8741,SET347-KR-NP-XL,SET,XL,Cream,3.0
8742,SET347-KR-NP-XS,SET,XS,Cream,6.0
8743,SET347-KR-NP-XXL,SET,XXL,Cream,4.0
8744,SET347-KR-NP-XXXL,SET,XXXL,Cream,4.0
8745,SET348-KR-NP-L,SET,L,Pink,10.0
8746,SET348-KR-NP-M,SET,M,Pink,15.0
8747,SET348-KR-NP-S,SET,S,Pink,37.0
8748,SET348-KR-NP-XL,SET,XL,Pink,6.0
8749,SET348-KR-NP-XS,SET,XS,Pink,4.0
8750,SET348-KR-NP-XXL,SET,XXL,Pink,5.0
8751,SET348-KR-NP-XXXL,SET,XXXL,Pink,2.0
8752,SET349-KR-NP-L,SET,L,Pink,3.0
8753,SET349-KR-NP-M,SET,M,Pink,3.0
8754,SET349-KR-NP-S,SET,S,Pink,9.0
8755,SET349-KR-NP-XL,SET,XL,Pink,3.0
8756,SET349-KR-NP-XS,SET,XS,Pink,16.0
8757,SET349-KR-NP-XXL,SET,XXL,Pink,3.0
8758,SET349-KR-NP-XXXL,SET,XXXL,Pink,3.0
8759,SET350-KR-NP-L,SET,L,Yellow,7.0
8760,SET350-KR-NP-M,SET,M,Yellow,5.0
8761,SET350-KR-NP-S,SET,S,Yellow,34.0
8762,SET350-KR-NP-XL,SET,XL,Yellow,5.0
8763,SET350-KR-NP-XS,SET,XS,Yellow,23.0
8764,SET350-KR-NP-XXL,SET,XXL,Yellow,56.0
8765,SET350-KR-NP-XXXL,SET,XXXL,Yellow,6.0
8766,SET351-KR-NP-L,SET,L,Black,19.0
8767,SET351-KR-NP-M,SET,M,Black,30.0
8768,SET351-KR-NP-S,SET,S,Black,34.0
8769,SET351-KR-NP-XL,SET,XL,Black,13.0
8770,SET351-KR-NP-XS,SET,XS,Black,38.0
8771,SET351-KR-NP-XXL,SET,XXL,Black,11.0
8772,SET351-KR-NP-XXXL,SET,XXXL,Black,6.0
8773,SET352-KR-NP-L,SET,L,Maroon,32.0
8774,SET352-KR-NP-M,SET,M,Maroon,42.0
8775,SET352-KR-NP-S,SET,S,Maroon,50.0
8776,SET352-KR-NP-XL,SET,XL,Maroon,25.0
8777,SET352-KR-NP-XS,SET,XS,Maroon,51.0
8778,SET352-KR-NP-XXL,SET,XXL,Maroon,41.0
8779,SET352-KR-NP-XXXL,SET,XXXL,Maroon,30.0
8780,SET353-KR-NP-L,SET,L,Pink,73.0
8781,SET353-KR-NP-M,SET,M,Pink,87.0
8782,SET353-KR-NP-S,SET,S,Pink,42.0
8783,SET353-KR-NP-XL,SET,XL,Pink,82.0
8784,SET353-KR-NP-XS,SET,XS,Pink,23.0
8785,SET353-KR-NP-XXL,SET,XXL,Pink,54.0
8786,SET353-KR-NP-XXXL,SET,XXXL,Pink,25.0
8787,SET355-KR-PP-L,SET,L,Light Green,0.0
8788,SET355-KR-PP-M,SET,M,Light Green,2.0
8789,SET355-KR-PP-S,SET,S,Light Green,13.0
8790,SET355-KR-PP-XL,SET,XL,Light Green,3.0
8791,SET355-KR-PP-XS,SET,XS,Light Green,3.0
8792,SET355-KR-PP-XXL,SET,XXL,Light Green,3.0
8793,SET355-KR-PP-XXXL,SET,XXXL,Light Green,12.0
8794,SET356-KR-NP-L,SET,L,Sea Green,3.0
8795,SET356-KR-NP-M,SET,M,Sea Green,2.0
8796,SET356-KR-NP-S,SET,S,Sea Green,17.0
8797,SET356-KR-NP-XL,SET,XL,Sea Green,4.0
8798,SET356-KR-NP-XS,SET,XS,Sea Green,14.0
8799,SET356-KR-NP-XXL,SET,XXL,Sea Green,3.0
8800,SET356-KR-NP-XXXL,SET,XXXL,Sea Green,3.0
8801,SET357-KR-NP-L,SET,L,Pink,2.0
8802,SET357-KR-NP-M,SET,M,Pink,2.0
8803,SET357-KR-NP-S,SET,S,Pink,1.0
8804,SET357-KR-NP-XL,SET,XL,Pink,3.0
8805,SET357-KR-NP-XS,SET,XS,Pink,3.0
8806,SET357-KR-NP-XXL,SET,XXL,Pink,11.0
8807,SET357-KR-NP-XXXL,SET,XXXL,Pink,16.0
8808,SET358-KR-NP-L,SET,L,Green,2.0
8809,SET358-KR-NP-M,SET,M,Green,1.0
8810,SET358-KR-NP-S,SET,S,Green,18.0
8811,SET358-KR-NP-XL,SET,XL,Green,1.0
8812,SET358-KR-NP-XS,SET,XS,Green,14.0
8813,SET358-KR-NP-XXL,SET,XXL,Green,2.0
8814,SET358-KR-NP-XXXL,SET,XXXL,Green,4.0
8815,SET359-KR-NP-L,SET,L,Navy Blue,4.0
8816,SET359-KR-NP-M,SET,M,Navy Blue,12.0
8817,SET359-KR-NP-S,SET,S,Navy Blue,32.0
8818,SET359-KR-NP-XL,SET,XL,Navy Blue,10.0
8819,SET359-KR-NP-XS,SET,XS,Navy Blue,30.0
8820,SET359-KR-NP-XXL,SET,XXL,Navy Blue,13.0
8821,SET359-KR-NP-XXXL,SET,XXXL,Navy Blue,6.0
8822,SET360-KR-NP-L,SET,L,Light Pink,5.0
8823,SET360-KR-NP-M,SET,M,Light Pink,5.0
8824,SET360-KR-NP-S,SET,S,Light Pink,13.0
8825,SET360-KR-NP-XL,SET,XL,Light Pink,1.0
8826,SET360-KR-NP-XS,SET,XS,Light Pink,15.0
8827,SET360-KR-NP-XXL,SET,XXL,Light Pink,6.0
8828,SET360-KR-NP-XXXL,SET,XXXL,Light Pink,7.0
8829,SET361-KR-NP-L,SET,L,White,0.0
8830,SET361-KR-NP-M,SET,M,White,2.0
8831,SET361-KR-NP-S,SET,S,White,1.0
8832,SET361-KR-NP-XL,SET,XL,White,0.0
8833,SET361-KR-NP-XS,SET,XS,White,6.0
8834,SET361-KR-NP-XXL,SET,XXL,White,0.0
8835,SET361-KR-NP-XXXL,SET,XXXL,White,0.0
8836,SET363-KR-NP-L,SET,L,Pink,0.0
8837,SET363-KR-NP-M,SET,M,Pink,0.0
8838,SET363-KR-NP-S,SET,S,Pink,4.0
8839,SET363-KR-NP-XL,SET,XL,Pink,3.0
8840,SET363-KR-NP-XS,SET,XS,Pink,7.0
8841,SET363-KR-NP-XXL,SET,XXL,Pink,2.0
8842,SET363-KR-NP-XXXL,SET,XXXL,Pink,4.0
8843,SET364-KR-NP-L,SET,L,Yellow,3.0
8844,SET364-KR-NP-M,SET,M,Yellow,6.0
8845,SET364-KR-NP-S,SET,S,Yellow,13.0
8846,SET364-KR-NP-XL,SET,XL,Yellow,2.0
8847,SET364-KR-NP-XS,SET,XS,Yellow,4.0
8848,SET364-KR-NP-XXL,SET,XXL,Yellow,8.0
8849,SET364-KR-NP-XXXL,SET,XXXL,Yellow,1.0
8850,SET365-KR-NP-L,SET,L,Pink,7.0
8851,SET365-KR-NP-M,SET,M,Pink,3.0
8852,SET365-KR-NP-S,SET,S,Pink,8.0
8853,SET365-KR-NP-XL,SET,XL,Pink,2.0
8854,SET365-KR-NP-XS,SET,XS,Pink,13.0
8855,SET365-KR-NP-XXL,SET,XXL,Pink,3.0
8856,SET365-KR-NP-XXXL,SET,XXXL,Pink,4.0
8857,SET366-KR-NP-L,SET,L,Pink,33.0
8858,SET366-KR-NP-M,SET,M,Pink,33.0
8859,SET366-KR-NP-S,SET,S,Pink,11.0
8860,SET366-KR-NP-XL,SET,XL,Pink,31.0
8861,SET366-KR-NP-XS,SET,XS,Pink,14.0
8862,SET366-KR-NP-XXL,SET,XXL,Pink,3.0
8863,SET366-KR-NP-XXXL,SET,XXXL,Pink,28.0
8864,SET369-KR-NP-L,SET,L,Light Pink,39.0
8865,SET369-KR-NP-M,SET,M,Light Pink,20.0
8866,SET369-KR-NP-S,SET,S,Light Pink,10.0
8867,SET369-KR-NP-XL,SET,XL,Light Pink,23.0
8868,SET369-KR-NP-XS,SET,XS,Light Pink,0.0
8869,SET369-KR-NP-XXL,SET,XXL,Light Pink,4.0
8870,SET369-KR-NP-XXXL,SET,XXXL,Light Pink,4.0
8871,SET372-KR-PP-L,SET,L,Maroon,42.0
8872,SET372-KR-PP-M,SET,M,Maroon,40.0
8873,SET372-KR-PP-S,SET,S,Maroon,55.0
8874,SET372-KR-PP-XL,SET,XL,Maroon,40.0
8875,SET372-KR-PP-XS,SET,XS,Maroon,64.0
8876,SET372-KR-PP-XXL,SET,XXL,Maroon,46.0
8877,SET372-KR-PP-XXXL,SET,XXXL,Maroon,33.0
8878,SET373-KR-PP-L,SET,L,Maroon,51.0
8879,SET373-KR-PP-M,SET,M,Maroon,47.0
8880,SET373-KR-PP-S,SET,S,Maroon,61.0
8881,SET373-KR-PP-XL,SET,XL,Maroon,38.0
8882,SET373-KR-PP-XS,SET,XS,Maroon,66.0
8883,SET373-KR-PP-XXL,SET,XXL,Maroon,55.0
8884,SET373-KR-PP-XXXL,SET,XXXL,Maroon,52.0
8885,SET374-KR-NP-L,SET,L,Mustard,53.0
8886,SET374-KR-NP-M,SET,M,Mustard,41.0
8887,SET374-KR-NP-S,SET,S,Mustard,34.0
8888,SET374-KR-NP-XL,SET,XL,Mustard,38.0
8889,SET374-KR-NP-XS,SET,XS,Mustard,22.0
8890,SET374-KR-NP-XXL,SET,XXL,Mustard,40.0
8891,SET374-KR-NP-XXXL,SET,XXXL,Mustard,23.0
8892,SET375-KR-NP-L,SET,L,Maroon,8.0
8893,SET375-KR-NP-M,SET,M,Maroon,4.0
8894,SET375-KR-NP-S,SET,S,Maroon,8.0
8895,SET375-KR-NP-XL,SET,XL,Maroon,7.0
8896,SET375-KR-NP-XS,SET,XS,Maroon,14.0
8897,SET375-KR-NP-XXL,SET,XXL,Maroon,39.0
8898,SET375-KR-NP-XXXL,SET,XXXL,Maroon,11.0
8899,SET376-KR-NP-L,SET,L,Dark Green,9.0
8900,SET376-KR-NP-M,SET,M,Dark Green,10.0
8901,SET376-KR-NP-S,SET,S,Dark Green,11.0
8902,SET376-KR-NP-XL,SET,XL,Dark Green,27.0
8903,SET376-KR-NP-XS,SET,XS,Dark Green,11.0
8904,SET376-KR-NP-XXL,SET,XXL,Dark Green,46.0
8905,SET376-KR-NP-XXXL,SET,XXXL,Dark Green,30.0
8906,SET377-KR-NP-L,KURTA SET,L,Sea Green,1.0
8907,SET377-KR-NP-M,KURTA SET,M,Sea Green,2.0
8908,SET377-KR-NP-S,KURTA SET,S,Sea Green,2.0
8909,SET377-KR-NP-XL,KURTA SET,XL,Sea Green,2.0
8910,SET377-KR-NP-XS,KURTA SET,XS,Sea Green,3.0
8911,SET377-KR-NP-XXL,KURTA SET,XXL,Sea Green,5.0
8912,SET377-KR-NP-XXXL,KURTA SET,XXXL,Sea Green,3.0
8913,SET378-KR-NP-L,SET,L,Blue,1.0
8914,SET378-KR-NP-M,SET,M,Blue,3.0
8915,SET378-KR-NP-S,SET,S,Blue,1.0
8916,SET378-KR-NP-XL,SET,XL,Blue,3.0
8917,SET378-KR-NP-XS,SET,XS,Blue,1.0
8918,SET378-KR-NP-XXL,SET,XXL,Blue,5.0
8919,SET378-KR-NP-XXXL,SET,XXXL,Blue,2.0
8920,SET380-KR-NP-L,SET,L,Grey,3.0
8921,SET380-KR-NP-M,SET,M,Grey,5.0
8922,SET380-KR-NP-S,SET,S,Grey,9.0
8923,SET380-KR-NP-XL,SET,XL,Grey,2.0
8924,SET380-KR-NP-XS,SET,XS,Grey,11.0
8925,SET380-KR-NP-XXL,SET,XXL,Grey,2.0
8926,SET380-KR-NP-XXXL,SET,XXXL,Grey,6.0
8927,SET383-KR-NP-L,SET,L,Light Green,4.0
8928,SET383-KR-NP-M,SET,M,Light Green,3.0
8929,SET383-KR-NP-S,SET,S,Light Green,42.0
8930,SET383-KR-NP-XL,SET,XL,Light Green,3.0
8931,SET383-KR-NP-XS,SET,XS,Light Green,48.0
8932,SET383-KR-NP-XXL,SET,XXL,Light Green,7.0
8933,SET383-KR-NP-XXXL,SET,XXXL,Light Green,5.0
8934,SET384-KR-NP-L,SET,L,LIGHT YELLOW,9.0
8935,SET384-KR-NP-M,SET,M,LIGHT YELLOW,6.0
8936,SET384-KR-NP-S,SET,S,LIGHT YELLOW,48.0
8937,SET384-KR-NP-XL,SET,XL,LIGHT YELLOW,11.0
8938,SET384-KR-NP-XS,SET,XS,LIGHT YELLOW,57.0
8939,SET384-KR-NP-XXL,SET,XXL,LIGHT YELLOW,8.0
8940,SET384-KR-NP-XXXL,SET,XXXL,LIGHT YELLOW,5.0
8941,SET385-KR-NP-L,SET,L,Sky Blue,5.0
8942,SET385-KR-NP-M,SET,M,Sky Blue,3.0
8943,SET385-KR-NP-S,SET,S,Sky Blue,26.0
8944,SET385-KR-NP-XL,SET,XL,Sky Blue,3.0
8945,SET385-KR-NP-XS,SET,XS,Sky Blue,35.0
8946,SET385-KR-NP-XXL,SET,XXL,Sky Blue,8.0
8947,SET385-KR-NP-XXXL,SET,XXXL,Sky Blue,2.0
8948,SET386-KR-NP-L,SET,L,Light Pink,4.0
8949,SET386-KR-NP-M,SET,M,Light Pink,2.0
8950,SET386-KR-NP-S,SET,S,Light Pink,26.0
8951,SET386-KR-NP-XL,SET,XL,Light Pink,3.0
8952,SET386-KR-NP-XS,SET,XS,Light Pink,43.0
8953,SET386-KR-NP-XXL,SET,XXL,Light Pink,2.0
8954,SET386-KR-NP-XXXL,SET,XXXL,Light Pink,3.0
8955,SET388-KR-NP-L,SET,L,White,0.0
8956,SET388-KR-NP-M,SET,M,White,0.0
8957,SET388-KR-NP-S,SET,S,White,0.0
8958,SET388-KR-NP-XL,SET,XL,White,2.0
8959,SET388-KR-NP-XS,SET,XS,White,0.0
8960,SET388-KR-NP-XXL,SET,XXL,White,1.0
8961,SET388-KR-NP-XXXL,SET,XXXL,White,2.0
8962,SET389-KR-NP-L,SET,L,White,2.0
8963,SET389-KR-NP-M,SET,M,White,3.0
8964,SET389-KR-NP-S,SET,S,White,32.0
8965,SET389-KR-NP-XL,SET,XL,White,4.0
8966,SET389-KR-NP-XS,SET,XS,White,49.0
8967,SET389-KR-NP-XXL,SET,XXL,White,5.0
8968,SET389-KR-NP-XXXL,SET,XXXL,White,2.0
8969,SET390-KR-NP-L,SET,L,Light Green,2.0
8970,SET390-KR-NP-M,SET,M,Light Green,68.0
8971,SET390-KR-NP-S,SET,S,Light Green,61.0
8972,SET390-KR-NP-XL,SET,XL,Light Green,65.0
8973,SET390-KR-NP-XS,SET,XS,Light Green,38.0
8974,SET390-KR-NP-XXL,SET,XXL,Light Green,88.0
8975,SET390-KR-NP-XXXL,SET,XXXL,Light Green,60.0
8976,SET392-KR-NP-L,SET,L,Peach,3.0
8977,SET392-KR-NP-M,SET,M,Peach,6.0
8978,SET392-KR-NP-S,SET,S,Peach,5.0
8979,SET392-KR-NP-XL,SET,XL,Peach,4.0
8980,SET392-KR-NP-XS,SET,XS,Peach,4.0
8981,SET392-KR-NP-XXL,SET,XXL,Peach,2.0
8982,SET392-KR-NP-XXXL,SET,XXXL,Peach,2.0
8983,SET393-KR-NP-L,SET,L,Blue,3.0
8984,SET393-KR-NP-M,SET,M,Blue,4.0
8985,SET393-KR-NP-S,SET,S,Blue,6.0
8986,SET393-KR-NP-XL,SET,XL,Blue,3.0
8987,SET393-KR-NP-XS,SET,XS,Blue,6.0
8988,SET393-KR-NP-XXL,SET,XXL,Blue,2.0
8989,SET393-KR-NP-XXXL,SET,XXXL,Blue,4.0
8990,SET394-KR-NP-L,SET,L,Maroon,2.0
8991,SET394-KR-NP-M,SET,M,Maroon,1.0
8992,SET394-KR-NP-S,SET,S,Maroon,4.0
8993,SET394-KR-NP-XL,SET,XL,Maroon,3.0
8994,SET394-KR-NP-XS,SET,XS,Maroon,4.0
8995,SET394-KR-NP-XXL,SET,XXL,Maroon,14.0
8996,SET394-KR-NP-XXXL,SET,XXXL,Maroon,31.0
8997,SET395-KR-NP-L,KURTA SET,L,Sea Green,44.0
8998,SET395-KR-NP-M,KURTA SET,M,Sea Green,46.0
8999,SET395-KR-NP-S,KURTA SET,S,Sea Green,78.0
9000,SET395-KR-NP-XL,KURTA SET,XL,Sea Green,45.0
9001,SET395-KR-NP-XS,KURTA SET,XS,Sea Green,59.0
9002,SET395-KR-NP-XXL,KURTA SET,XXL,Sea Green,38.0
9003,SET395-KR-NP-XXXL,KURTA SET,XXXL,Sea Green,31.0
9004,SET396-KR-PP-L,KURTA SET,L,White,9.0
9005,SET396-KR-PP-M,KURTA SET,M,White,11.0
9006,SET396-KR-PP-S,KURTA SET,S,White,60.0
9007,SET396-KR-PP-XL,KURTA SET,XL,White,5.0
9008,SET396-KR-PP-XS,KURTA SET,XS,White,59.0
9009,SET396-KR-PP-XXL,KURTA SET,XXL,White,26.0
9010,SET396-KR-PP-XXXL,KURTA SET,XXXL,White,14.0
9011,SET397-KR-NP-L,KURTA SET,L,TEAL BLUE ,2.0
9012,SET397-KR-NP-M,KURTA SET,M,TEAL BLUE ,8.0
9013,SET397-KR-NP-S,KURTA SET,S,TEAL BLUE ,3.0
9014,SET397-KR-NP-XL,KURTA SET,XL,TEAL BLUE ,3.0
9015,SET397-KR-NP-XS,KURTA SET,XS,TEAL BLUE ,6.0
9016,SET397-KR-NP-XXL,KURTA SET,XXL,TEAL BLUE ,3.0
9017,SET397-KR-NP-XXXL,KURTA SET,XXXL,TEAL BLUE ,2.0
9018,SET398-KR-PP-L,KURTA SET,L,Peach,2.0
9019,SET398-KR-PP-M,KURTA SET,M,Peach,4.0
9020,SET398-KR-PP-S,KURTA SET,S,Peach,14.0
9021,SET398-KR-PP-XL,KURTA SET,XL,Peach,6.0
9022,SET398-KR-PP-XS,KURTA SET,XS,Peach,12.0
9023,SET398-KR-PP-XXL,KURTA SET,XXL,Peach,6.0
9024,SET398-KR-PP-XXXL,KURTA SET,XXXL,Peach,4.0
9025,SET400-KR-NP-L,SET,L,Blue,14.0
9026,SET400-KR-NP-M,SET,M,Blue,48.0
9027,SET400-KR-NP-S,SET,S,Blue,73.0
9028,SET400-KR-NP-XL,SET,XL,Blue,38.0
9029,SET400-KR-NP-XS,SET,XS,Blue,57.0
9030,SET400-KR-NP-XXL,SET,XXL,Blue,53.0
9031,SET400-KR-NP-XXXL,SET,XXXL,Blue,26.0
9032,SET401-KR-NP-L,SET,L,Black,2.0
9033,SET401-KR-NP-M,SET,M,Black,7.0
9034,SET401-KR-NP-S,SET,S,Black,14.0
9035,SET401-KR-NP-XL,SET,XL,Black,2.0
9036,SET401-KR-NP-XS,SET,XS,Black,37.0
9037,SET401-KR-NP-XXL,SET,XXL,Black,8.0
9038,SET401-KR-NP-XXXL,SET,XXXL,Black,24.0
9039,SET402-KR-NP-L,SET,L,Sea Green,6.0
9040,SET402-KR-NP-M,SET,M,Sea Green,8.0
9041,SET402-KR-NP-S,SET,S,Sea Green,28.0
9042,SET402-KR-NP-XL,SET,XL,Sea Green,8.0
9043,SET402-KR-NP-XS,SET,XS,Sea Green,61.0
9044,SET402-KR-NP-XXL,SET,XXL,Sea Green,10.0
9045,SET402-KR-NP-XXXL,SET,XXXL,Sea Green,10.0
9046,SET403-KR-NP-L,SET,L,Green,44.0
9047,SET403-KR-NP-M,SET,M,Green,56.0
9048,SET403-KR-NP-S,SET,S,Green,51.0
9049,SET403-KR-NP-XL,SET,XL,Green,35.0
9050,SET403-KR-NP-XS,SET,XS,Green,48.0
9051,SET403-KR-NP-XXL,SET,XXL,Green,53.0
9052,SET403-KR-NP-XXXL,SET,XXXL,Green,43.0
9053,SET404-KR-NP-L,SET,L,White,44.0
9054,SET404-KR-NP-M,SET,M,White,61.0
9055,SET404-KR-NP-S,SET,S,White,67.0
9056,SET404-KR-NP-XL,SET,XL,White,55.0
9057,SET404-KR-NP-XS,SET,XS,White,52.0
9058,SET404-KR-NP-XXL,SET,XXL,White,49.0
9059,SET404-KR-NP-XXXL,SET,XXXL,White,43.0
9060,SET405-KR-NP-L,SET,L,Red,8.0
9061,SET405-KR-NP-M,SET,M,Red,6.0
9062,SET405-KR-NP-S,SET,S,Red,38.0
9063,SET405-KR-NP-XL,SET,XL,Red,17.0
9064,SET405-KR-NP-XS,SET,XS,Red,22.0
9065,SET405-KR-NP-XXL,SET,XXL,Red,29.0
9066,SET405-KR-NP-XXXL,SET,XXXL,Red,53.0
9067,SET408-KR-NP-L,SET,L,Magenta,19.0
9068,SET408-KR-NP-M,SET,M,Magenta,2.0
9069,SET408-KR-NP-S,SET,S,Magenta,52.0
9070,SET408-KR-NP-XL,SET,XL,Magenta,16.0
9071,SET408-KR-NP-XS,SET,XS,Magenta,42.0
9072,SET408-KR-NP-XXL,SET,XXL,Magenta,33.0
9073,SET408-KR-NP-XXXL,SET,XXXL,Magenta,3.0
9074,SET409-KR-NP-L,SET,L,Wine,75.0
9075,SET409-KR-NP-M,SET,M,Wine,64.0
9076,SET409-KR-NP-S,SET,S,Wine,81.0
9077,SET409-KR-NP-XL,SET,XL,Wine,73.0
9078,SET409-KR-NP-XS,SET,XS,Wine,65.0
9079,SET409-KR-NP-XXL,SET,XXL,Wine,74.0
9080,SET409-KR-NP-XXXL,SET,XXXL,Wine,57.0
9081,SET410-KR-NP-L,SET,L,Green,23.0
9082,SET410-KR-NP-M,SET,M,Green,35.0
9083,SET410-KR-NP-S,SET,S,Green,36.0
9084,SET410-KR-NP-XL,SET,XL,Green,31.0
9085,SET410-KR-NP-XS,SET,XS,Green,42.0
9086,SET410-KR-NP-XXL,SET,XXL,Green,37.0
9087,SET410-KR-NP-XXXL,SET,XXXL,Green,36.0
9088,SET413-KR-NP-L,SET,L,Navy Blue,8.0
9089,SET413-KR-NP-M,SET,M,Navy Blue,6.0
9090,SET413-KR-NP-S,SET,S,Navy Blue,21.0
9091,SET413-KR-NP-XL,SET,XL,Navy Blue,11.0
9092,SET413-KR-NP-XS,SET,XS,Navy Blue,7.0
9093,SET413-KR-NP-XXL,SET,XXL,Navy Blue,22.0
9094,SET413-KR-NP-XXXL,SET,XXXL,Navy Blue,13.0
9095,SET414-KR-NP-L,SET,L,Navy Blue,45.0
9096,SET414-KR-NP-M,SET,M,Navy Blue,46.0
9097,SET414-KR-NP-S,SET,S,Navy Blue,59.0
9098,SET414-KR-NP-XL,SET,XL,Navy Blue,27.0
9099,SET414-KR-NP-XS,SET,XS,Navy Blue,48.0
9100,SET414-KR-NP-XXL,SET,XXL,Navy Blue,45.0
9101,SET414-KR-NP-XXXL,SET,XXXL,Navy Blue,34.0
9102,SET415-KR-NP-L,SET,L,Green,31.0
9103,SET415-KR-NP-M,SET,M,Green,42.0
9104,SET415-KR-NP-S,SET,S,Green,60.0
9105,SET415-KR-NP-XL,SET,XL,Green,34.0
9106,SET415-KR-NP-XS,SET,XS,Green,49.0
9107,SET415-KR-NP-XXL,SET,XXL,Green,56.0
9108,SET415-KR-NP-XXXL,SET,XXXL,Green,34.0
9109,SET431-KR-NP-L,SET,L,Brown,53.0
9110,SET431-KR-NP-M,SET,M,Brown,68.0
9111,SET431-KR-NP-S,SET,S,Brown,98.0
9112,SET431-KR-NP-XL,SET,XL,Brown,96.0
9113,SET431-KR-NP-XS,SET,XS,Brown,56.0
9114,SET431-KR-NP-XXL,SET,XXL,Brown,94.0
9115,SET431-KR-NP-XXXL,SET,XXXL,Brown,70.0
9116,SET432-KR-PP-L,SET,L,Wine,89.0
9117,SET432-KR-PP-M,SET,M,Wine,83.0
9118,SET432-KR-PP-S,SET,S,Wine,88.0
9119,SET432-KR-PP-XL,SET,XL,Wine,91.0
9120,SET432-KR-PP-XS,SET,XS,Wine,50.0
9121,SET432-KR-PP-XXL,SET,XXL,Wine,91.0
9122,SET432-KR-PP-XXXL,SET,XXXL,Wine,69.0
9123,SET433-KR-NP-L,SET,L,Teal,50.0
9124,SET433-KR-NP-M,SET,M,Teal,44.0
9125,SET433-KR-NP-S,SET,S,Teal,61.0
9126,SET433-KR-NP-XL,SET,XL,Teal,31.0
9127,SET433-KR-NP-XS,SET,XS,Teal,54.0
9128,SET433-KR-NP-XXL,SET,XXL,Teal,43.0
9129,SET433-KR-NP-XXXL,SET,XXXL,Teal,42.0
9130,SET435-KR-NP-L,SET,L,Yellow,22.0
9131,SET435-KR-NP-M,SET,M,Yellow,20.0
9132,SET435-KR-NP-S,SET,S,Yellow,45.0
9133,SET435-KR-NP-XL,SET,XL,Yellow,40.0
9134,SET435-KR-NP-XS,SET,XS,Yellow,52.0
9135,SET435-KR-NP-XXL,SET,XXL,Yellow,32.0
9136,SET435-KR-NP-XXXL,SET,XXXL,Yellow,37.0
9137,SET436-KR-NP-L,SET,L,Pink,34.0
9138,SET436-KR-NP-M,SET,M,Pink,14.0
9139,SET436-KR-NP-S,SET,S,Pink,21.0
9140,SET436-KR-NP-XL,SET,XL,Pink,22.0
9141,SET436-KR-NP-XS,SET,XS,Pink,41.0
9142,SET436-KR-NP-XXL,SET,XXL,Pink,36.0
9143,SET436-KR-NP-XXXL,SET,XXXL,Pink,7.0
9144,SET437-KR-PP-L,SET,L,Wine,72.0
9145,SET437-KR-PP-M,SET,M,Wine,77.0
9146,SET437-KR-PP-S,SET,S,Wine,75.0
9147,SET437-KR-PP-XL,SET,XL,Wine,70.0
9148,SET437-KR-PP-XS,SET,XS,Wine,69.0
9149,SET437-KR-PP-XXL,SET,XXL,Wine,72.0
9150,SET437-KR-PP-XXXL,SET,XXXL,Wine,67.0
9151,SET438-KR-NP-L,SET,L,Pink,66.0
9152,SET438-KR-NP-M,SET,M,Pink,69.0
9153,SET438-KR-NP-S,SET,S,Pink,68.0
9154,SET438-KR-NP-XL,SET,XL,Pink,66.0
9155,SET438-KR-NP-XS,SET,XS,Pink,62.0
9156,SET438-KR-NP-XXL,SET,XXL,Pink,64.0
9157,SET438-KR-NP-XXXL,SET,XXXL,Pink,61.0
9158,SET440-KR-PP-L,SET,L,Maroon,65.0
9159,SET440-KR-PP-M,SET,M,Maroon,66.0
9160,SET440-KR-PP-S,SET,S,Maroon,64.0
9161,SET440-KR-PP-XL,SET,XL,Maroon,66.0
9162,SET440-KR-PP-XS,SET,XS,Maroon,60.0
9163,SET440-KR-PP-XXL,SET,XXL,Maroon,35.0
9164,SET440-KR-PP-XXXL,SET,XXXL,Maroon,53.0
9165,SET442-KR-NP-L,SET,L,Sky Blue,26.0
9166,SET442-KR-NP-M,SET,M,Sky Blue,49.0
9167,SET442-KR-NP-S,SET,S,Sky Blue,51.0
9168,SET442-KR-NP-XL,SET,XL,Sky Blue,29.0
9169,SET442-KR-NP-XS,SET,XS,Sky Blue,45.0
9170,SET442-KR-NP-XXL,SET,XXL,Sky Blue,44.0
9171,SET442-KR-NP-XXXL,SET,XXXL,Sky Blue,43.0
9172,SET444-KR-SH-L,SET,L,Peach,28.0
9173,SET444-KR-SH-M,SET,M,Peach,34.0
9174,SET444-KR-SH-S,SET,S,Peach,44.0
9175,SET444-KR-SH-XL,SET,XL,Peach,44.0
9176,SET444-KR-SH-XS,SET,XS,Peach,17.0
9177,SET444-KR-SH-XXL,SET,XXL,Peach,12.0
9178,SET444-KR-SH-XXXL,SET,XXXL,Peach,17.0
9179,SET445-KR-NP-L,SET,L,Pink,61.0
9180,SET445-KR-NP-M,SET,M,Pink,59.0
9181,SET445-KR-NP-S,SET,S,Pink,75.0
9182,SET445-KR-NP-XL,SET,XL,Pink,38.0
9183,SET445-KR-NP-XS,SET,XS,Pink,40.0
9184,SET445-KR-NP-XXL,SET,XXL,Pink,76.0
9185,SET445-KR-NP-XXXL,SET,XXXL,Pink,40.0
9186,SET446-KR-NP-L,SET,L,Teal,17.0
9187,SET446-KR-NP-M,SET,M,Teal,40.0
9188,SET446-KR-NP-S,SET,S,Teal,77.0
9189,SET446-KR-NP-XL,SET,XL,Teal,38.0
9190,SET446-KR-NP-XS,SET,XS,Teal,39.0
9191,SET446-KR-NP-XXL,SET,XXL,Teal,38.0
9192,SET446-KR-NP-XXXL,SET,XXXL,Teal,40.0
9193,SET448-KR-PP-L,SET,L,Dark Blue,51.0
9194,SET448-KR-PP-M,SET,M,Dark Blue,79.0
9195,SET448-KR-PP-S,SET,S,Dark Blue,59.0
9196,SET448-KR-PP-XL,SET,XL,Dark Blue,60.0
9197,SET448-KR-PP-XS,SET,XS,Dark Blue,62.0
9198,SET448-KR-PP-XXL,SET,XXL,Dark Blue,60.0
9199,SET448-KR-PP-XXXL,SET,XXXL,Dark Blue,65.0
9200,SET449-KR-NP-L,SET,L,Wine,35.0
9201,SET449-KR-NP-M,SET,M,Wine,35.0
9202,SET449-KR-NP-S,SET,S,Wine,35.0
9203,SET449-KR-NP-XL,SET,XL,Wine,33.0
9204,SET449-KR-NP-XS,SET,XS,Wine,40.0
9205,SET449-KR-NP-XXL,SET,XXL,Wine,76.0
9206,SET449-KR-NP-XXXL,SET,XXXL,Wine,61.0
9207,SET461-KR-NP-L,SET,L,Peach,74.0
9208,SET461-KR-NP-M,SET,M,Peach,73.0
9209,SET461-KR-NP-S,SET,S,Peach,73.0
9210,SET461-KR-NP-XL,SET,XL,Peach,74.0
9211,SET461-KR-NP-XS,SET,XS,Peach,57.0
9212,SET461-KR-NP-XXL,SET,XXL,Peach,74.0
9213,SET461-KR-NP-XXXL,SET,XXXL,Peach,57.0
9214,SET462-KR-NP-L,SET,L,Teal,67.0
9215,SET462-KR-NP-M,SET,M,Teal,60.0
9216,SET462-KR-NP-S,SET,S,Teal,44.0
9217,SET462-KR-NP-XL,SET,XL,Teal,58.0
9218,SET462-KR-NP-XS,SET,XS,Teal,20.0
9219,SET462-KR-NP-XXL,SET,XXL,Teal,66.0
9220,SET462-KR-NP-XXXL,SET,XXXL,Teal,40.0
9221,,,,,
